[2026-03-26 11:50:35] local.ERROR: SQLSTATE[42S01]: Base table or view already exists: 1050 Table 'oauth_auth_codes' already exists (Connection: mysql, Host: 127.0.0.1, Port: 3306, Database: passport_api, SQL: create table `oauth_auth_codes` (`id` char(80) not null, `user_id` bigint unsigned not null, `client_id` char(36) not null, `scopes` text null, `revoked` tinyint(1) not null, `expires_at` datetime null, primary key (`id`)) default character set utf8mb4 collate 'utf8mb4_unicode_ci') {"exception":"[object] (Illuminate\\Database\\QueryException(code: 42S01): SQLSTATE[42S01]: Base table or view already exists: 1050 Table 'oauth_auth_codes' already exists (Connection: mysql, Host: 127.0.0.1, Port: 3306, Database: passport_api, SQL: create table `oauth_auth_codes` (`id` char(80) not null, `user_id` bigint unsigned not null, `client_id` char(36) not null, `scopes` text null, `revoked` tinyint(1) not null, `expires_at` datetime null, primary key (`id`)) default character set utf8mb4 collate 'utf8mb4_unicode_ci') at E:/laravel_project/passport-api/vendor/laravel/framework/src/Illuminate/Database/Connection.php:838)
[stacktrace]
#0 E:/laravel_project/passport-api/vendor/laravel/framework/src/Illuminate/Database/Connection.php(794): Illuminate/Database/Connection->runQueryCallback('create table `o...', Array, Object(Closure))
#1 E:/laravel_project/passport-api/vendor/laravel/framework/src/Illuminate/Database/Connection.php(573): Illuminate/Database/Connection->run('create table `o...', Array, Object(Closure))
#2 E:/laravel_project/passport-api/vendor/laravel/framework/src/Illuminate/Database/Schema/Blueprint.php(121): Illuminate/Database/Connection->statement('create table `o...')
#3 E:/laravel_project/passport-api/vendor/laravel/framework/src/Illuminate/Database/Schema/Builder.php(686): Illuminate/Database/Schema/Blueprint->build()
#4 E:/laravel_project/passport-api/vendor/laravel/framework/src/Illuminate/Database/Schema/Builder.php(506): Illuminate/Database/Schema/Builder->build(Object(Illuminate/Database/Schema/Blueprint))
#5 E:/laravel_project/passport-api/vendor/laravel/framework/src/Illuminate/Support/Facades/Facade.php(363): Illuminate/Database/Schema/Builder->create('oauth_auth_code...', Object(Closure))
#6 E:/laravel_project/passport-api/database/migrations/2026_03_26_115035_create_oauth_auth_codes_table.php(14): Illuminate/Support/Facades/Facade::__callStatic('create', Array)
#7 E:/laravel_project/passport-api/vendor/laravel/framework/src/Illuminate/Database/Migrations/Migrator.php(517): Illuminate/Database/Migrations/Migration@anonymous->up()
#8 E:/laravel_project/passport-api/vendor/laravel/framework/src/Illuminate/Database/Migrations/Migrator.php(442): Illuminate/Database/Migrations/Migrator->runMethod(Object(Illuminate/Database/MySqlConnection), Object(Illuminate/Database/Migrations/Migration@anonymous), 'up')
#9 E:/laravel_project/passport-api/vendor/laravel/framework/src/Illuminate/Database/Migrations/Migrator.php(451): Illuminate/Database/Migrations/Migrator->Illuminate/Database/Migrations/{closure}()
#10 E:/laravel_project/passport-api/vendor/laravel/framework/src/Illuminate/Database/Migrations/Migrator.php(253): Illuminate/Database/Migrations/Migrator->runMigration(Object(Illuminate/Database/Migrations/Migration@anonymous), 'up')
#11 E:/laravel_project/passport-api/vendor/laravel/framework/src/Illuminate/Console/View/Components/Task.php(41): Illuminate/Database/Migrations/Migrator->Illuminate/Database/Migrations/{closure}()
#12 E:/laravel_project/passport-api/vendor/laravel/framework/src/Illuminate/Database/Migrations/Migrator.php(814): Illuminate/Console/View/Components/Task->render('2026_03_26_1150...', Object(Closure))
#13 E:/laravel_project/passport-api/vendor/laravel/framework/src/Illuminate/Database/Migrations/Migrator.php(253): Illuminate/Database/Migrations/Migrator->write('Illuminate//Cons...', '2026_03_26_1150...', Object(Closure))
#14 E:/laravel_project/passport-api/vendor/laravel/framework/src/Illuminate/Database/Migrations/Migrator.php(211): Illuminate/Database/Migrations/Migrator->runUp('E://laravel_proj...', 2, false)
#15 E:/laravel_project/passport-api/vendor/laravel/framework/src/Illuminate/Database/Migrations/Migrator.php(138): Illuminate/Database/Migrations/Migrator->runPending(Array, Array)
#16 E:/laravel_project/passport-api/vendor/laravel/framework/src/Illuminate/Database/Console/Migrations/MigrateCommand.php(116): Illuminate/Database/Migrations/Migrator->run(Array, Array)
#17 E:/laravel_project/passport-api/vendor/laravel/framework/src/Illuminate/Database/Migrations/Migrator.php(671): Illuminate/Database/Console/Migrations/MigrateCommand->Illuminate/Database/Console/Migrations/{closure}()
#18 E:/laravel_project/passport-api/vendor/laravel/framework/src/Illuminate/Database/Console/Migrations/MigrateCommand.php(109): Illuminate/Database/Migrations/Migrator->usingConnection(NULL, Object(Closure))
#19 E:/laravel_project/passport-api/vendor/laravel/framework/src/Illuminate/Database/Console/Migrations/MigrateCommand.php(88): Illuminate/Database/Console/Migrations/MigrateCommand->runMigrations()
#20 E:/laravel_project/passport-api/vendor/laravel/framework/src/Illuminate/Container/BoundMethod.php(36): Illuminate/Database/Console/Migrations/MigrateCommand->handle()
#21 E:/laravel_project/passport-api/vendor/laravel/framework/src/Illuminate/Container/Util.php(43): Illuminate/Container/BoundMethod::Illuminate/Container/{closure}()
#22 E:/laravel_project/passport-api/vendor/laravel/framework/src/Illuminate/Container/BoundMethod.php(96): Illuminate/Container/Util::unwrapIfClosure(Object(Closure))
#23 E:/laravel_project/passport-api/vendor/laravel/framework/src/Illuminate/Container/BoundMethod.php(35): Illuminate/Container/BoundMethod::callBoundMethod(Object(Illuminate/Foundation/Application), Array, Object(Closure))
#24 E:/laravel_project/passport-api/vendor/laravel/framework/src/Illuminate/Container/Container.php(799): Illuminate/Container/BoundMethod::call(Object(Illuminate/Foundation/Application), Array, Array, NULL)
#25 E:/laravel_project/passport-api/vendor/laravel/framework/src/Illuminate/Console/Command.php(211): Illuminate/Container/Container->call(Array)
#26 E:/laravel_project/passport-api/vendor/symfony/console/Command/Command.php(341): Illuminate/Console/Command->execute(Object(Symfony/Component/Console/Input/ArgvInput), Object(Illuminate/Console/OutputStyle))
#27 E:/laravel_project/passport-api/vendor/laravel/framework/src/Illuminate/Console/Command.php(180): Symfony/Component/Console/Command/Command->run(Object(Symfony/Component/Console/Input/ArgvInput), Object(Illuminate/Console/OutputStyle))
#28 E:/laravel_project/passport-api/vendor/symfony/console/Application.php(1117): Illuminate/Console/Command->run(Object(Symfony/Component/Console/Input/ArgvInput), Object(Symfony/Component/Console/Output/ConsoleOutput))
#29 E:/laravel_project/passport-api/vendor/symfony/console/Application.php(356): Symfony/Component/Console/Application->doRunCommand(Object(Illuminate/Database/Console/Migrations/MigrateCommand), Object(Symfony/Component/Console/Input/ArgvInput), Object(Symfony/Component/Console/Output/ConsoleOutput))
#30 E:/laravel_project/passport-api/vendor/symfony/console/Application.php(195): Symfony/Component/Console/Application->doRun(Object(Symfony/Component/Console/Input/ArgvInput), Object(Symfony/Component/Console/Output/ConsoleOutput))
#31 E:/laravel_project/passport-api/vendor/laravel/framework/src/Illuminate/Foundation/Console/Kernel.php(198): Symfony/Component/Console/Application->run(Object(Symfony/Component/Console/Input/ArgvInput), Object(Symfony/Component/Console/Output/ConsoleOutput))
#32 E:/laravel_project/passport-api/vendor/laravel/framework/src/Illuminate/Foundation/Application.php(1235): Illuminate/Foundation/Console/Kernel->handle(Object(Symfony/Component/Console/Input/ArgvInput), Object(Symfony/Component/Console/Output/ConsoleOutput))
#33 E:/laravel_project/passport-api/artisan(16): Illuminate/Foundation/Application->handleCommand(Object(Symfony/Component/Console/Input/ArgvInput))
#34 {main}

[previous exception] [object] (PDOException(code: 42S01): SQLSTATE[42S01]: Base table or view already exists: 1050 Table 'oauth_auth_codes' already exists at E:/laravel_project/passport-api/vendor/laravel/framework/src/Illuminate/Database/Connection.php:584)
[stacktrace]
#0 E:/laravel_project/passport-api/vendor/laravel/framework/src/Illuminate/Database/Connection.php(584): PDOStatement->execute()
#1 E:/laravel_project/passport-api/vendor/laravel/framework/src/Illuminate/Database/Connection.php(827): Illuminate/Database/Connection->Illuminate/Database/{closure}('create table `o...', Array)
#2 E:/laravel_project/passport-api/vendor/laravel/framework/src/Illuminate/Database/Connection.php(794): Illuminate/Database/Connection->runQueryCallback('create table `o...', Array, Object(Closure))
#3 E:/laravel_project/passport-api/vendor/laravel/framework/src/Illuminate/Database/Connection.php(573): Illuminate/Database/Connection->run('create table `o...', Array, Object(Closure))
#4 E:/laravel_project/passport-api/vendor/laravel/framework/src/Illuminate/Database/Schema/Blueprint.php(121): Illuminate/Database/Connection->statement('create table `o...')
#5 E:/laravel_project/passport-api/vendor/laravel/framework/src/Illuminate/Database/Schema/Builder.php(686): Illuminate/Database/Schema/Blueprint->build()
#6 E:/laravel_project/passport-api/vendor/laravel/framework/src/Illuminate/Database/Schema/Builder.php(506): Illuminate/Database/Schema/Builder->build(Object(Illuminate/Database/Schema/Blueprint))
#7 E:/laravel_project/passport-api/vendor/laravel/framework/src/Illuminate/Support/Facades/Facade.php(363): Illuminate/Database/Schema/Builder->create('oauth_auth_code...', Object(Closure))
#8 E:/laravel_project/passport-api/database/migrations/2026_03_26_115035_create_oauth_auth_codes_table.php(14): Illuminate/Support/Facades/Facade::__callStatic('create', Array)
#9 E:/laravel_project/passport-api/vendor/laravel/framework/src/Illuminate/Database/Migrations/Migrator.php(517): Illuminate/Database/Migrations/Migration@anonymous->up()
#10 E:/laravel_project/passport-api/vendor/laravel/framework/src/Illuminate/Database/Migrations/Migrator.php(442): Illuminate/Database/Migrations/Migrator->runMethod(Object(Illuminate/Database/MySqlConnection), Object(Illuminate/Database/Migrations/Migration@anonymous), 'up')
#11 E:/laravel_project/passport-api/vendor/laravel/framework/src/Illuminate/Database/Migrations/Migrator.php(451): Illuminate/Database/Migrations/Migrator->Illuminate/Database/Migrations/{closure}()
#12 E:/laravel_project/passport-api/vendor/laravel/framework/src/Illuminate/Database/Migrations/Migrator.php(253): Illuminate/Database/Migrations/Migrator->runMigration(Object(Illuminate/Database/Migrations/Migration@anonymous), 'up')
#13 E:/laravel_project/passport-api/vendor/laravel/framework/src/Illuminate/Console/View/Components/Task.php(41): Illuminate/Database/Migrations/Migrator->Illuminate/Database/Migrations/{closure}()
#14 E:/laravel_project/passport-api/vendor/laravel/framework/src/Illuminate/Database/Migrations/Migrator.php(814): Illuminate/Console/View/Components/Task->render('2026_03_26_1150...', Object(Closure))
#15 E:/laravel_project/passport-api/vendor/laravel/framework/src/Illuminate/Database/Migrations/Migrator.php(253): Illuminate/Database/Migrations/Migrator->write('Illuminate//Cons...', '2026_03_26_1150...', Object(Closure))
#16 E:/laravel_project/passport-api/vendor/laravel/framework/src/Illuminate/Database/Migrations/Migrator.php(211): Illuminate/Database/Migrations/Migrator->runUp('E://laravel_proj...', 2, false)
#17 E:/laravel_project/passport-api/vendor/laravel/framework/src/Illuminate/Database/Migrations/Migrator.php(138): Illuminate/Database/Migrations/Migrator->runPending(Array, Array)
#18 E:/laravel_project/passport-api/vendor/laravel/framework/src/Illuminate/Database/Console/Migrations/MigrateCommand.php(116): Illuminate/Database/Migrations/Migrator->run(Array, Array)
#19 E:/laravel_project/passport-api/vendor/laravel/framework/src/Illuminate/Database/Migrations/Migrator.php(671): Illuminate/Database/Console/Migrations/MigrateCommand->Illuminate/Database/Console/Migrations/{closure}()
#20 E:/laravel_project/passport-api/vendor/laravel/framework/src/Illuminate/Database/Console/Migrations/MigrateCommand.php(109): Illuminate/Database/Migrations/Migrator->usingConnection(NULL, Object(Closure))
#21 E:/laravel_project/passport-api/vendor/laravel/framework/src/Illuminate/Database/Console/Migrations/MigrateCommand.php(88): Illuminate/Database/Console/Migrations/MigrateCommand->runMigrations()
#22 E:/laravel_project/passport-api/vendor/laravel/framework/src/Illuminate/Container/BoundMethod.php(36): Illuminate/Database/Console/Migrations/MigrateCommand->handle()
#23 E:/laravel_project/passport-api/vendor/laravel/framework/src/Illuminate/Container/Util.php(43): Illuminate/Container/BoundMethod::Illuminate/Container/{closure}()
#24 E:/laravel_project/passport-api/vendor/laravel/framework/src/Illuminate/Container/BoundMethod.php(96): Illuminate/Container/Util::unwrapIfClosure(Object(Closure))
#25 E:/laravel_project/passport-api/vendor/laravel/framework/src/Illuminate/Container/BoundMethod.php(35): Illuminate/Container/BoundMethod::callBoundMethod(Object(Illuminate/Foundation/Application), Array, Object(Closure))
#26 E:/laravel_project/passport-api/vendor/laravel/framework/src/Illuminate/Container/Container.php(799): Illuminate/Container/BoundMethod::call(Object(Illuminate/Foundation/Application), Array, Array, NULL)
#27 E:/laravel_project/passport-api/vendor/laravel/framework/src/Illuminate/Console/Command.php(211): Illuminate/Container/Container->call(Array)
#28 E:/laravel_project/passport-api/vendor/symfony/console/Command/Command.php(341): Illuminate/Console/Command->execute(Object(Symfony/Component/Console/Input/ArgvInput), Object(Illuminate/Console/OutputStyle))
#29 E:/laravel_project/passport-api/vendor/laravel/framework/src/Illuminate/Console/Command.php(180): Symfony/Component/Console/Command/Command->run(Object(Symfony/Component/Console/Input/ArgvInput), Object(Illuminate/Console/OutputStyle))
#30 E:/laravel_project/passport-api/vendor/symfony/console/Application.php(1117): Illuminate/Console/Command->run(Object(Symfony/Component/Console/Input/ArgvInput), Object(Symfony/Component/Console/Output/ConsoleOutput))
#31 E:/laravel_project/passport-api/vendor/symfony/console/Application.php(356): Symfony/Component/Console/Application->doRunCommand(Object(Illuminate/Database/Console/Migrations/MigrateCommand), Object(Symfony/Component/Console/Input/ArgvInput), Object(Symfony/Component/Console/Output/ConsoleOutput))
#32 E:/laravel_project/passport-api/vendor/symfony/console/Application.php(195): Symfony/Component/Console/Application->doRun(Object(Symfony/Component/Console/Input/ArgvInput), Object(Symfony/Component/Console/Output/ConsoleOutput))
#33 E:/laravel_project/passport-api/vendor/laravel/framework/src/Illuminate/Foundation/Console/Kernel.php(198): Symfony/Component/Console/Application->run(Object(Symfony/Component/Console/Input/ArgvInput), Object(Symfony/Component/Console/Output/ConsoleOutput))
#34 E:/laravel_project/passport-api/vendor/laravel/framework/src/Illuminate/Foundation/Application.php(1235): Illuminate/Foundation/Console/Kernel->handle(Object(Symfony/Component/Console/Input/ArgvInput), Object(Symfony/Component/Console/Output/ConsoleOutput))
#35 E:/laravel_project/passport-api/artisan(16): Illuminate/Foundation/Application->handleCommand(Object(Symfony/Component/Console/Input/ArgvInput))
#36 {main}
"} 
[2026-03-26 11:55:05] local.ERROR: SQLSTATE[42S01]: Base table or view already exists: 1050 Table 'oauth_auth_codes' already exists (Connection: mysql, Host: 127.0.0.1, Port: 3306, Database: passport_api, SQL: create table `oauth_auth_codes` (`id` char(80) not null, `user_id` bigint unsigned not null, `client_id` char(36) not null, `scopes` text null, `revoked` tinyint(1) not null, `expires_at` datetime null, primary key (`id`)) default character set utf8mb4 collate 'utf8mb4_unicode_ci') {"exception":"[object] (Illuminate\\Database\\QueryException(code: 42S01): SQLSTATE[42S01]: Base table or view already exists: 1050 Table 'oauth_auth_codes' already exists (Connection: mysql, Host: 127.0.0.1, Port: 3306, Database: passport_api, SQL: create table `oauth_auth_codes` (`id` char(80) not null, `user_id` bigint unsigned not null, `client_id` char(36) not null, `scopes` text null, `revoked` tinyint(1) not null, `expires_at` datetime null, primary key (`id`)) default character set utf8mb4 collate 'utf8mb4_unicode_ci') at E:/laravel_project/passport-api/vendor/laravel/framework/src/Illuminate/Database/Connection.php:838)
[stacktrace]
#0 E:/laravel_project/passport-api/vendor/laravel/framework/src/Illuminate/Database/Connection.php(794): Illuminate/Database/Connection->runQueryCallback('create table `o...', Array, Object(Closure))
#1 E:/laravel_project/passport-api/vendor/laravel/framework/src/Illuminate/Database/Connection.php(573): Illuminate/Database/Connection->run('create table `o...', Array, Object(Closure))
#2 E:/laravel_project/passport-api/vendor/laravel/framework/src/Illuminate/Database/Schema/Blueprint.php(121): Illuminate/Database/Connection->statement('create table `o...')
#3 E:/laravel_project/passport-api/vendor/laravel/framework/src/Illuminate/Database/Schema/Builder.php(686): Illuminate/Database/Schema/Blueprint->build()
#4 E:/laravel_project/passport-api/vendor/laravel/framework/src/Illuminate/Database/Schema/Builder.php(506): Illuminate/Database/Schema/Builder->build(Object(Illuminate/Database/Schema/Blueprint))
#5 E:/laravel_project/passport-api/vendor/laravel/framework/src/Illuminate/Support/Facades/Facade.php(363): Illuminate/Database/Schema/Builder->create('oauth_auth_code...', Object(Closure))
#6 E:/laravel_project/passport-api/database/migrations/2026_03_26_115035_create_oauth_auth_codes_table.php(14): Illuminate/Support/Facades/Facade::__callStatic('create', Array)
#7 E:/laravel_project/passport-api/vendor/laravel/framework/src/Illuminate/Database/Migrations/Migrator.php(517): Illuminate/Database/Migrations/Migration@anonymous->up()
#8 E:/laravel_project/passport-api/vendor/laravel/framework/src/Illuminate/Database/Migrations/Migrator.php(442): Illuminate/Database/Migrations/Migrator->runMethod(Object(Illuminate/Database/MySqlConnection), Object(Illuminate/Database/Migrations/Migration@anonymous), 'up')
#9 E:/laravel_project/passport-api/vendor/laravel/framework/src/Illuminate/Database/Migrations/Migrator.php(451): Illuminate/Database/Migrations/Migrator->Illuminate/Database/Migrations/{closure}()
#10 E:/laravel_project/passport-api/vendor/laravel/framework/src/Illuminate/Database/Migrations/Migrator.php(253): Illuminate/Database/Migrations/Migrator->runMigration(Object(Illuminate/Database/Migrations/Migration@anonymous), 'up')
#11 E:/laravel_project/passport-api/vendor/laravel/framework/src/Illuminate/Console/View/Components/Task.php(41): Illuminate/Database/Migrations/Migrator->Illuminate/Database/Migrations/{closure}()
#12 E:/laravel_project/passport-api/vendor/laravel/framework/src/Illuminate/Database/Migrations/Migrator.php(814): Illuminate/Console/View/Components/Task->render('2026_03_26_1150...', Object(Closure))
#13 E:/laravel_project/passport-api/vendor/laravel/framework/src/Illuminate/Database/Migrations/Migrator.php(253): Illuminate/Database/Migrations/Migrator->write('Illuminate//Cons...', '2026_03_26_1150...', Object(Closure))
#14 E:/laravel_project/passport-api/vendor/laravel/framework/src/Illuminate/Database/Migrations/Migrator.php(211): Illuminate/Database/Migrations/Migrator->runUp('E://laravel_proj...', 2, false)
#15 E:/laravel_project/passport-api/vendor/laravel/framework/src/Illuminate/Database/Migrations/Migrator.php(138): Illuminate/Database/Migrations/Migrator->runPending(Array, Array)
#16 E:/laravel_project/passport-api/vendor/laravel/framework/src/Illuminate/Database/Console/Migrations/MigrateCommand.php(116): Illuminate/Database/Migrations/Migrator->run(Array, Array)
#17 E:/laravel_project/passport-api/vendor/laravel/framework/src/Illuminate/Database/Migrations/Migrator.php(671): Illuminate/Database/Console/Migrations/MigrateCommand->Illuminate/Database/Console/Migrations/{closure}()
#18 E:/laravel_project/passport-api/vendor/laravel/framework/src/Illuminate/Database/Console/Migrations/MigrateCommand.php(109): Illuminate/Database/Migrations/Migrator->usingConnection(NULL, Object(Closure))
#19 E:/laravel_project/passport-api/vendor/laravel/framework/src/Illuminate/Database/Console/Migrations/MigrateCommand.php(88): Illuminate/Database/Console/Migrations/MigrateCommand->runMigrations()
#20 E:/laravel_project/passport-api/vendor/laravel/framework/src/Illuminate/Container/BoundMethod.php(36): Illuminate/Database/Console/Migrations/MigrateCommand->handle()
#21 E:/laravel_project/passport-api/vendor/laravel/framework/src/Illuminate/Container/Util.php(43): Illuminate/Container/BoundMethod::Illuminate/Container/{closure}()
#22 E:/laravel_project/passport-api/vendor/laravel/framework/src/Illuminate/Container/BoundMethod.php(96): Illuminate/Container/Util::unwrapIfClosure(Object(Closure))
#23 E:/laravel_project/passport-api/vendor/laravel/framework/src/Illuminate/Container/BoundMethod.php(35): Illuminate/Container/BoundMethod::callBoundMethod(Object(Illuminate/Foundation/Application), Array, Object(Closure))
#24 E:/laravel_project/passport-api/vendor/laravel/framework/src/Illuminate/Container/Container.php(799): Illuminate/Container/BoundMethod::call(Object(Illuminate/Foundation/Application), Array, Array, NULL)
#25 E:/laravel_project/passport-api/vendor/laravel/framework/src/Illuminate/Console/Command.php(211): Illuminate/Container/Container->call(Array)
#26 E:/laravel_project/passport-api/vendor/symfony/console/Command/Command.php(341): Illuminate/Console/Command->execute(Object(Symfony/Component/Console/Input/ArgvInput), Object(Illuminate/Console/OutputStyle))
#27 E:/laravel_project/passport-api/vendor/laravel/framework/src/Illuminate/Console/Command.php(180): Symfony/Component/Console/Command/Command->run(Object(Symfony/Component/Console/Input/ArgvInput), Object(Illuminate/Console/OutputStyle))
#28 E:/laravel_project/passport-api/vendor/symfony/console/Application.php(1117): Illuminate/Console/Command->run(Object(Symfony/Component/Console/Input/ArgvInput), Object(Symfony/Component/Console/Output/ConsoleOutput))
#29 E:/laravel_project/passport-api/vendor/symfony/console/Application.php(356): Symfony/Component/Console/Application->doRunCommand(Object(Illuminate/Database/Console/Migrations/MigrateCommand), Object(Symfony/Component/Console/Input/ArgvInput), Object(Symfony/Component/Console/Output/ConsoleOutput))
#30 E:/laravel_project/passport-api/vendor/symfony/console/Application.php(195): Symfony/Component/Console/Application->doRun(Object(Symfony/Component/Console/Input/ArgvInput), Object(Symfony/Component/Console/Output/ConsoleOutput))
#31 E:/laravel_project/passport-api/vendor/laravel/framework/src/Illuminate/Foundation/Console/Kernel.php(198): Symfony/Component/Console/Application->run(Object(Symfony/Component/Console/Input/ArgvInput), Object(Symfony/Component/Console/Output/ConsoleOutput))
#32 E:/laravel_project/passport-api/vendor/laravel/framework/src/Illuminate/Foundation/Application.php(1235): Illuminate/Foundation/Console/Kernel->handle(Object(Symfony/Component/Console/Input/ArgvInput), Object(Symfony/Component/Console/Output/ConsoleOutput))
#33 E:/laravel_project/passport-api/artisan(16): Illuminate/Foundation/Application->handleCommand(Object(Symfony/Component/Console/Input/ArgvInput))
#34 {main}

[previous exception] [object] (PDOException(code: 42S01): SQLSTATE[42S01]: Base table or view already exists: 1050 Table 'oauth_auth_codes' already exists at E:/laravel_project/passport-api/vendor/laravel/framework/src/Illuminate/Database/Connection.php:584)
[stacktrace]
#0 E:/laravel_project/passport-api/vendor/laravel/framework/src/Illuminate/Database/Connection.php(584): PDOStatement->execute()
#1 E:/laravel_project/passport-api/vendor/laravel/framework/src/Illuminate/Database/Connection.php(827): Illuminate/Database/Connection->Illuminate/Database/{closure}('create table `o...', Array)
#2 E:/laravel_project/passport-api/vendor/laravel/framework/src/Illuminate/Database/Connection.php(794): Illuminate/Database/Connection->runQueryCallback('create table `o...', Array, Object(Closure))
#3 E:/laravel_project/passport-api/vendor/laravel/framework/src/Illuminate/Database/Connection.php(573): Illuminate/Database/Connection->run('create table `o...', Array, Object(Closure))
#4 E:/laravel_project/passport-api/vendor/laravel/framework/src/Illuminate/Database/Schema/Blueprint.php(121): Illuminate/Database/Connection->statement('create table `o...')
#5 E:/laravel_project/passport-api/vendor/laravel/framework/src/Illuminate/Database/Schema/Builder.php(686): Illuminate/Database/Schema/Blueprint->build()
#6 E:/laravel_project/passport-api/vendor/laravel/framework/src/Illuminate/Database/Schema/Builder.php(506): Illuminate/Database/Schema/Builder->build(Object(Illuminate/Database/Schema/Blueprint))
#7 E:/laravel_project/passport-api/vendor/laravel/framework/src/Illuminate/Support/Facades/Facade.php(363): Illuminate/Database/Schema/Builder->create('oauth_auth_code...', Object(Closure))
#8 E:/laravel_project/passport-api/database/migrations/2026_03_26_115035_create_oauth_auth_codes_table.php(14): Illuminate/Support/Facades/Facade::__callStatic('create', Array)
#9 E:/laravel_project/passport-api/vendor/laravel/framework/src/Illuminate/Database/Migrations/Migrator.php(517): Illuminate/Database/Migrations/Migration@anonymous->up()
#10 E:/laravel_project/passport-api/vendor/laravel/framework/src/Illuminate/Database/Migrations/Migrator.php(442): Illuminate/Database/Migrations/Migrator->runMethod(Object(Illuminate/Database/MySqlConnection), Object(Illuminate/Database/Migrations/Migration@anonymous), 'up')
#11 E:/laravel_project/passport-api/vendor/laravel/framework/src/Illuminate/Database/Migrations/Migrator.php(451): Illuminate/Database/Migrations/Migrator->Illuminate/Database/Migrations/{closure}()
#12 E:/laravel_project/passport-api/vendor/laravel/framework/src/Illuminate/Database/Migrations/Migrator.php(253): Illuminate/Database/Migrations/Migrator->runMigration(Object(Illuminate/Database/Migrations/Migration@anonymous), 'up')
#13 E:/laravel_project/passport-api/vendor/laravel/framework/src/Illuminate/Console/View/Components/Task.php(41): Illuminate/Database/Migrations/Migrator->Illuminate/Database/Migrations/{closure}()
#14 E:/laravel_project/passport-api/vendor/laravel/framework/src/Illuminate/Database/Migrations/Migrator.php(814): Illuminate/Console/View/Components/Task->render('2026_03_26_1150...', Object(Closure))
#15 E:/laravel_project/passport-api/vendor/laravel/framework/src/Illuminate/Database/Migrations/Migrator.php(253): Illuminate/Database/Migrations/Migrator->write('Illuminate//Cons...', '2026_03_26_1150...', Object(Closure))
#16 E:/laravel_project/passport-api/vendor/laravel/framework/src/Illuminate/Database/Migrations/Migrator.php(211): Illuminate/Database/Migrations/Migrator->runUp('E://laravel_proj...', 2, false)
#17 E:/laravel_project/passport-api/vendor/laravel/framework/src/Illuminate/Database/Migrations/Migrator.php(138): Illuminate/Database/Migrations/Migrator->runPending(Array, Array)
#18 E:/laravel_project/passport-api/vendor/laravel/framework/src/Illuminate/Database/Console/Migrations/MigrateCommand.php(116): Illuminate/Database/Migrations/Migrator->run(Array, Array)
#19 E:/laravel_project/passport-api/vendor/laravel/framework/src/Illuminate/Database/Migrations/Migrator.php(671): Illuminate/Database/Console/Migrations/MigrateCommand->Illuminate/Database/Console/Migrations/{closure}()
#20 E:/laravel_project/passport-api/vendor/laravel/framework/src/Illuminate/Database/Console/Migrations/MigrateCommand.php(109): Illuminate/Database/Migrations/Migrator->usingConnection(NULL, Object(Closure))
#21 E:/laravel_project/passport-api/vendor/laravel/framework/src/Illuminate/Database/Console/Migrations/MigrateCommand.php(88): Illuminate/Database/Console/Migrations/MigrateCommand->runMigrations()
#22 E:/laravel_project/passport-api/vendor/laravel/framework/src/Illuminate/Container/BoundMethod.php(36): Illuminate/Database/Console/Migrations/MigrateCommand->handle()
#23 E:/laravel_project/passport-api/vendor/laravel/framework/src/Illuminate/Container/Util.php(43): Illuminate/Container/BoundMethod::Illuminate/Container/{closure}()
#24 E:/laravel_project/passport-api/vendor/laravel/framework/src/Illuminate/Container/BoundMethod.php(96): Illuminate/Container/Util::unwrapIfClosure(Object(Closure))
#25 E:/laravel_project/passport-api/vendor/laravel/framework/src/Illuminate/Container/BoundMethod.php(35): Illuminate/Container/BoundMethod::callBoundMethod(Object(Illuminate/Foundation/Application), Array, Object(Closure))
#26 E:/laravel_project/passport-api/vendor/laravel/framework/src/Illuminate/Container/Container.php(799): Illuminate/Container/BoundMethod::call(Object(Illuminate/Foundation/Application), Array, Array, NULL)
#27 E:/laravel_project/passport-api/vendor/laravel/framework/src/Illuminate/Console/Command.php(211): Illuminate/Container/Container->call(Array)
#28 E:/laravel_project/passport-api/vendor/symfony/console/Command/Command.php(341): Illuminate/Console/Command->execute(Object(Symfony/Component/Console/Input/ArgvInput), Object(Illuminate/Console/OutputStyle))
#29 E:/laravel_project/passport-api/vendor/laravel/framework/src/Illuminate/Console/Command.php(180): Symfony/Component/Console/Command/Command->run(Object(Symfony/Component/Console/Input/ArgvInput), Object(Illuminate/Console/OutputStyle))
#30 E:/laravel_project/passport-api/vendor/symfony/console/Application.php(1117): Illuminate/Console/Command->run(Object(Symfony/Component/Console/Input/ArgvInput), Object(Symfony/Component/Console/Output/ConsoleOutput))
#31 E:/laravel_project/passport-api/vendor/symfony/console/Application.php(356): Symfony/Component/Console/Application->doRunCommand(Object(Illuminate/Database/Console/Migrations/MigrateCommand), Object(Symfony/Component/Console/Input/ArgvInput), Object(Symfony/Component/Console/Output/ConsoleOutput))
#32 E:/laravel_project/passport-api/vendor/symfony/console/Application.php(195): Symfony/Component/Console/Application->doRun(Object(Symfony/Component/Console/Input/ArgvInput), Object(Symfony/Component/Console/Output/ConsoleOutput))
#33 E:/laravel_project/passport-api/vendor/laravel/framework/src/Illuminate/Foundation/Console/Kernel.php(198): Symfony/Component/Console/Application->run(Object(Symfony/Component/Console/Input/ArgvInput), Object(Symfony/Component/Console/Output/ConsoleOutput))
#34 E:/laravel_project/passport-api/vendor/laravel/framework/src/Illuminate/Foundation/Application.php(1235): Illuminate/Foundation/Console/Kernel->handle(Object(Symfony/Component/Console/Input/ArgvInput), Object(Symfony/Component/Console/Output/ConsoleOutput))
#35 E:/laravel_project/passport-api/artisan(16): Illuminate/Foundation/Application->handleCommand(Object(Symfony/Component/Console/Input/ArgvInput))
#36 {main}
"} 
[2026-03-26 11:55:26] local.ERROR: SQLSTATE[42S01]: Base table or view already exists: 1050 Table 'oauth_auth_codes' already exists (Connection: mysql, Host: 127.0.0.1, Port: 3306, Database: passport_api, SQL: create table `oauth_auth_codes` (`id` char(80) not null, `user_id` bigint unsigned not null, `client_id` char(36) not null, `scopes` text null, `revoked` tinyint(1) not null, `expires_at` datetime null, primary key (`id`)) default character set utf8mb4 collate 'utf8mb4_unicode_ci') {"exception":"[object] (Illuminate\\Database\\QueryException(code: 42S01): SQLSTATE[42S01]: Base table or view already exists: 1050 Table 'oauth_auth_codes' already exists (Connection: mysql, Host: 127.0.0.1, Port: 3306, Database: passport_api, SQL: create table `oauth_auth_codes` (`id` char(80) not null, `user_id` bigint unsigned not null, `client_id` char(36) not null, `scopes` text null, `revoked` tinyint(1) not null, `expires_at` datetime null, primary key (`id`)) default character set utf8mb4 collate 'utf8mb4_unicode_ci') at E:/laravel_project/passport-api/vendor/laravel/framework/src/Illuminate/Database/Connection.php:838)
[stacktrace]
#0 E:/laravel_project/passport-api/vendor/laravel/framework/src/Illuminate/Database/Connection.php(794): Illuminate/Database/Connection->runQueryCallback('create table `o...', Array, Object(Closure))
#1 E:/laravel_project/passport-api/vendor/laravel/framework/src/Illuminate/Database/Connection.php(573): Illuminate/Database/Connection->run('create table `o...', Array, Object(Closure))
#2 E:/laravel_project/passport-api/vendor/laravel/framework/src/Illuminate/Database/Schema/Blueprint.php(121): Illuminate/Database/Connection->statement('create table `o...')
#3 E:/laravel_project/passport-api/vendor/laravel/framework/src/Illuminate/Database/Schema/Builder.php(686): Illuminate/Database/Schema/Blueprint->build()
#4 E:/laravel_project/passport-api/vendor/laravel/framework/src/Illuminate/Database/Schema/Builder.php(506): Illuminate/Database/Schema/Builder->build(Object(Illuminate/Database/Schema/Blueprint))
#5 E:/laravel_project/passport-api/vendor/laravel/framework/src/Illuminate/Support/Facades/Facade.php(363): Illuminate/Database/Schema/Builder->create('oauth_auth_code...', Object(Closure))
#6 E:/laravel_project/passport-api/database/migrations/2026_03_26_115035_create_oauth_auth_codes_table.php(14): Illuminate/Support/Facades/Facade::__callStatic('create', Array)
#7 E:/laravel_project/passport-api/vendor/laravel/framework/src/Illuminate/Database/Migrations/Migrator.php(517): Illuminate/Database/Migrations/Migration@anonymous->up()
#8 E:/laravel_project/passport-api/vendor/laravel/framework/src/Illuminate/Database/Migrations/Migrator.php(442): Illuminate/Database/Migrations/Migrator->runMethod(Object(Illuminate/Database/MySqlConnection), Object(Illuminate/Database/Migrations/Migration@anonymous), 'up')
#9 E:/laravel_project/passport-api/vendor/laravel/framework/src/Illuminate/Database/Migrations/Migrator.php(451): Illuminate/Database/Migrations/Migrator->Illuminate/Database/Migrations/{closure}()
#10 E:/laravel_project/passport-api/vendor/laravel/framework/src/Illuminate/Database/Migrations/Migrator.php(253): Illuminate/Database/Migrations/Migrator->runMigration(Object(Illuminate/Database/Migrations/Migration@anonymous), 'up')
#11 E:/laravel_project/passport-api/vendor/laravel/framework/src/Illuminate/Console/View/Components/Task.php(41): Illuminate/Database/Migrations/Migrator->Illuminate/Database/Migrations/{closure}()
#12 E:/laravel_project/passport-api/vendor/laravel/framework/src/Illuminate/Database/Migrations/Migrator.php(814): Illuminate/Console/View/Components/Task->render('2026_03_26_1150...', Object(Closure))
#13 E:/laravel_project/passport-api/vendor/laravel/framework/src/Illuminate/Database/Migrations/Migrator.php(253): Illuminate/Database/Migrations/Migrator->write('Illuminate//Cons...', '2026_03_26_1150...', Object(Closure))
#14 E:/laravel_project/passport-api/vendor/laravel/framework/src/Illuminate/Database/Migrations/Migrator.php(211): Illuminate/Database/Migrations/Migrator->runUp('E://laravel_proj...', 1, false)
#15 E:/laravel_project/passport-api/vendor/laravel/framework/src/Illuminate/Database/Migrations/Migrator.php(138): Illuminate/Database/Migrations/Migrator->runPending(Array, Array)
#16 E:/laravel_project/passport-api/vendor/laravel/framework/src/Illuminate/Database/Console/Migrations/MigrateCommand.php(116): Illuminate/Database/Migrations/Migrator->run(Array, Array)
#17 E:/laravel_project/passport-api/vendor/laravel/framework/src/Illuminate/Database/Migrations/Migrator.php(671): Illuminate/Database/Console/Migrations/MigrateCommand->Illuminate/Database/Console/Migrations/{closure}()
#18 E:/laravel_project/passport-api/vendor/laravel/framework/src/Illuminate/Database/Console/Migrations/MigrateCommand.php(109): Illuminate/Database/Migrations/Migrator->usingConnection(NULL, Object(Closure))
#19 E:/laravel_project/passport-api/vendor/laravel/framework/src/Illuminate/Database/Console/Migrations/MigrateCommand.php(88): Illuminate/Database/Console/Migrations/MigrateCommand->runMigrations()
#20 E:/laravel_project/passport-api/vendor/laravel/framework/src/Illuminate/Container/BoundMethod.php(36): Illuminate/Database/Console/Migrations/MigrateCommand->handle()
#21 E:/laravel_project/passport-api/vendor/laravel/framework/src/Illuminate/Container/Util.php(43): Illuminate/Container/BoundMethod::Illuminate/Container/{closure}()
#22 E:/laravel_project/passport-api/vendor/laravel/framework/src/Illuminate/Container/BoundMethod.php(96): Illuminate/Container/Util::unwrapIfClosure(Object(Closure))
#23 E:/laravel_project/passport-api/vendor/laravel/framework/src/Illuminate/Container/BoundMethod.php(35): Illuminate/Container/BoundMethod::callBoundMethod(Object(Illuminate/Foundation/Application), Array, Object(Closure))
#24 E:/laravel_project/passport-api/vendor/laravel/framework/src/Illuminate/Container/Container.php(799): Illuminate/Container/BoundMethod::call(Object(Illuminate/Foundation/Application), Array, Array, NULL)
#25 E:/laravel_project/passport-api/vendor/laravel/framework/src/Illuminate/Console/Command.php(211): Illuminate/Container/Container->call(Array)
#26 E:/laravel_project/passport-api/vendor/symfony/console/Command/Command.php(341): Illuminate/Console/Command->execute(Object(Symfony/Component/Console/Input/ArrayInput), Object(Illuminate/Console/OutputStyle))
#27 E:/laravel_project/passport-api/vendor/laravel/framework/src/Illuminate/Console/Command.php(180): Symfony/Component/Console/Command/Command->run(Object(Symfony/Component/Console/Input/ArrayInput), Object(Illuminate/Console/OutputStyle))
#28 E:/laravel_project/passport-api/vendor/laravel/framework/src/Illuminate/Console/Concerns/CallsCommands.php(68): Illuminate/Console/Command->run(Object(Symfony/Component/Console/Input/ArrayInput), Object(Illuminate/Console/OutputStyle))
#29 E:/laravel_project/passport-api/vendor/laravel/framework/src/Illuminate/Console/Concerns/CallsCommands.php(29): Illuminate/Console/Command->runCommand('migrate', Array, Object(Illuminate/Console/OutputStyle))
#30 E:/laravel_project/passport-api/vendor/laravel/framework/src/Illuminate/Database/Console/Migrations/FreshCommand.php(88): Illuminate/Console/Command->call('migrate', Array)
#31 E:/laravel_project/passport-api/vendor/laravel/framework/src/Illuminate/Container/BoundMethod.php(36): Illuminate/Database/Console/Migrations/FreshCommand->handle()
#32 E:/laravel_project/passport-api/vendor/laravel/framework/src/Illuminate/Container/Util.php(43): Illuminate/Container/BoundMethod::Illuminate/Container/{closure}()
#33 E:/laravel_project/passport-api/vendor/laravel/framework/src/Illuminate/Container/BoundMethod.php(96): Illuminate/Container/Util::unwrapIfClosure(Object(Closure))
#34 E:/laravel_project/passport-api/vendor/laravel/framework/src/Illuminate/Container/BoundMethod.php(35): Illuminate/Container/BoundMethod::callBoundMethod(Object(Illuminate/Foundation/Application), Array, Object(Closure))
#35 E:/laravel_project/passport-api/vendor/laravel/framework/src/Illuminate/Container/Container.php(799): Illuminate/Container/BoundMethod::call(Object(Illuminate/Foundation/Application), Array, Array, NULL)
#36 E:/laravel_project/passport-api/vendor/laravel/framework/src/Illuminate/Console/Command.php(211): Illuminate/Container/Container->call(Array)
#37 E:/laravel_project/passport-api/vendor/symfony/console/Command/Command.php(341): Illuminate/Console/Command->execute(Object(Symfony/Component/Console/Input/ArgvInput), Object(Illuminate/Console/OutputStyle))
#38 E:/laravel_project/passport-api/vendor/laravel/framework/src/Illuminate/Console/Command.php(180): Symfony/Component/Console/Command/Command->run(Object(Symfony/Component/Console/Input/ArgvInput), Object(Illuminate/Console/OutputStyle))
#39 E:/laravel_project/passport-api/vendor/symfony/console/Application.php(1117): Illuminate/Console/Command->run(Object(Symfony/Component/Console/Input/ArgvInput), Object(Symfony/Component/Console/Output/ConsoleOutput))
#40 E:/laravel_project/passport-api/vendor/symfony/console/Application.php(356): Symfony/Component/Console/Application->doRunCommand(Object(Illuminate/Database/Console/Migrations/FreshCommand), Object(Symfony/Component/Console/Input/ArgvInput), Object(Symfony/Component/Console/Output/ConsoleOutput))
#41 E:/laravel_project/passport-api/vendor/symfony/console/Application.php(195): Symfony/Component/Console/Application->doRun(Object(Symfony/Component/Console/Input/ArgvInput), Object(Symfony/Component/Console/Output/ConsoleOutput))
#42 E:/laravel_project/passport-api/vendor/laravel/framework/src/Illuminate/Foundation/Console/Kernel.php(198): Symfony/Component/Console/Application->run(Object(Symfony/Component/Console/Input/ArgvInput), Object(Symfony/Component/Console/Output/ConsoleOutput))
#43 E:/laravel_project/passport-api/vendor/laravel/framework/src/Illuminate/Foundation/Application.php(1235): Illuminate/Foundation/Console/Kernel->handle(Object(Symfony/Component/Console/Input/ArgvInput), Object(Symfony/Component/Console/Output/ConsoleOutput))
#44 E:/laravel_project/passport-api/artisan(16): Illuminate/Foundation/Application->handleCommand(Object(Symfony/Component/Console/Input/ArgvInput))
#45 {main}

[previous exception] [object] (PDOException(code: 42S01): SQLSTATE[42S01]: Base table or view already exists: 1050 Table 'oauth_auth_codes' already exists at E:/laravel_project/passport-api/vendor/laravel/framework/src/Illuminate/Database/Connection.php:584)
[stacktrace]
#0 E:/laravel_project/passport-api/vendor/laravel/framework/src/Illuminate/Database/Connection.php(584): PDOStatement->execute()
#1 E:/laravel_project/passport-api/vendor/laravel/framework/src/Illuminate/Database/Connection.php(827): Illuminate/Database/Connection->Illuminate/Database/{closure}('create table `o...', Array)
#2 E:/laravel_project/passport-api/vendor/laravel/framework/src/Illuminate/Database/Connection.php(794): Illuminate/Database/Connection->runQueryCallback('create table `o...', Array, Object(Closure))
#3 E:/laravel_project/passport-api/vendor/laravel/framework/src/Illuminate/Database/Connection.php(573): Illuminate/Database/Connection->run('create table `o...', Array, Object(Closure))
#4 E:/laravel_project/passport-api/vendor/laravel/framework/src/Illuminate/Database/Schema/Blueprint.php(121): Illuminate/Database/Connection->statement('create table `o...')
#5 E:/laravel_project/passport-api/vendor/laravel/framework/src/Illuminate/Database/Schema/Builder.php(686): Illuminate/Database/Schema/Blueprint->build()
#6 E:/laravel_project/passport-api/vendor/laravel/framework/src/Illuminate/Database/Schema/Builder.php(506): Illuminate/Database/Schema/Builder->build(Object(Illuminate/Database/Schema/Blueprint))
#7 E:/laravel_project/passport-api/vendor/laravel/framework/src/Illuminate/Support/Facades/Facade.php(363): Illuminate/Database/Schema/Builder->create('oauth_auth_code...', Object(Closure))
#8 E:/laravel_project/passport-api/database/migrations/2026_03_26_115035_create_oauth_auth_codes_table.php(14): Illuminate/Support/Facades/Facade::__callStatic('create', Array)
#9 E:/laravel_project/passport-api/vendor/laravel/framework/src/Illuminate/Database/Migrations/Migrator.php(517): Illuminate/Database/Migrations/Migration@anonymous->up()
#10 E:/laravel_project/passport-api/vendor/laravel/framework/src/Illuminate/Database/Migrations/Migrator.php(442): Illuminate/Database/Migrations/Migrator->runMethod(Object(Illuminate/Database/MySqlConnection), Object(Illuminate/Database/Migrations/Migration@anonymous), 'up')
#11 E:/laravel_project/passport-api/vendor/laravel/framework/src/Illuminate/Database/Migrations/Migrator.php(451): Illuminate/Database/Migrations/Migrator->Illuminate/Database/Migrations/{closure}()
#12 E:/laravel_project/passport-api/vendor/laravel/framework/src/Illuminate/Database/Migrations/Migrator.php(253): Illuminate/Database/Migrations/Migrator->runMigration(Object(Illuminate/Database/Migrations/Migration@anonymous), 'up')
#13 E:/laravel_project/passport-api/vendor/laravel/framework/src/Illuminate/Console/View/Components/Task.php(41): Illuminate/Database/Migrations/Migrator->Illuminate/Database/Migrations/{closure}()
#14 E:/laravel_project/passport-api/vendor/laravel/framework/src/Illuminate/Database/Migrations/Migrator.php(814): Illuminate/Console/View/Components/Task->render('2026_03_26_1150...', Object(Closure))
#15 E:/laravel_project/passport-api/vendor/laravel/framework/src/Illuminate/Database/Migrations/Migrator.php(253): Illuminate/Database/Migrations/Migrator->write('Illuminate//Cons...', '2026_03_26_1150...', Object(Closure))
#16 E:/laravel_project/passport-api/vendor/laravel/framework/src/Illuminate/Database/Migrations/Migrator.php(211): Illuminate/Database/Migrations/Migrator->runUp('E://laravel_proj...', 1, false)
#17 E:/laravel_project/passport-api/vendor/laravel/framework/src/Illuminate/Database/Migrations/Migrator.php(138): Illuminate/Database/Migrations/Migrator->runPending(Array, Array)
#18 E:/laravel_project/passport-api/vendor/laravel/framework/src/Illuminate/Database/Console/Migrations/MigrateCommand.php(116): Illuminate/Database/Migrations/Migrator->run(Array, Array)
#19 E:/laravel_project/passport-api/vendor/laravel/framework/src/Illuminate/Database/Migrations/Migrator.php(671): Illuminate/Database/Console/Migrations/MigrateCommand->Illuminate/Database/Console/Migrations/{closure}()
#20 E:/laravel_project/passport-api/vendor/laravel/framework/src/Illuminate/Database/Console/Migrations/MigrateCommand.php(109): Illuminate/Database/Migrations/Migrator->usingConnection(NULL, Object(Closure))
#21 E:/laravel_project/passport-api/vendor/laravel/framework/src/Illuminate/Database/Console/Migrations/MigrateCommand.php(88): Illuminate/Database/Console/Migrations/MigrateCommand->runMigrations()
#22 E:/laravel_project/passport-api/vendor/laravel/framework/src/Illuminate/Container/BoundMethod.php(36): Illuminate/Database/Console/Migrations/MigrateCommand->handle()
#23 E:/laravel_project/passport-api/vendor/laravel/framework/src/Illuminate/Container/Util.php(43): Illuminate/Container/BoundMethod::Illuminate/Container/{closure}()
#24 E:/laravel_project/passport-api/vendor/laravel/framework/src/Illuminate/Container/BoundMethod.php(96): Illuminate/Container/Util::unwrapIfClosure(Object(Closure))
#25 E:/laravel_project/passport-api/vendor/laravel/framework/src/Illuminate/Container/BoundMethod.php(35): Illuminate/Container/BoundMethod::callBoundMethod(Object(Illuminate/Foundation/Application), Array, Object(Closure))
#26 E:/laravel_project/passport-api/vendor/laravel/framework/src/Illuminate/Container/Container.php(799): Illuminate/Container/BoundMethod::call(Object(Illuminate/Foundation/Application), Array, Array, NULL)
#27 E:/laravel_project/passport-api/vendor/laravel/framework/src/Illuminate/Console/Command.php(211): Illuminate/Container/Container->call(Array)
#28 E:/laravel_project/passport-api/vendor/symfony/console/Command/Command.php(341): Illuminate/Console/Command->execute(Object(Symfony/Component/Console/Input/ArrayInput), Object(Illuminate/Console/OutputStyle))
#29 E:/laravel_project/passport-api/vendor/laravel/framework/src/Illuminate/Console/Command.php(180): Symfony/Component/Console/Command/Command->run(Object(Symfony/Component/Console/Input/ArrayInput), Object(Illuminate/Console/OutputStyle))
#30 E:/laravel_project/passport-api/vendor/laravel/framework/src/Illuminate/Console/Concerns/CallsCommands.php(68): Illuminate/Console/Command->run(Object(Symfony/Component/Console/Input/ArrayInput), Object(Illuminate/Console/OutputStyle))
#31 E:/laravel_project/passport-api/vendor/laravel/framework/src/Illuminate/Console/Concerns/CallsCommands.php(29): Illuminate/Console/Command->runCommand('migrate', Array, Object(Illuminate/Console/OutputStyle))
#32 E:/laravel_project/passport-api/vendor/laravel/framework/src/Illuminate/Database/Console/Migrations/FreshCommand.php(88): Illuminate/Console/Command->call('migrate', Array)
#33 E:/laravel_project/passport-api/vendor/laravel/framework/src/Illuminate/Container/BoundMethod.php(36): Illuminate/Database/Console/Migrations/FreshCommand->handle()
#34 E:/laravel_project/passport-api/vendor/laravel/framework/src/Illuminate/Container/Util.php(43): Illuminate/Container/BoundMethod::Illuminate/Container/{closure}()
#35 E:/laravel_project/passport-api/vendor/laravel/framework/src/Illuminate/Container/BoundMethod.php(96): Illuminate/Container/Util::unwrapIfClosure(Object(Closure))
#36 E:/laravel_project/passport-api/vendor/laravel/framework/src/Illuminate/Container/BoundMethod.php(35): Illuminate/Container/BoundMethod::callBoundMethod(Object(Illuminate/Foundation/Application), Array, Object(Closure))
#37 E:/laravel_project/passport-api/vendor/laravel/framework/src/Illuminate/Container/Container.php(799): Illuminate/Container/BoundMethod::call(Object(Illuminate/Foundation/Application), Array, Array, NULL)
#38 E:/laravel_project/passport-api/vendor/laravel/framework/src/Illuminate/Console/Command.php(211): Illuminate/Container/Container->call(Array)
#39 E:/laravel_project/passport-api/vendor/symfony/console/Command/Command.php(341): Illuminate/Console/Command->execute(Object(Symfony/Component/Console/Input/ArgvInput), Object(Illuminate/Console/OutputStyle))
#40 E:/laravel_project/passport-api/vendor/laravel/framework/src/Illuminate/Console/Command.php(180): Symfony/Component/Console/Command/Command->run(Object(Symfony/Component/Console/Input/ArgvInput), Object(Illuminate/Console/OutputStyle))
#41 E:/laravel_project/passport-api/vendor/symfony/console/Application.php(1117): Illuminate/Console/Command->run(Object(Symfony/Component/Console/Input/ArgvInput), Object(Symfony/Component/Console/Output/ConsoleOutput))
#42 E:/laravel_project/passport-api/vendor/symfony/console/Application.php(356): Symfony/Component/Console/Application->doRunCommand(Object(Illuminate/Database/Console/Migrations/FreshCommand), Object(Symfony/Component/Console/Input/ArgvInput), Object(Symfony/Component/Console/Output/ConsoleOutput))
#43 E:/laravel_project/passport-api/vendor/symfony/console/Application.php(195): Symfony/Component/Console/Application->doRun(Object(Symfony/Component/Console/Input/ArgvInput), Object(Symfony/Component/Console/Output/ConsoleOutput))
#44 E:/laravel_project/passport-api/vendor/laravel/framework/src/Illuminate/Foundation/Console/Kernel.php(198): Symfony/Component/Console/Application->run(Object(Symfony/Component/Console/Input/ArgvInput), Object(Symfony/Component/Console/Output/ConsoleOutput))
#45 E:/laravel_project/passport-api/vendor/laravel/framework/src/Illuminate/Foundation/Application.php(1235): Illuminate/Foundation/Console/Kernel->handle(Object(Symfony/Component/Console/Input/ArgvInput), Object(Symfony/Component/Console/Output/ConsoleOutput))
#46 E:/laravel_project/passport-api/artisan(16): Illuminate/Foundation/Application->handleCommand(Object(Symfony/Component/Console/Input/ArgvInput))
#47 {main}
"} 
[2026-03-26 13:09:48] local.ERROR: SQLSTATE[42S01]: Base table or view already exists: 1050 Table 'oauth_auth_codes' already exists (Connection: mysql, Host: 127.0.0.1, Port: 3306, Database: passport_api, SQL: create table `oauth_auth_codes` (`id` char(80) not null, `user_id` bigint unsigned not null, `client_id` char(36) not null, `scopes` text null, `revoked` tinyint(1) not null, `expires_at` datetime null, primary key (`id`)) default character set utf8mb4 collate 'utf8mb4_unicode_ci') {"exception":"[object] (Illuminate\\Database\\QueryException(code: 42S01): SQLSTATE[42S01]: Base table or view already exists: 1050 Table 'oauth_auth_codes' already exists (Connection: mysql, Host: 127.0.0.1, Port: 3306, Database: passport_api, SQL: create table `oauth_auth_codes` (`id` char(80) not null, `user_id` bigint unsigned not null, `client_id` char(36) not null, `scopes` text null, `revoked` tinyint(1) not null, `expires_at` datetime null, primary key (`id`)) default character set utf8mb4 collate 'utf8mb4_unicode_ci') at E:/laravel_project/passport-api/vendor/laravel/framework/src/Illuminate/Database/Connection.php:838)
[stacktrace]
#0 E:/laravel_project/passport-api/vendor/laravel/framework/src/Illuminate/Database/Connection.php(794): Illuminate/Database/Connection->runQueryCallback('create table `o...', Array, Object(Closure))
#1 E:/laravel_project/passport-api/vendor/laravel/framework/src/Illuminate/Database/Connection.php(573): Illuminate/Database/Connection->run('create table `o...', Array, Object(Closure))
#2 E:/laravel_project/passport-api/vendor/laravel/framework/src/Illuminate/Database/Schema/Blueprint.php(121): Illuminate/Database/Connection->statement('create table `o...')
#3 E:/laravel_project/passport-api/vendor/laravel/framework/src/Illuminate/Database/Schema/Builder.php(686): Illuminate/Database/Schema/Blueprint->build()
#4 E:/laravel_project/passport-api/vendor/laravel/framework/src/Illuminate/Database/Schema/Builder.php(506): Illuminate/Database/Schema/Builder->build(Object(Illuminate/Database/Schema/Blueprint))
#5 E:/laravel_project/passport-api/vendor/laravel/framework/src/Illuminate/Support/Facades/Facade.php(363): Illuminate/Database/Schema/Builder->create('oauth_auth_code...', Object(Closure))
#6 E:/laravel_project/passport-api/database/migrations/2026_03_26_115035_create_oauth_auth_codes_table.php(14): Illuminate/Support/Facades/Facade::__callStatic('create', Array)
#7 E:/laravel_project/passport-api/vendor/laravel/framework/src/Illuminate/Database/Migrations/Migrator.php(517): Illuminate/Database/Migrations/Migration@anonymous->up()
#8 E:/laravel_project/passport-api/vendor/laravel/framework/src/Illuminate/Database/Migrations/Migrator.php(442): Illuminate/Database/Migrations/Migrator->runMethod(Object(Illuminate/Database/MySqlConnection), Object(Illuminate/Database/Migrations/Migration@anonymous), 'up')
#9 E:/laravel_project/passport-api/vendor/laravel/framework/src/Illuminate/Database/Migrations/Migrator.php(451): Illuminate/Database/Migrations/Migrator->Illuminate/Database/Migrations/{closure}()
#10 E:/laravel_project/passport-api/vendor/laravel/framework/src/Illuminate/Database/Migrations/Migrator.php(253): Illuminate/Database/Migrations/Migrator->runMigration(Object(Illuminate/Database/Migrations/Migration@anonymous), 'up')
#11 E:/laravel_project/passport-api/vendor/laravel/framework/src/Illuminate/Console/View/Components/Task.php(41): Illuminate/Database/Migrations/Migrator->Illuminate/Database/Migrations/{closure}()
#12 E:/laravel_project/passport-api/vendor/laravel/framework/src/Illuminate/Database/Migrations/Migrator.php(814): Illuminate/Console/View/Components/Task->render('2026_03_26_1150...', Object(Closure))
#13 E:/laravel_project/passport-api/vendor/laravel/framework/src/Illuminate/Database/Migrations/Migrator.php(253): Illuminate/Database/Migrations/Migrator->write('Illuminate//Cons...', '2026_03_26_1150...', Object(Closure))
#14 E:/laravel_project/passport-api/vendor/laravel/framework/src/Illuminate/Database/Migrations/Migrator.php(211): Illuminate/Database/Migrations/Migrator->runUp('E://laravel_proj...', 1, false)
#15 E:/laravel_project/passport-api/vendor/laravel/framework/src/Illuminate/Database/Migrations/Migrator.php(138): Illuminate/Database/Migrations/Migrator->runPending(Array, Array)
#16 E:/laravel_project/passport-api/vendor/laravel/framework/src/Illuminate/Database/Console/Migrations/MigrateCommand.php(116): Illuminate/Database/Migrations/Migrator->run(Array, Array)
#17 E:/laravel_project/passport-api/vendor/laravel/framework/src/Illuminate/Database/Migrations/Migrator.php(671): Illuminate/Database/Console/Migrations/MigrateCommand->Illuminate/Database/Console/Migrations/{closure}()
#18 E:/laravel_project/passport-api/vendor/laravel/framework/src/Illuminate/Database/Console/Migrations/MigrateCommand.php(109): Illuminate/Database/Migrations/Migrator->usingConnection(NULL, Object(Closure))
#19 E:/laravel_project/passport-api/vendor/laravel/framework/src/Illuminate/Database/Console/Migrations/MigrateCommand.php(88): Illuminate/Database/Console/Migrations/MigrateCommand->runMigrations()
#20 E:/laravel_project/passport-api/vendor/laravel/framework/src/Illuminate/Container/BoundMethod.php(36): Illuminate/Database/Console/Migrations/MigrateCommand->handle()
#21 E:/laravel_project/passport-api/vendor/laravel/framework/src/Illuminate/Container/Util.php(43): Illuminate/Container/BoundMethod::Illuminate/Container/{closure}()
#22 E:/laravel_project/passport-api/vendor/laravel/framework/src/Illuminate/Container/BoundMethod.php(96): Illuminate/Container/Util::unwrapIfClosure(Object(Closure))
#23 E:/laravel_project/passport-api/vendor/laravel/framework/src/Illuminate/Container/BoundMethod.php(35): Illuminate/Container/BoundMethod::callBoundMethod(Object(Illuminate/Foundation/Application), Array, Object(Closure))
#24 E:/laravel_project/passport-api/vendor/laravel/framework/src/Illuminate/Container/Container.php(799): Illuminate/Container/BoundMethod::call(Object(Illuminate/Foundation/Application), Array, Array, NULL)
#25 E:/laravel_project/passport-api/vendor/laravel/framework/src/Illuminate/Console/Command.php(211): Illuminate/Container/Container->call(Array)
#26 E:/laravel_project/passport-api/vendor/symfony/console/Command/Command.php(341): Illuminate/Console/Command->execute(Object(Symfony/Component/Console/Input/ArrayInput), Object(Illuminate/Console/OutputStyle))
#27 E:/laravel_project/passport-api/vendor/laravel/framework/src/Illuminate/Console/Command.php(180): Symfony/Component/Console/Command/Command->run(Object(Symfony/Component/Console/Input/ArrayInput), Object(Illuminate/Console/OutputStyle))
#28 E:/laravel_project/passport-api/vendor/laravel/framework/src/Illuminate/Console/Concerns/CallsCommands.php(68): Illuminate/Console/Command->run(Object(Symfony/Component/Console/Input/ArrayInput), Object(Illuminate/Console/OutputStyle))
#29 E:/laravel_project/passport-api/vendor/laravel/framework/src/Illuminate/Console/Concerns/CallsCommands.php(29): Illuminate/Console/Command->runCommand('migrate', Array, Object(Illuminate/Console/OutputStyle))
#30 E:/laravel_project/passport-api/vendor/laravel/framework/src/Illuminate/Database/Console/Migrations/FreshCommand.php(88): Illuminate/Console/Command->call('migrate', Array)
#31 E:/laravel_project/passport-api/vendor/laravel/framework/src/Illuminate/Container/BoundMethod.php(36): Illuminate/Database/Console/Migrations/FreshCommand->handle()
#32 E:/laravel_project/passport-api/vendor/laravel/framework/src/Illuminate/Container/Util.php(43): Illuminate/Container/BoundMethod::Illuminate/Container/{closure}()
#33 E:/laravel_project/passport-api/vendor/laravel/framework/src/Illuminate/Container/BoundMethod.php(96): Illuminate/Container/Util::unwrapIfClosure(Object(Closure))
#34 E:/laravel_project/passport-api/vendor/laravel/framework/src/Illuminate/Container/BoundMethod.php(35): Illuminate/Container/BoundMethod::callBoundMethod(Object(Illuminate/Foundation/Application), Array, Object(Closure))
#35 E:/laravel_project/passport-api/vendor/laravel/framework/src/Illuminate/Container/Container.php(799): Illuminate/Container/BoundMethod::call(Object(Illuminate/Foundation/Application), Array, Array, NULL)
#36 E:/laravel_project/passport-api/vendor/laravel/framework/src/Illuminate/Console/Command.php(211): Illuminate/Container/Container->call(Array)
#37 E:/laravel_project/passport-api/vendor/symfony/console/Command/Command.php(341): Illuminate/Console/Command->execute(Object(Symfony/Component/Console/Input/ArgvInput), Object(Illuminate/Console/OutputStyle))
#38 E:/laravel_project/passport-api/vendor/laravel/framework/src/Illuminate/Console/Command.php(180): Symfony/Component/Console/Command/Command->run(Object(Symfony/Component/Console/Input/ArgvInput), Object(Illuminate/Console/OutputStyle))
#39 E:/laravel_project/passport-api/vendor/symfony/console/Application.php(1117): Illuminate/Console/Command->run(Object(Symfony/Component/Console/Input/ArgvInput), Object(Symfony/Component/Console/Output/ConsoleOutput))
#40 E:/laravel_project/passport-api/vendor/symfony/console/Application.php(356): Symfony/Component/Console/Application->doRunCommand(Object(Illuminate/Database/Console/Migrations/FreshCommand), Object(Symfony/Component/Console/Input/ArgvInput), Object(Symfony/Component/Console/Output/ConsoleOutput))
#41 E:/laravel_project/passport-api/vendor/symfony/console/Application.php(195): Symfony/Component/Console/Application->doRun(Object(Symfony/Component/Console/Input/ArgvInput), Object(Symfony/Component/Console/Output/ConsoleOutput))
#42 E:/laravel_project/passport-api/vendor/laravel/framework/src/Illuminate/Foundation/Console/Kernel.php(198): Symfony/Component/Console/Application->run(Object(Symfony/Component/Console/Input/ArgvInput), Object(Symfony/Component/Console/Output/ConsoleOutput))
#43 E:/laravel_project/passport-api/vendor/laravel/framework/src/Illuminate/Foundation/Application.php(1235): Illuminate/Foundation/Console/Kernel->handle(Object(Symfony/Component/Console/Input/ArgvInput), Object(Symfony/Component/Console/Output/ConsoleOutput))
#44 E:/laravel_project/passport-api/artisan(16): Illuminate/Foundation/Application->handleCommand(Object(Symfony/Component/Console/Input/ArgvInput))
#45 {main}

[previous exception] [object] (PDOException(code: 42S01): SQLSTATE[42S01]: Base table or view already exists: 1050 Table 'oauth_auth_codes' already exists at E:/laravel_project/passport-api/vendor/laravel/framework/src/Illuminate/Database/Connection.php:584)
[stacktrace]
#0 E:/laravel_project/passport-api/vendor/laravel/framework/src/Illuminate/Database/Connection.php(584): PDOStatement->execute()
#1 E:/laravel_project/passport-api/vendor/laravel/framework/src/Illuminate/Database/Connection.php(827): Illuminate/Database/Connection->Illuminate/Database/{closure}('create table `o...', Array)
#2 E:/laravel_project/passport-api/vendor/laravel/framework/src/Illuminate/Database/Connection.php(794): Illuminate/Database/Connection->runQueryCallback('create table `o...', Array, Object(Closure))
#3 E:/laravel_project/passport-api/vendor/laravel/framework/src/Illuminate/Database/Connection.php(573): Illuminate/Database/Connection->run('create table `o...', Array, Object(Closure))
#4 E:/laravel_project/passport-api/vendor/laravel/framework/src/Illuminate/Database/Schema/Blueprint.php(121): Illuminate/Database/Connection->statement('create table `o...')
#5 E:/laravel_project/passport-api/vendor/laravel/framework/src/Illuminate/Database/Schema/Builder.php(686): Illuminate/Database/Schema/Blueprint->build()
#6 E:/laravel_project/passport-api/vendor/laravel/framework/src/Illuminate/Database/Schema/Builder.php(506): Illuminate/Database/Schema/Builder->build(Object(Illuminate/Database/Schema/Blueprint))
#7 E:/laravel_project/passport-api/vendor/laravel/framework/src/Illuminate/Support/Facades/Facade.php(363): Illuminate/Database/Schema/Builder->create('oauth_auth_code...', Object(Closure))
#8 E:/laravel_project/passport-api/database/migrations/2026_03_26_115035_create_oauth_auth_codes_table.php(14): Illuminate/Support/Facades/Facade::__callStatic('create', Array)
#9 E:/laravel_project/passport-api/vendor/laravel/framework/src/Illuminate/Database/Migrations/Migrator.php(517): Illuminate/Database/Migrations/Migration@anonymous->up()
#10 E:/laravel_project/passport-api/vendor/laravel/framework/src/Illuminate/Database/Migrations/Migrator.php(442): Illuminate/Database/Migrations/Migrator->runMethod(Object(Illuminate/Database/MySqlConnection), Object(Illuminate/Database/Migrations/Migration@anonymous), 'up')
#11 E:/laravel_project/passport-api/vendor/laravel/framework/src/Illuminate/Database/Migrations/Migrator.php(451): Illuminate/Database/Migrations/Migrator->Illuminate/Database/Migrations/{closure}()
#12 E:/laravel_project/passport-api/vendor/laravel/framework/src/Illuminate/Database/Migrations/Migrator.php(253): Illuminate/Database/Migrations/Migrator->runMigration(Object(Illuminate/Database/Migrations/Migration@anonymous), 'up')
#13 E:/laravel_project/passport-api/vendor/laravel/framework/src/Illuminate/Console/View/Components/Task.php(41): Illuminate/Database/Migrations/Migrator->Illuminate/Database/Migrations/{closure}()
#14 E:/laravel_project/passport-api/vendor/laravel/framework/src/Illuminate/Database/Migrations/Migrator.php(814): Illuminate/Console/View/Components/Task->render('2026_03_26_1150...', Object(Closure))
#15 E:/laravel_project/passport-api/vendor/laravel/framework/src/Illuminate/Database/Migrations/Migrator.php(253): Illuminate/Database/Migrations/Migrator->write('Illuminate//Cons...', '2026_03_26_1150...', Object(Closure))
#16 E:/laravel_project/passport-api/vendor/laravel/framework/src/Illuminate/Database/Migrations/Migrator.php(211): Illuminate/Database/Migrations/Migrator->runUp('E://laravel_proj...', 1, false)
#17 E:/laravel_project/passport-api/vendor/laravel/framework/src/Illuminate/Database/Migrations/Migrator.php(138): Illuminate/Database/Migrations/Migrator->runPending(Array, Array)
#18 E:/laravel_project/passport-api/vendor/laravel/framework/src/Illuminate/Database/Console/Migrations/MigrateCommand.php(116): Illuminate/Database/Migrations/Migrator->run(Array, Array)
#19 E:/laravel_project/passport-api/vendor/laravel/framework/src/Illuminate/Database/Migrations/Migrator.php(671): Illuminate/Database/Console/Migrations/MigrateCommand->Illuminate/Database/Console/Migrations/{closure}()
#20 E:/laravel_project/passport-api/vendor/laravel/framework/src/Illuminate/Database/Console/Migrations/MigrateCommand.php(109): Illuminate/Database/Migrations/Migrator->usingConnection(NULL, Object(Closure))
#21 E:/laravel_project/passport-api/vendor/laravel/framework/src/Illuminate/Database/Console/Migrations/MigrateCommand.php(88): Illuminate/Database/Console/Migrations/MigrateCommand->runMigrations()
#22 E:/laravel_project/passport-api/vendor/laravel/framework/src/Illuminate/Container/BoundMethod.php(36): Illuminate/Database/Console/Migrations/MigrateCommand->handle()
#23 E:/laravel_project/passport-api/vendor/laravel/framework/src/Illuminate/Container/Util.php(43): Illuminate/Container/BoundMethod::Illuminate/Container/{closure}()
#24 E:/laravel_project/passport-api/vendor/laravel/framework/src/Illuminate/Container/BoundMethod.php(96): Illuminate/Container/Util::unwrapIfClosure(Object(Closure))
#25 E:/laravel_project/passport-api/vendor/laravel/framework/src/Illuminate/Container/BoundMethod.php(35): Illuminate/Container/BoundMethod::callBoundMethod(Object(Illuminate/Foundation/Application), Array, Object(Closure))
#26 E:/laravel_project/passport-api/vendor/laravel/framework/src/Illuminate/Container/Container.php(799): Illuminate/Container/BoundMethod::call(Object(Illuminate/Foundation/Application), Array, Array, NULL)
#27 E:/laravel_project/passport-api/vendor/laravel/framework/src/Illuminate/Console/Command.php(211): Illuminate/Container/Container->call(Array)
#28 E:/laravel_project/passport-api/vendor/symfony/console/Command/Command.php(341): Illuminate/Console/Command->execute(Object(Symfony/Component/Console/Input/ArrayInput), Object(Illuminate/Console/OutputStyle))
#29 E:/laravel_project/passport-api/vendor/laravel/framework/src/Illuminate/Console/Command.php(180): Symfony/Component/Console/Command/Command->run(Object(Symfony/Component/Console/Input/ArrayInput), Object(Illuminate/Console/OutputStyle))
#30 E:/laravel_project/passport-api/vendor/laravel/framework/src/Illuminate/Console/Concerns/CallsCommands.php(68): Illuminate/Console/Command->run(Object(Symfony/Component/Console/Input/ArrayInput), Object(Illuminate/Console/OutputStyle))
#31 E:/laravel_project/passport-api/vendor/laravel/framework/src/Illuminate/Console/Concerns/CallsCommands.php(29): Illuminate/Console/Command->runCommand('migrate', Array, Object(Illuminate/Console/OutputStyle))
#32 E:/laravel_project/passport-api/vendor/laravel/framework/src/Illuminate/Database/Console/Migrations/FreshCommand.php(88): Illuminate/Console/Command->call('migrate', Array)
#33 E:/laravel_project/passport-api/vendor/laravel/framework/src/Illuminate/Container/BoundMethod.php(36): Illuminate/Database/Console/Migrations/FreshCommand->handle()
#34 E:/laravel_project/passport-api/vendor/laravel/framework/src/Illuminate/Container/Util.php(43): Illuminate/Container/BoundMethod::Illuminate/Container/{closure}()
#35 E:/laravel_project/passport-api/vendor/laravel/framework/src/Illuminate/Container/BoundMethod.php(96): Illuminate/Container/Util::unwrapIfClosure(Object(Closure))
#36 E:/laravel_project/passport-api/vendor/laravel/framework/src/Illuminate/Container/BoundMethod.php(35): Illuminate/Container/BoundMethod::callBoundMethod(Object(Illuminate/Foundation/Application), Array, Object(Closure))
#37 E:/laravel_project/passport-api/vendor/laravel/framework/src/Illuminate/Container/Container.php(799): Illuminate/Container/BoundMethod::call(Object(Illuminate/Foundation/Application), Array, Array, NULL)
#38 E:/laravel_project/passport-api/vendor/laravel/framework/src/Illuminate/Console/Command.php(211): Illuminate/Container/Container->call(Array)
#39 E:/laravel_project/passport-api/vendor/symfony/console/Command/Command.php(341): Illuminate/Console/Command->execute(Object(Symfony/Component/Console/Input/ArgvInput), Object(Illuminate/Console/OutputStyle))
#40 E:/laravel_project/passport-api/vendor/laravel/framework/src/Illuminate/Console/Command.php(180): Symfony/Component/Console/Command/Command->run(Object(Symfony/Component/Console/Input/ArgvInput), Object(Illuminate/Console/OutputStyle))
#41 E:/laravel_project/passport-api/vendor/symfony/console/Application.php(1117): Illuminate/Console/Command->run(Object(Symfony/Component/Console/Input/ArgvInput), Object(Symfony/Component/Console/Output/ConsoleOutput))
#42 E:/laravel_project/passport-api/vendor/symfony/console/Application.php(356): Symfony/Component/Console/Application->doRunCommand(Object(Illuminate/Database/Console/Migrations/FreshCommand), Object(Symfony/Component/Console/Input/ArgvInput), Object(Symfony/Component/Console/Output/ConsoleOutput))
#43 E:/laravel_project/passport-api/vendor/symfony/console/Application.php(195): Symfony/Component/Console/Application->doRun(Object(Symfony/Component/Console/Input/ArgvInput), Object(Symfony/Component/Console/Output/ConsoleOutput))
#44 E:/laravel_project/passport-api/vendor/laravel/framework/src/Illuminate/Foundation/Console/Kernel.php(198): Symfony/Component/Console/Application->run(Object(Symfony/Component/Console/Input/ArgvInput), Object(Symfony/Component/Console/Output/ConsoleOutput))
#45 E:/laravel_project/passport-api/vendor/laravel/framework/src/Illuminate/Foundation/Application.php(1235): Illuminate/Foundation/Console/Kernel->handle(Object(Symfony/Component/Console/Input/ArgvInput), Object(Symfony/Component/Console/Output/ConsoleOutput))
#46 E:/laravel_project/passport-api/artisan(16): Illuminate/Foundation/Application->handleCommand(Object(Symfony/Component/Console/Input/ArgvInput))
#47 {main}
"} 
[2026-03-26 13:12:37] local.ERROR: SQLSTATE[42S01]: Base table or view already exists: 1050 Table 'oauth_auth_codes' already exists (Connection: mysql, Host: 127.0.0.1, Port: 3306, Database: laravel_passport, SQL: create table `oauth_auth_codes` (`id` char(80) not null, `user_id` bigint unsigned not null, `client_id` char(36) not null, `scopes` text null, `revoked` tinyint(1) not null, `expires_at` datetime null, primary key (`id`)) default character set utf8mb4 collate 'utf8mb4_unicode_ci') {"exception":"[object] (Illuminate\\Database\\QueryException(code: 42S01): SQLSTATE[42S01]: Base table or view already exists: 1050 Table 'oauth_auth_codes' already exists (Connection: mysql, Host: 127.0.0.1, Port: 3306, Database: laravel_passport, SQL: create table `oauth_auth_codes` (`id` char(80) not null, `user_id` bigint unsigned not null, `client_id` char(36) not null, `scopes` text null, `revoked` tinyint(1) not null, `expires_at` datetime null, primary key (`id`)) default character set utf8mb4 collate 'utf8mb4_unicode_ci') at E:/laravel_project/passport-api/vendor/laravel/framework/src/Illuminate/Database/Connection.php:838)
[stacktrace]
#0 E:/laravel_project/passport-api/vendor/laravel/framework/src/Illuminate/Database/Connection.php(794): Illuminate/Database/Connection->runQueryCallback('create table `o...', Array, Object(Closure))
#1 E:/laravel_project/passport-api/vendor/laravel/framework/src/Illuminate/Database/Connection.php(573): Illuminate/Database/Connection->run('create table `o...', Array, Object(Closure))
#2 E:/laravel_project/passport-api/vendor/laravel/framework/src/Illuminate/Database/Schema/Blueprint.php(121): Illuminate/Database/Connection->statement('create table `o...')
#3 E:/laravel_project/passport-api/vendor/laravel/framework/src/Illuminate/Database/Schema/Builder.php(686): Illuminate/Database/Schema/Blueprint->build()
#4 E:/laravel_project/passport-api/vendor/laravel/framework/src/Illuminate/Database/Schema/Builder.php(506): Illuminate/Database/Schema/Builder->build(Object(Illuminate/Database/Schema/Blueprint))
#5 E:/laravel_project/passport-api/vendor/laravel/framework/src/Illuminate/Support/Facades/Facade.php(363): Illuminate/Database/Schema/Builder->create('oauth_auth_code...', Object(Closure))
#6 E:/laravel_project/passport-api/database/migrations/2026_03_26_115035_create_oauth_auth_codes_table.php(14): Illuminate/Support/Facades/Facade::__callStatic('create', Array)
#7 E:/laravel_project/passport-api/vendor/laravel/framework/src/Illuminate/Database/Migrations/Migrator.php(517): Illuminate/Database/Migrations/Migration@anonymous->up()
#8 E:/laravel_project/passport-api/vendor/laravel/framework/src/Illuminate/Database/Migrations/Migrator.php(442): Illuminate/Database/Migrations/Migrator->runMethod(Object(Illuminate/Database/MySqlConnection), Object(Illuminate/Database/Migrations/Migration@anonymous), 'up')
#9 E:/laravel_project/passport-api/vendor/laravel/framework/src/Illuminate/Database/Migrations/Migrator.php(451): Illuminate/Database/Migrations/Migrator->Illuminate/Database/Migrations/{closure}()
#10 E:/laravel_project/passport-api/vendor/laravel/framework/src/Illuminate/Database/Migrations/Migrator.php(253): Illuminate/Database/Migrations/Migrator->runMigration(Object(Illuminate/Database/Migrations/Migration@anonymous), 'up')
#11 E:/laravel_project/passport-api/vendor/laravel/framework/src/Illuminate/Console/View/Components/Task.php(41): Illuminate/Database/Migrations/Migrator->Illuminate/Database/Migrations/{closure}()
#12 E:/laravel_project/passport-api/vendor/laravel/framework/src/Illuminate/Database/Migrations/Migrator.php(814): Illuminate/Console/View/Components/Task->render('2026_03_26_1150...', Object(Closure))
#13 E:/laravel_project/passport-api/vendor/laravel/framework/src/Illuminate/Database/Migrations/Migrator.php(253): Illuminate/Database/Migrations/Migrator->write('Illuminate//Cons...', '2026_03_26_1150...', Object(Closure))
#14 E:/laravel_project/passport-api/vendor/laravel/framework/src/Illuminate/Database/Migrations/Migrator.php(211): Illuminate/Database/Migrations/Migrator->runUp('E://laravel_proj...', 1, false)
#15 E:/laravel_project/passport-api/vendor/laravel/framework/src/Illuminate/Database/Migrations/Migrator.php(138): Illuminate/Database/Migrations/Migrator->runPending(Array, Array)
#16 E:/laravel_project/passport-api/vendor/laravel/framework/src/Illuminate/Database/Console/Migrations/MigrateCommand.php(116): Illuminate/Database/Migrations/Migrator->run(Array, Array)
#17 E:/laravel_project/passport-api/vendor/laravel/framework/src/Illuminate/Database/Migrations/Migrator.php(671): Illuminate/Database/Console/Migrations/MigrateCommand->Illuminate/Database/Console/Migrations/{closure}()
#18 E:/laravel_project/passport-api/vendor/laravel/framework/src/Illuminate/Database/Console/Migrations/MigrateCommand.php(109): Illuminate/Database/Migrations/Migrator->usingConnection(NULL, Object(Closure))
#19 E:/laravel_project/passport-api/vendor/laravel/framework/src/Illuminate/Database/Console/Migrations/MigrateCommand.php(88): Illuminate/Database/Console/Migrations/MigrateCommand->runMigrations()
#20 E:/laravel_project/passport-api/vendor/laravel/framework/src/Illuminate/Container/BoundMethod.php(36): Illuminate/Database/Console/Migrations/MigrateCommand->handle()
#21 E:/laravel_project/passport-api/vendor/laravel/framework/src/Illuminate/Container/Util.php(43): Illuminate/Container/BoundMethod::Illuminate/Container/{closure}()
#22 E:/laravel_project/passport-api/vendor/laravel/framework/src/Illuminate/Container/BoundMethod.php(96): Illuminate/Container/Util::unwrapIfClosure(Object(Closure))
#23 E:/laravel_project/passport-api/vendor/laravel/framework/src/Illuminate/Container/BoundMethod.php(35): Illuminate/Container/BoundMethod::callBoundMethod(Object(Illuminate/Foundation/Application), Array, Object(Closure))
#24 E:/laravel_project/passport-api/vendor/laravel/framework/src/Illuminate/Container/Container.php(799): Illuminate/Container/BoundMethod::call(Object(Illuminate/Foundation/Application), Array, Array, NULL)
#25 E:/laravel_project/passport-api/vendor/laravel/framework/src/Illuminate/Console/Command.php(211): Illuminate/Container/Container->call(Array)
#26 E:/laravel_project/passport-api/vendor/symfony/console/Command/Command.php(341): Illuminate/Console/Command->execute(Object(Symfony/Component/Console/Input/ArrayInput), Object(Illuminate/Console/OutputStyle))
#27 E:/laravel_project/passport-api/vendor/laravel/framework/src/Illuminate/Console/Command.php(180): Symfony/Component/Console/Command/Command->run(Object(Symfony/Component/Console/Input/ArrayInput), Object(Illuminate/Console/OutputStyle))
#28 E:/laravel_project/passport-api/vendor/laravel/framework/src/Illuminate/Console/Concerns/CallsCommands.php(68): Illuminate/Console/Command->run(Object(Symfony/Component/Console/Input/ArrayInput), Object(Illuminate/Console/OutputStyle))
#29 E:/laravel_project/passport-api/vendor/laravel/framework/src/Illuminate/Console/Concerns/CallsCommands.php(29): Illuminate/Console/Command->runCommand('migrate', Array, Object(Illuminate/Console/OutputStyle))
#30 E:/laravel_project/passport-api/vendor/laravel/framework/src/Illuminate/Database/Console/Migrations/FreshCommand.php(88): Illuminate/Console/Command->call('migrate', Array)
#31 E:/laravel_project/passport-api/vendor/laravel/framework/src/Illuminate/Container/BoundMethod.php(36): Illuminate/Database/Console/Migrations/FreshCommand->handle()
#32 E:/laravel_project/passport-api/vendor/laravel/framework/src/Illuminate/Container/Util.php(43): Illuminate/Container/BoundMethod::Illuminate/Container/{closure}()
#33 E:/laravel_project/passport-api/vendor/laravel/framework/src/Illuminate/Container/BoundMethod.php(96): Illuminate/Container/Util::unwrapIfClosure(Object(Closure))
#34 E:/laravel_project/passport-api/vendor/laravel/framework/src/Illuminate/Container/BoundMethod.php(35): Illuminate/Container/BoundMethod::callBoundMethod(Object(Illuminate/Foundation/Application), Array, Object(Closure))
#35 E:/laravel_project/passport-api/vendor/laravel/framework/src/Illuminate/Container/Container.php(799): Illuminate/Container/BoundMethod::call(Object(Illuminate/Foundation/Application), Array, Array, NULL)
#36 E:/laravel_project/passport-api/vendor/laravel/framework/src/Illuminate/Console/Command.php(211): Illuminate/Container/Container->call(Array)
#37 E:/laravel_project/passport-api/vendor/symfony/console/Command/Command.php(341): Illuminate/Console/Command->execute(Object(Symfony/Component/Console/Input/ArgvInput), Object(Illuminate/Console/OutputStyle))
#38 E:/laravel_project/passport-api/vendor/laravel/framework/src/Illuminate/Console/Command.php(180): Symfony/Component/Console/Command/Command->run(Object(Symfony/Component/Console/Input/ArgvInput), Object(Illuminate/Console/OutputStyle))
#39 E:/laravel_project/passport-api/vendor/symfony/console/Application.php(1117): Illuminate/Console/Command->run(Object(Symfony/Component/Console/Input/ArgvInput), Object(Symfony/Component/Console/Output/ConsoleOutput))
#40 E:/laravel_project/passport-api/vendor/symfony/console/Application.php(356): Symfony/Component/Console/Application->doRunCommand(Object(Illuminate/Database/Console/Migrations/FreshCommand), Object(Symfony/Component/Console/Input/ArgvInput), Object(Symfony/Component/Console/Output/ConsoleOutput))
#41 E:/laravel_project/passport-api/vendor/symfony/console/Application.php(195): Symfony/Component/Console/Application->doRun(Object(Symfony/Component/Console/Input/ArgvInput), Object(Symfony/Component/Console/Output/ConsoleOutput))
#42 E:/laravel_project/passport-api/vendor/laravel/framework/src/Illuminate/Foundation/Console/Kernel.php(198): Symfony/Component/Console/Application->run(Object(Symfony/Component/Console/Input/ArgvInput), Object(Symfony/Component/Console/Output/ConsoleOutput))
#43 E:/laravel_project/passport-api/vendor/laravel/framework/src/Illuminate/Foundation/Application.php(1235): Illuminate/Foundation/Console/Kernel->handle(Object(Symfony/Component/Console/Input/ArgvInput), Object(Symfony/Component/Console/Output/ConsoleOutput))
#44 E:/laravel_project/passport-api/artisan(16): Illuminate/Foundation/Application->handleCommand(Object(Symfony/Component/Console/Input/ArgvInput))
#45 {main}

[previous exception] [object] (PDOException(code: 42S01): SQLSTATE[42S01]: Base table or view already exists: 1050 Table 'oauth_auth_codes' already exists at E:/laravel_project/passport-api/vendor/laravel/framework/src/Illuminate/Database/Connection.php:584)
[stacktrace]
#0 E:/laravel_project/passport-api/vendor/laravel/framework/src/Illuminate/Database/Connection.php(584): PDOStatement->execute()
#1 E:/laravel_project/passport-api/vendor/laravel/framework/src/Illuminate/Database/Connection.php(827): Illuminate/Database/Connection->Illuminate/Database/{closure}('create table `o...', Array)
#2 E:/laravel_project/passport-api/vendor/laravel/framework/src/Illuminate/Database/Connection.php(794): Illuminate/Database/Connection->runQueryCallback('create table `o...', Array, Object(Closure))
#3 E:/laravel_project/passport-api/vendor/laravel/framework/src/Illuminate/Database/Connection.php(573): Illuminate/Database/Connection->run('create table `o...', Array, Object(Closure))
#4 E:/laravel_project/passport-api/vendor/laravel/framework/src/Illuminate/Database/Schema/Blueprint.php(121): Illuminate/Database/Connection->statement('create table `o...')
#5 E:/laravel_project/passport-api/vendor/laravel/framework/src/Illuminate/Database/Schema/Builder.php(686): Illuminate/Database/Schema/Blueprint->build()
#6 E:/laravel_project/passport-api/vendor/laravel/framework/src/Illuminate/Database/Schema/Builder.php(506): Illuminate/Database/Schema/Builder->build(Object(Illuminate/Database/Schema/Blueprint))
#7 E:/laravel_project/passport-api/vendor/laravel/framework/src/Illuminate/Support/Facades/Facade.php(363): Illuminate/Database/Schema/Builder->create('oauth_auth_code...', Object(Closure))
#8 E:/laravel_project/passport-api/database/migrations/2026_03_26_115035_create_oauth_auth_codes_table.php(14): Illuminate/Support/Facades/Facade::__callStatic('create', Array)
#9 E:/laravel_project/passport-api/vendor/laravel/framework/src/Illuminate/Database/Migrations/Migrator.php(517): Illuminate/Database/Migrations/Migration@anonymous->up()
#10 E:/laravel_project/passport-api/vendor/laravel/framework/src/Illuminate/Database/Migrations/Migrator.php(442): Illuminate/Database/Migrations/Migrator->runMethod(Object(Illuminate/Database/MySqlConnection), Object(Illuminate/Database/Migrations/Migration@anonymous), 'up')
#11 E:/laravel_project/passport-api/vendor/laravel/framework/src/Illuminate/Database/Migrations/Migrator.php(451): Illuminate/Database/Migrations/Migrator->Illuminate/Database/Migrations/{closure}()
#12 E:/laravel_project/passport-api/vendor/laravel/framework/src/Illuminate/Database/Migrations/Migrator.php(253): Illuminate/Database/Migrations/Migrator->runMigration(Object(Illuminate/Database/Migrations/Migration@anonymous), 'up')
#13 E:/laravel_project/passport-api/vendor/laravel/framework/src/Illuminate/Console/View/Components/Task.php(41): Illuminate/Database/Migrations/Migrator->Illuminate/Database/Migrations/{closure}()
#14 E:/laravel_project/passport-api/vendor/laravel/framework/src/Illuminate/Database/Migrations/Migrator.php(814): Illuminate/Console/View/Components/Task->render('2026_03_26_1150...', Object(Closure))
#15 E:/laravel_project/passport-api/vendor/laravel/framework/src/Illuminate/Database/Migrations/Migrator.php(253): Illuminate/Database/Migrations/Migrator->write('Illuminate//Cons...', '2026_03_26_1150...', Object(Closure))
#16 E:/laravel_project/passport-api/vendor/laravel/framework/src/Illuminate/Database/Migrations/Migrator.php(211): Illuminate/Database/Migrations/Migrator->runUp('E://laravel_proj...', 1, false)
#17 E:/laravel_project/passport-api/vendor/laravel/framework/src/Illuminate/Database/Migrations/Migrator.php(138): Illuminate/Database/Migrations/Migrator->runPending(Array, Array)
#18 E:/laravel_project/passport-api/vendor/laravel/framework/src/Illuminate/Database/Console/Migrations/MigrateCommand.php(116): Illuminate/Database/Migrations/Migrator->run(Array, Array)
#19 E:/laravel_project/passport-api/vendor/laravel/framework/src/Illuminate/Database/Migrations/Migrator.php(671): Illuminate/Database/Console/Migrations/MigrateCommand->Illuminate/Database/Console/Migrations/{closure}()
#20 E:/laravel_project/passport-api/vendor/laravel/framework/src/Illuminate/Database/Console/Migrations/MigrateCommand.php(109): Illuminate/Database/Migrations/Migrator->usingConnection(NULL, Object(Closure))
#21 E:/laravel_project/passport-api/vendor/laravel/framework/src/Illuminate/Database/Console/Migrations/MigrateCommand.php(88): Illuminate/Database/Console/Migrations/MigrateCommand->runMigrations()
#22 E:/laravel_project/passport-api/vendor/laravel/framework/src/Illuminate/Container/BoundMethod.php(36): Illuminate/Database/Console/Migrations/MigrateCommand->handle()
#23 E:/laravel_project/passport-api/vendor/laravel/framework/src/Illuminate/Container/Util.php(43): Illuminate/Container/BoundMethod::Illuminate/Container/{closure}()
#24 E:/laravel_project/passport-api/vendor/laravel/framework/src/Illuminate/Container/BoundMethod.php(96): Illuminate/Container/Util::unwrapIfClosure(Object(Closure))
#25 E:/laravel_project/passport-api/vendor/laravel/framework/src/Illuminate/Container/BoundMethod.php(35): Illuminate/Container/BoundMethod::callBoundMethod(Object(Illuminate/Foundation/Application), Array, Object(Closure))
#26 E:/laravel_project/passport-api/vendor/laravel/framework/src/Illuminate/Container/Container.php(799): Illuminate/Container/BoundMethod::call(Object(Illuminate/Foundation/Application), Array, Array, NULL)
#27 E:/laravel_project/passport-api/vendor/laravel/framework/src/Illuminate/Console/Command.php(211): Illuminate/Container/Container->call(Array)
#28 E:/laravel_project/passport-api/vendor/symfony/console/Command/Command.php(341): Illuminate/Console/Command->execute(Object(Symfony/Component/Console/Input/ArrayInput), Object(Illuminate/Console/OutputStyle))
#29 E:/laravel_project/passport-api/vendor/laravel/framework/src/Illuminate/Console/Command.php(180): Symfony/Component/Console/Command/Command->run(Object(Symfony/Component/Console/Input/ArrayInput), Object(Illuminate/Console/OutputStyle))
#30 E:/laravel_project/passport-api/vendor/laravel/framework/src/Illuminate/Console/Concerns/CallsCommands.php(68): Illuminate/Console/Command->run(Object(Symfony/Component/Console/Input/ArrayInput), Object(Illuminate/Console/OutputStyle))
#31 E:/laravel_project/passport-api/vendor/laravel/framework/src/Illuminate/Console/Concerns/CallsCommands.php(29): Illuminate/Console/Command->runCommand('migrate', Array, Object(Illuminate/Console/OutputStyle))
#32 E:/laravel_project/passport-api/vendor/laravel/framework/src/Illuminate/Database/Console/Migrations/FreshCommand.php(88): Illuminate/Console/Command->call('migrate', Array)
#33 E:/laravel_project/passport-api/vendor/laravel/framework/src/Illuminate/Container/BoundMethod.php(36): Illuminate/Database/Console/Migrations/FreshCommand->handle()
#34 E:/laravel_project/passport-api/vendor/laravel/framework/src/Illuminate/Container/Util.php(43): Illuminate/Container/BoundMethod::Illuminate/Container/{closure}()
#35 E:/laravel_project/passport-api/vendor/laravel/framework/src/Illuminate/Container/BoundMethod.php(96): Illuminate/Container/Util::unwrapIfClosure(Object(Closure))
#36 E:/laravel_project/passport-api/vendor/laravel/framework/src/Illuminate/Container/BoundMethod.php(35): Illuminate/Container/BoundMethod::callBoundMethod(Object(Illuminate/Foundation/Application), Array, Object(Closure))
#37 E:/laravel_project/passport-api/vendor/laravel/framework/src/Illuminate/Container/Container.php(799): Illuminate/Container/BoundMethod::call(Object(Illuminate/Foundation/Application), Array, Array, NULL)
#38 E:/laravel_project/passport-api/vendor/laravel/framework/src/Illuminate/Console/Command.php(211): Illuminate/Container/Container->call(Array)
#39 E:/laravel_project/passport-api/vendor/symfony/console/Command/Command.php(341): Illuminate/Console/Command->execute(Object(Symfony/Component/Console/Input/ArgvInput), Object(Illuminate/Console/OutputStyle))
#40 E:/laravel_project/passport-api/vendor/laravel/framework/src/Illuminate/Console/Command.php(180): Symfony/Component/Console/Command/Command->run(Object(Symfony/Component/Console/Input/ArgvInput), Object(Illuminate/Console/OutputStyle))
#41 E:/laravel_project/passport-api/vendor/symfony/console/Application.php(1117): Illuminate/Console/Command->run(Object(Symfony/Component/Console/Input/ArgvInput), Object(Symfony/Component/Console/Output/ConsoleOutput))
#42 E:/laravel_project/passport-api/vendor/symfony/console/Application.php(356): Symfony/Component/Console/Application->doRunCommand(Object(Illuminate/Database/Console/Migrations/FreshCommand), Object(Symfony/Component/Console/Input/ArgvInput), Object(Symfony/Component/Console/Output/ConsoleOutput))
#43 E:/laravel_project/passport-api/vendor/symfony/console/Application.php(195): Symfony/Component/Console/Application->doRun(Object(Symfony/Component/Console/Input/ArgvInput), Object(Symfony/Component/Console/Output/ConsoleOutput))
#44 E:/laravel_project/passport-api/vendor/laravel/framework/src/Illuminate/Foundation/Console/Kernel.php(198): Symfony/Component/Console/Application->run(Object(Symfony/Component/Console/Input/ArgvInput), Object(Symfony/Component/Console/Output/ConsoleOutput))
#45 E:/laravel_project/passport-api/vendor/laravel/framework/src/Illuminate/Foundation/Application.php(1235): Illuminate/Foundation/Console/Kernel->handle(Object(Symfony/Component/Console/Input/ArgvInput), Object(Symfony/Component/Console/Output/ConsoleOutput))
#46 E:/laravel_project/passport-api/artisan(16): Illuminate/Foundation/Application->handleCommand(Object(Symfony/Component/Console/Input/ArgvInput))
#47 {main}
"} 
[2026-03-26 13:14:04] local.ERROR: SQLSTATE[42S01]: Base table or view already exists: 1050 Table 'oauth_auth_codes' already exists (Connection: mysql, Host: 127.0.0.1, Port: 3306, Database: laravel_passport, SQL: create table `oauth_auth_codes` (`id` char(80) not null, `user_id` bigint unsigned not null, `client_id` char(36) not null, `scopes` text null, `revoked` tinyint(1) not null, `expires_at` datetime null, primary key (`id`)) default character set utf8mb4 collate 'utf8mb4_unicode_ci') {"exception":"[object] (Illuminate\\Database\\QueryException(code: 42S01): SQLSTATE[42S01]: Base table or view already exists: 1050 Table 'oauth_auth_codes' already exists (Connection: mysql, Host: 127.0.0.1, Port: 3306, Database: laravel_passport, SQL: create table `oauth_auth_codes` (`id` char(80) not null, `user_id` bigint unsigned not null, `client_id` char(36) not null, `scopes` text null, `revoked` tinyint(1) not null, `expires_at` datetime null, primary key (`id`)) default character set utf8mb4 collate 'utf8mb4_unicode_ci') at E:/laravel_project/passport-api/vendor/laravel/framework/src/Illuminate/Database/Connection.php:838)
[stacktrace]
#0 E:/laravel_project/passport-api/vendor/laravel/framework/src/Illuminate/Database/Connection.php(794): Illuminate/Database/Connection->runQueryCallback('create table `o...', Array, Object(Closure))
#1 E:/laravel_project/passport-api/vendor/laravel/framework/src/Illuminate/Database/Connection.php(573): Illuminate/Database/Connection->run('create table `o...', Array, Object(Closure))
#2 E:/laravel_project/passport-api/vendor/laravel/framework/src/Illuminate/Database/Schema/Blueprint.php(121): Illuminate/Database/Connection->statement('create table `o...')
#3 E:/laravel_project/passport-api/vendor/laravel/framework/src/Illuminate/Database/Schema/Builder.php(686): Illuminate/Database/Schema/Blueprint->build()
#4 E:/laravel_project/passport-api/vendor/laravel/framework/src/Illuminate/Database/Schema/Builder.php(506): Illuminate/Database/Schema/Builder->build(Object(Illuminate/Database/Schema/Blueprint))
#5 E:/laravel_project/passport-api/vendor/laravel/framework/src/Illuminate/Support/Facades/Facade.php(363): Illuminate/Database/Schema/Builder->create('oauth_auth_code...', Object(Closure))
#6 E:/laravel_project/passport-api/database/migrations/2026_03_26_115035_create_oauth_auth_codes_table.php(14): Illuminate/Support/Facades/Facade::__callStatic('create', Array)
#7 E:/laravel_project/passport-api/vendor/laravel/framework/src/Illuminate/Database/Migrations/Migrator.php(517): Illuminate/Database/Migrations/Migration@anonymous->up()
#8 E:/laravel_project/passport-api/vendor/laravel/framework/src/Illuminate/Database/Migrations/Migrator.php(442): Illuminate/Database/Migrations/Migrator->runMethod(Object(Illuminate/Database/MySqlConnection), Object(Illuminate/Database/Migrations/Migration@anonymous), 'up')
#9 E:/laravel_project/passport-api/vendor/laravel/framework/src/Illuminate/Database/Migrations/Migrator.php(451): Illuminate/Database/Migrations/Migrator->Illuminate/Database/Migrations/{closure}()
#10 E:/laravel_project/passport-api/vendor/laravel/framework/src/Illuminate/Database/Migrations/Migrator.php(253): Illuminate/Database/Migrations/Migrator->runMigration(Object(Illuminate/Database/Migrations/Migration@anonymous), 'up')
#11 E:/laravel_project/passport-api/vendor/laravel/framework/src/Illuminate/Console/View/Components/Task.php(41): Illuminate/Database/Migrations/Migrator->Illuminate/Database/Migrations/{closure}()
#12 E:/laravel_project/passport-api/vendor/laravel/framework/src/Illuminate/Database/Migrations/Migrator.php(814): Illuminate/Console/View/Components/Task->render('2026_03_26_1150...', Object(Closure))
#13 E:/laravel_project/passport-api/vendor/laravel/framework/src/Illuminate/Database/Migrations/Migrator.php(253): Illuminate/Database/Migrations/Migrator->write('Illuminate//Cons...', '2026_03_26_1150...', Object(Closure))
#14 E:/laravel_project/passport-api/vendor/laravel/framework/src/Illuminate/Database/Migrations/Migrator.php(211): Illuminate/Database/Migrations/Migrator->runUp('E://laravel_proj...', 2, false)
#15 E:/laravel_project/passport-api/vendor/laravel/framework/src/Illuminate/Database/Migrations/Migrator.php(138): Illuminate/Database/Migrations/Migrator->runPending(Array, Array)
#16 E:/laravel_project/passport-api/vendor/laravel/framework/src/Illuminate/Database/Console/Migrations/MigrateCommand.php(116): Illuminate/Database/Migrations/Migrator->run(Array, Array)
#17 E:/laravel_project/passport-api/vendor/laravel/framework/src/Illuminate/Database/Migrations/Migrator.php(671): Illuminate/Database/Console/Migrations/MigrateCommand->Illuminate/Database/Console/Migrations/{closure}()
#18 E:/laravel_project/passport-api/vendor/laravel/framework/src/Illuminate/Database/Console/Migrations/MigrateCommand.php(109): Illuminate/Database/Migrations/Migrator->usingConnection(NULL, Object(Closure))
#19 E:/laravel_project/passport-api/vendor/laravel/framework/src/Illuminate/Database/Console/Migrations/MigrateCommand.php(88): Illuminate/Database/Console/Migrations/MigrateCommand->runMigrations()
#20 E:/laravel_project/passport-api/vendor/laravel/framework/src/Illuminate/Container/BoundMethod.php(36): Illuminate/Database/Console/Migrations/MigrateCommand->handle()
#21 E:/laravel_project/passport-api/vendor/laravel/framework/src/Illuminate/Container/Util.php(43): Illuminate/Container/BoundMethod::Illuminate/Container/{closure}()
#22 E:/laravel_project/passport-api/vendor/laravel/framework/src/Illuminate/Container/BoundMethod.php(96): Illuminate/Container/Util::unwrapIfClosure(Object(Closure))
#23 E:/laravel_project/passport-api/vendor/laravel/framework/src/Illuminate/Container/BoundMethod.php(35): Illuminate/Container/BoundMethod::callBoundMethod(Object(Illuminate/Foundation/Application), Array, Object(Closure))
#24 E:/laravel_project/passport-api/vendor/laravel/framework/src/Illuminate/Container/Container.php(799): Illuminate/Container/BoundMethod::call(Object(Illuminate/Foundation/Application), Array, Array, NULL)
#25 E:/laravel_project/passport-api/vendor/laravel/framework/src/Illuminate/Console/Command.php(211): Illuminate/Container/Container->call(Array)
#26 E:/laravel_project/passport-api/vendor/symfony/console/Command/Command.php(341): Illuminate/Console/Command->execute(Object(Symfony/Component/Console/Input/ArgvInput), Object(Illuminate/Console/OutputStyle))
#27 E:/laravel_project/passport-api/vendor/laravel/framework/src/Illuminate/Console/Command.php(180): Symfony/Component/Console/Command/Command->run(Object(Symfony/Component/Console/Input/ArgvInput), Object(Illuminate/Console/OutputStyle))
#28 E:/laravel_project/passport-api/vendor/symfony/console/Application.php(1117): Illuminate/Console/Command->run(Object(Symfony/Component/Console/Input/ArgvInput), Object(Symfony/Component/Console/Output/ConsoleOutput))
#29 E:/laravel_project/passport-api/vendor/symfony/console/Application.php(356): Symfony/Component/Console/Application->doRunCommand(Object(Illuminate/Database/Console/Migrations/MigrateCommand), Object(Symfony/Component/Console/Input/ArgvInput), Object(Symfony/Component/Console/Output/ConsoleOutput))
#30 E:/laravel_project/passport-api/vendor/symfony/console/Application.php(195): Symfony/Component/Console/Application->doRun(Object(Symfony/Component/Console/Input/ArgvInput), Object(Symfony/Component/Console/Output/ConsoleOutput))
#31 E:/laravel_project/passport-api/vendor/laravel/framework/src/Illuminate/Foundation/Console/Kernel.php(198): Symfony/Component/Console/Application->run(Object(Symfony/Component/Console/Input/ArgvInput), Object(Symfony/Component/Console/Output/ConsoleOutput))
#32 E:/laravel_project/passport-api/vendor/laravel/framework/src/Illuminate/Foundation/Application.php(1235): Illuminate/Foundation/Console/Kernel->handle(Object(Symfony/Component/Console/Input/ArgvInput), Object(Symfony/Component/Console/Output/ConsoleOutput))
#33 E:/laravel_project/passport-api/artisan(16): Illuminate/Foundation/Application->handleCommand(Object(Symfony/Component/Console/Input/ArgvInput))
#34 {main}

[previous exception] [object] (PDOException(code: 42S01): SQLSTATE[42S01]: Base table or view already exists: 1050 Table 'oauth_auth_codes' already exists at E:/laravel_project/passport-api/vendor/laravel/framework/src/Illuminate/Database/Connection.php:584)
[stacktrace]
#0 E:/laravel_project/passport-api/vendor/laravel/framework/src/Illuminate/Database/Connection.php(584): PDOStatement->execute()
#1 E:/laravel_project/passport-api/vendor/laravel/framework/src/Illuminate/Database/Connection.php(827): Illuminate/Database/Connection->Illuminate/Database/{closure}('create table `o...', Array)
#2 E:/laravel_project/passport-api/vendor/laravel/framework/src/Illuminate/Database/Connection.php(794): Illuminate/Database/Connection->runQueryCallback('create table `o...', Array, Object(Closure))
#3 E:/laravel_project/passport-api/vendor/laravel/framework/src/Illuminate/Database/Connection.php(573): Illuminate/Database/Connection->run('create table `o...', Array, Object(Closure))
#4 E:/laravel_project/passport-api/vendor/laravel/framework/src/Illuminate/Database/Schema/Blueprint.php(121): Illuminate/Database/Connection->statement('create table `o...')
#5 E:/laravel_project/passport-api/vendor/laravel/framework/src/Illuminate/Database/Schema/Builder.php(686): Illuminate/Database/Schema/Blueprint->build()
#6 E:/laravel_project/passport-api/vendor/laravel/framework/src/Illuminate/Database/Schema/Builder.php(506): Illuminate/Database/Schema/Builder->build(Object(Illuminate/Database/Schema/Blueprint))
#7 E:/laravel_project/passport-api/vendor/laravel/framework/src/Illuminate/Support/Facades/Facade.php(363): Illuminate/Database/Schema/Builder->create('oauth_auth_code...', Object(Closure))
#8 E:/laravel_project/passport-api/database/migrations/2026_03_26_115035_create_oauth_auth_codes_table.php(14): Illuminate/Support/Facades/Facade::__callStatic('create', Array)
#9 E:/laravel_project/passport-api/vendor/laravel/framework/src/Illuminate/Database/Migrations/Migrator.php(517): Illuminate/Database/Migrations/Migration@anonymous->up()
#10 E:/laravel_project/passport-api/vendor/laravel/framework/src/Illuminate/Database/Migrations/Migrator.php(442): Illuminate/Database/Migrations/Migrator->runMethod(Object(Illuminate/Database/MySqlConnection), Object(Illuminate/Database/Migrations/Migration@anonymous), 'up')
#11 E:/laravel_project/passport-api/vendor/laravel/framework/src/Illuminate/Database/Migrations/Migrator.php(451): Illuminate/Database/Migrations/Migrator->Illuminate/Database/Migrations/{closure}()
#12 E:/laravel_project/passport-api/vendor/laravel/framework/src/Illuminate/Database/Migrations/Migrator.php(253): Illuminate/Database/Migrations/Migrator->runMigration(Object(Illuminate/Database/Migrations/Migration@anonymous), 'up')
#13 E:/laravel_project/passport-api/vendor/laravel/framework/src/Illuminate/Console/View/Components/Task.php(41): Illuminate/Database/Migrations/Migrator->Illuminate/Database/Migrations/{closure}()
#14 E:/laravel_project/passport-api/vendor/laravel/framework/src/Illuminate/Database/Migrations/Migrator.php(814): Illuminate/Console/View/Components/Task->render('2026_03_26_1150...', Object(Closure))
#15 E:/laravel_project/passport-api/vendor/laravel/framework/src/Illuminate/Database/Migrations/Migrator.php(253): Illuminate/Database/Migrations/Migrator->write('Illuminate//Cons...', '2026_03_26_1150...', Object(Closure))
#16 E:/laravel_project/passport-api/vendor/laravel/framework/src/Illuminate/Database/Migrations/Migrator.php(211): Illuminate/Database/Migrations/Migrator->runUp('E://laravel_proj...', 2, false)
#17 E:/laravel_project/passport-api/vendor/laravel/framework/src/Illuminate/Database/Migrations/Migrator.php(138): Illuminate/Database/Migrations/Migrator->runPending(Array, Array)
#18 E:/laravel_project/passport-api/vendor/laravel/framework/src/Illuminate/Database/Console/Migrations/MigrateCommand.php(116): Illuminate/Database/Migrations/Migrator->run(Array, Array)
#19 E:/laravel_project/passport-api/vendor/laravel/framework/src/Illuminate/Database/Migrations/Migrator.php(671): Illuminate/Database/Console/Migrations/MigrateCommand->Illuminate/Database/Console/Migrations/{closure}()
#20 E:/laravel_project/passport-api/vendor/laravel/framework/src/Illuminate/Database/Console/Migrations/MigrateCommand.php(109): Illuminate/Database/Migrations/Migrator->usingConnection(NULL, Object(Closure))
#21 E:/laravel_project/passport-api/vendor/laravel/framework/src/Illuminate/Database/Console/Migrations/MigrateCommand.php(88): Illuminate/Database/Console/Migrations/MigrateCommand->runMigrations()
#22 E:/laravel_project/passport-api/vendor/laravel/framework/src/Illuminate/Container/BoundMethod.php(36): Illuminate/Database/Console/Migrations/MigrateCommand->handle()
#23 E:/laravel_project/passport-api/vendor/laravel/framework/src/Illuminate/Container/Util.php(43): Illuminate/Container/BoundMethod::Illuminate/Container/{closure}()
#24 E:/laravel_project/passport-api/vendor/laravel/framework/src/Illuminate/Container/BoundMethod.php(96): Illuminate/Container/Util::unwrapIfClosure(Object(Closure))
#25 E:/laravel_project/passport-api/vendor/laravel/framework/src/Illuminate/Container/BoundMethod.php(35): Illuminate/Container/BoundMethod::callBoundMethod(Object(Illuminate/Foundation/Application), Array, Object(Closure))
#26 E:/laravel_project/passport-api/vendor/laravel/framework/src/Illuminate/Container/Container.php(799): Illuminate/Container/BoundMethod::call(Object(Illuminate/Foundation/Application), Array, Array, NULL)
#27 E:/laravel_project/passport-api/vendor/laravel/framework/src/Illuminate/Console/Command.php(211): Illuminate/Container/Container->call(Array)
#28 E:/laravel_project/passport-api/vendor/symfony/console/Command/Command.php(341): Illuminate/Console/Command->execute(Object(Symfony/Component/Console/Input/ArgvInput), Object(Illuminate/Console/OutputStyle))
#29 E:/laravel_project/passport-api/vendor/laravel/framework/src/Illuminate/Console/Command.php(180): Symfony/Component/Console/Command/Command->run(Object(Symfony/Component/Console/Input/ArgvInput), Object(Illuminate/Console/OutputStyle))
#30 E:/laravel_project/passport-api/vendor/symfony/console/Application.php(1117): Illuminate/Console/Command->run(Object(Symfony/Component/Console/Input/ArgvInput), Object(Symfony/Component/Console/Output/ConsoleOutput))
#31 E:/laravel_project/passport-api/vendor/symfony/console/Application.php(356): Symfony/Component/Console/Application->doRunCommand(Object(Illuminate/Database/Console/Migrations/MigrateCommand), Object(Symfony/Component/Console/Input/ArgvInput), Object(Symfony/Component/Console/Output/ConsoleOutput))
#32 E:/laravel_project/passport-api/vendor/symfony/console/Application.php(195): Symfony/Component/Console/Application->doRun(Object(Symfony/Component/Console/Input/ArgvInput), Object(Symfony/Component/Console/Output/ConsoleOutput))
#33 E:/laravel_project/passport-api/vendor/laravel/framework/src/Illuminate/Foundation/Console/Kernel.php(198): Symfony/Component/Console/Application->run(Object(Symfony/Component/Console/Input/ArgvInput), Object(Symfony/Component/Console/Output/ConsoleOutput))
#34 E:/laravel_project/passport-api/vendor/laravel/framework/src/Illuminate/Foundation/Application.php(1235): Illuminate/Foundation/Console/Kernel->handle(Object(Symfony/Component/Console/Input/ArgvInput), Object(Symfony/Component/Console/Output/ConsoleOutput))
#35 E:/laravel_project/passport-api/artisan(16): Illuminate/Foundation/Application->handleCommand(Object(Symfony/Component/Console/Input/ArgvInput))
#36 {main}
"} 
[2026-03-26 13:14:16] local.ERROR: SQLSTATE[42S01]: Base table or view already exists: 1050 Table 'oauth_auth_codes' already exists (Connection: mysql, Host: 127.0.0.1, Port: 3306, Database: laravel_passport, SQL: create table `oauth_auth_codes` (`id` char(80) not null, `user_id` bigint unsigned not null, `client_id` char(36) not null, `scopes` text null, `revoked` tinyint(1) not null, `expires_at` datetime null, primary key (`id`)) default character set utf8mb4 collate 'utf8mb4_unicode_ci') {"exception":"[object] (Illuminate\\Database\\QueryException(code: 42S01): SQLSTATE[42S01]: Base table or view already exists: 1050 Table 'oauth_auth_codes' already exists (Connection: mysql, Host: 127.0.0.1, Port: 3306, Database: laravel_passport, SQL: create table `oauth_auth_codes` (`id` char(80) not null, `user_id` bigint unsigned not null, `client_id` char(36) not null, `scopes` text null, `revoked` tinyint(1) not null, `expires_at` datetime null, primary key (`id`)) default character set utf8mb4 collate 'utf8mb4_unicode_ci') at E:/laravel_project/passport-api/vendor/laravel/framework/src/Illuminate/Database/Connection.php:838)
[stacktrace]
#0 E:/laravel_project/passport-api/vendor/laravel/framework/src/Illuminate/Database/Connection.php(794): Illuminate/Database/Connection->runQueryCallback('create table `o...', Array, Object(Closure))
#1 E:/laravel_project/passport-api/vendor/laravel/framework/src/Illuminate/Database/Connection.php(573): Illuminate/Database/Connection->run('create table `o...', Array, Object(Closure))
#2 E:/laravel_project/passport-api/vendor/laravel/framework/src/Illuminate/Database/Schema/Blueprint.php(121): Illuminate/Database/Connection->statement('create table `o...')
#3 E:/laravel_project/passport-api/vendor/laravel/framework/src/Illuminate/Database/Schema/Builder.php(686): Illuminate/Database/Schema/Blueprint->build()
#4 E:/laravel_project/passport-api/vendor/laravel/framework/src/Illuminate/Database/Schema/Builder.php(506): Illuminate/Database/Schema/Builder->build(Object(Illuminate/Database/Schema/Blueprint))
#5 E:/laravel_project/passport-api/vendor/laravel/framework/src/Illuminate/Support/Facades/Facade.php(363): Illuminate/Database/Schema/Builder->create('oauth_auth_code...', Object(Closure))
#6 E:/laravel_project/passport-api/database/migrations/2026_03_26_115035_create_oauth_auth_codes_table.php(14): Illuminate/Support/Facades/Facade::__callStatic('create', Array)
#7 E:/laravel_project/passport-api/vendor/laravel/framework/src/Illuminate/Database/Migrations/Migrator.php(517): Illuminate/Database/Migrations/Migration@anonymous->up()
#8 E:/laravel_project/passport-api/vendor/laravel/framework/src/Illuminate/Database/Migrations/Migrator.php(442): Illuminate/Database/Migrations/Migrator->runMethod(Object(Illuminate/Database/MySqlConnection), Object(Illuminate/Database/Migrations/Migration@anonymous), 'up')
#9 E:/laravel_project/passport-api/vendor/laravel/framework/src/Illuminate/Database/Migrations/Migrator.php(451): Illuminate/Database/Migrations/Migrator->Illuminate/Database/Migrations/{closure}()
#10 E:/laravel_project/passport-api/vendor/laravel/framework/src/Illuminate/Database/Migrations/Migrator.php(253): Illuminate/Database/Migrations/Migrator->runMigration(Object(Illuminate/Database/Migrations/Migration@anonymous), 'up')
#11 E:/laravel_project/passport-api/vendor/laravel/framework/src/Illuminate/Console/View/Components/Task.php(41): Illuminate/Database/Migrations/Migrator->Illuminate/Database/Migrations/{closure}()
#12 E:/laravel_project/passport-api/vendor/laravel/framework/src/Illuminate/Database/Migrations/Migrator.php(814): Illuminate/Console/View/Components/Task->render('2026_03_26_1150...', Object(Closure))
#13 E:/laravel_project/passport-api/vendor/laravel/framework/src/Illuminate/Database/Migrations/Migrator.php(253): Illuminate/Database/Migrations/Migrator->write('Illuminate//Cons...', '2026_03_26_1150...', Object(Closure))
#14 E:/laravel_project/passport-api/vendor/laravel/framework/src/Illuminate/Database/Migrations/Migrator.php(211): Illuminate/Database/Migrations/Migrator->runUp('E://laravel_proj...', 1, false)
#15 E:/laravel_project/passport-api/vendor/laravel/framework/src/Illuminate/Database/Migrations/Migrator.php(138): Illuminate/Database/Migrations/Migrator->runPending(Array, Array)
#16 E:/laravel_project/passport-api/vendor/laravel/framework/src/Illuminate/Database/Console/Migrations/MigrateCommand.php(116): Illuminate/Database/Migrations/Migrator->run(Array, Array)
#17 E:/laravel_project/passport-api/vendor/laravel/framework/src/Illuminate/Database/Migrations/Migrator.php(671): Illuminate/Database/Console/Migrations/MigrateCommand->Illuminate/Database/Console/Migrations/{closure}()
#18 E:/laravel_project/passport-api/vendor/laravel/framework/src/Illuminate/Database/Console/Migrations/MigrateCommand.php(109): Illuminate/Database/Migrations/Migrator->usingConnection(NULL, Object(Closure))
#19 E:/laravel_project/passport-api/vendor/laravel/framework/src/Illuminate/Database/Console/Migrations/MigrateCommand.php(88): Illuminate/Database/Console/Migrations/MigrateCommand->runMigrations()
#20 E:/laravel_project/passport-api/vendor/laravel/framework/src/Illuminate/Container/BoundMethod.php(36): Illuminate/Database/Console/Migrations/MigrateCommand->handle()
#21 E:/laravel_project/passport-api/vendor/laravel/framework/src/Illuminate/Container/Util.php(43): Illuminate/Container/BoundMethod::Illuminate/Container/{closure}()
#22 E:/laravel_project/passport-api/vendor/laravel/framework/src/Illuminate/Container/BoundMethod.php(96): Illuminate/Container/Util::unwrapIfClosure(Object(Closure))
#23 E:/laravel_project/passport-api/vendor/laravel/framework/src/Illuminate/Container/BoundMethod.php(35): Illuminate/Container/BoundMethod::callBoundMethod(Object(Illuminate/Foundation/Application), Array, Object(Closure))
#24 E:/laravel_project/passport-api/vendor/laravel/framework/src/Illuminate/Container/Container.php(799): Illuminate/Container/BoundMethod::call(Object(Illuminate/Foundation/Application), Array, Array, NULL)
#25 E:/laravel_project/passport-api/vendor/laravel/framework/src/Illuminate/Console/Command.php(211): Illuminate/Container/Container->call(Array)
#26 E:/laravel_project/passport-api/vendor/symfony/console/Command/Command.php(341): Illuminate/Console/Command->execute(Object(Symfony/Component/Console/Input/ArrayInput), Object(Illuminate/Console/OutputStyle))
#27 E:/laravel_project/passport-api/vendor/laravel/framework/src/Illuminate/Console/Command.php(180): Symfony/Component/Console/Command/Command->run(Object(Symfony/Component/Console/Input/ArrayInput), Object(Illuminate/Console/OutputStyle))
#28 E:/laravel_project/passport-api/vendor/laravel/framework/src/Illuminate/Console/Concerns/CallsCommands.php(68): Illuminate/Console/Command->run(Object(Symfony/Component/Console/Input/ArrayInput), Object(Illuminate/Console/OutputStyle))
#29 E:/laravel_project/passport-api/vendor/laravel/framework/src/Illuminate/Console/Concerns/CallsCommands.php(29): Illuminate/Console/Command->runCommand('migrate', Array, Object(Illuminate/Console/OutputStyle))
#30 E:/laravel_project/passport-api/vendor/laravel/framework/src/Illuminate/Database/Console/Migrations/FreshCommand.php(88): Illuminate/Console/Command->call('migrate', Array)
#31 E:/laravel_project/passport-api/vendor/laravel/framework/src/Illuminate/Container/BoundMethod.php(36): Illuminate/Database/Console/Migrations/FreshCommand->handle()
#32 E:/laravel_project/passport-api/vendor/laravel/framework/src/Illuminate/Container/Util.php(43): Illuminate/Container/BoundMethod::Illuminate/Container/{closure}()
#33 E:/laravel_project/passport-api/vendor/laravel/framework/src/Illuminate/Container/BoundMethod.php(96): Illuminate/Container/Util::unwrapIfClosure(Object(Closure))
#34 E:/laravel_project/passport-api/vendor/laravel/framework/src/Illuminate/Container/BoundMethod.php(35): Illuminate/Container/BoundMethod::callBoundMethod(Object(Illuminate/Foundation/Application), Array, Object(Closure))
#35 E:/laravel_project/passport-api/vendor/laravel/framework/src/Illuminate/Container/Container.php(799): Illuminate/Container/BoundMethod::call(Object(Illuminate/Foundation/Application), Array, Array, NULL)
#36 E:/laravel_project/passport-api/vendor/laravel/framework/src/Illuminate/Console/Command.php(211): Illuminate/Container/Container->call(Array)
#37 E:/laravel_project/passport-api/vendor/symfony/console/Command/Command.php(341): Illuminate/Console/Command->execute(Object(Symfony/Component/Console/Input/ArgvInput), Object(Illuminate/Console/OutputStyle))
#38 E:/laravel_project/passport-api/vendor/laravel/framework/src/Illuminate/Console/Command.php(180): Symfony/Component/Console/Command/Command->run(Object(Symfony/Component/Console/Input/ArgvInput), Object(Illuminate/Console/OutputStyle))
#39 E:/laravel_project/passport-api/vendor/symfony/console/Application.php(1117): Illuminate/Console/Command->run(Object(Symfony/Component/Console/Input/ArgvInput), Object(Symfony/Component/Console/Output/ConsoleOutput))
#40 E:/laravel_project/passport-api/vendor/symfony/console/Application.php(356): Symfony/Component/Console/Application->doRunCommand(Object(Illuminate/Database/Console/Migrations/FreshCommand), Object(Symfony/Component/Console/Input/ArgvInput), Object(Symfony/Component/Console/Output/ConsoleOutput))
#41 E:/laravel_project/passport-api/vendor/symfony/console/Application.php(195): Symfony/Component/Console/Application->doRun(Object(Symfony/Component/Console/Input/ArgvInput), Object(Symfony/Component/Console/Output/ConsoleOutput))
#42 E:/laravel_project/passport-api/vendor/laravel/framework/src/Illuminate/Foundation/Console/Kernel.php(198): Symfony/Component/Console/Application->run(Object(Symfony/Component/Console/Input/ArgvInput), Object(Symfony/Component/Console/Output/ConsoleOutput))
#43 E:/laravel_project/passport-api/vendor/laravel/framework/src/Illuminate/Foundation/Application.php(1235): Illuminate/Foundation/Console/Kernel->handle(Object(Symfony/Component/Console/Input/ArgvInput), Object(Symfony/Component/Console/Output/ConsoleOutput))
#44 E:/laravel_project/passport-api/artisan(16): Illuminate/Foundation/Application->handleCommand(Object(Symfony/Component/Console/Input/ArgvInput))
#45 {main}

[previous exception] [object] (PDOException(code: 42S01): SQLSTATE[42S01]: Base table or view already exists: 1050 Table 'oauth_auth_codes' already exists at E:/laravel_project/passport-api/vendor/laravel/framework/src/Illuminate/Database/Connection.php:584)
[stacktrace]
#0 E:/laravel_project/passport-api/vendor/laravel/framework/src/Illuminate/Database/Connection.php(584): PDOStatement->execute()
#1 E:/laravel_project/passport-api/vendor/laravel/framework/src/Illuminate/Database/Connection.php(827): Illuminate/Database/Connection->Illuminate/Database/{closure}('create table `o...', Array)
#2 E:/laravel_project/passport-api/vendor/laravel/framework/src/Illuminate/Database/Connection.php(794): Illuminate/Database/Connection->runQueryCallback('create table `o...', Array, Object(Closure))
#3 E:/laravel_project/passport-api/vendor/laravel/framework/src/Illuminate/Database/Connection.php(573): Illuminate/Database/Connection->run('create table `o...', Array, Object(Closure))
#4 E:/laravel_project/passport-api/vendor/laravel/framework/src/Illuminate/Database/Schema/Blueprint.php(121): Illuminate/Database/Connection->statement('create table `o...')
#5 E:/laravel_project/passport-api/vendor/laravel/framework/src/Illuminate/Database/Schema/Builder.php(686): Illuminate/Database/Schema/Blueprint->build()
#6 E:/laravel_project/passport-api/vendor/laravel/framework/src/Illuminate/Database/Schema/Builder.php(506): Illuminate/Database/Schema/Builder->build(Object(Illuminate/Database/Schema/Blueprint))
#7 E:/laravel_project/passport-api/vendor/laravel/framework/src/Illuminate/Support/Facades/Facade.php(363): Illuminate/Database/Schema/Builder->create('oauth_auth_code...', Object(Closure))
#8 E:/laravel_project/passport-api/database/migrations/2026_03_26_115035_create_oauth_auth_codes_table.php(14): Illuminate/Support/Facades/Facade::__callStatic('create', Array)
#9 E:/laravel_project/passport-api/vendor/laravel/framework/src/Illuminate/Database/Migrations/Migrator.php(517): Illuminate/Database/Migrations/Migration@anonymous->up()
#10 E:/laravel_project/passport-api/vendor/laravel/framework/src/Illuminate/Database/Migrations/Migrator.php(442): Illuminate/Database/Migrations/Migrator->runMethod(Object(Illuminate/Database/MySqlConnection), Object(Illuminate/Database/Migrations/Migration@anonymous), 'up')
#11 E:/laravel_project/passport-api/vendor/laravel/framework/src/Illuminate/Database/Migrations/Migrator.php(451): Illuminate/Database/Migrations/Migrator->Illuminate/Database/Migrations/{closure}()
#12 E:/laravel_project/passport-api/vendor/laravel/framework/src/Illuminate/Database/Migrations/Migrator.php(253): Illuminate/Database/Migrations/Migrator->runMigration(Object(Illuminate/Database/Migrations/Migration@anonymous), 'up')
#13 E:/laravel_project/passport-api/vendor/laravel/framework/src/Illuminate/Console/View/Components/Task.php(41): Illuminate/Database/Migrations/Migrator->Illuminate/Database/Migrations/{closure}()
#14 E:/laravel_project/passport-api/vendor/laravel/framework/src/Illuminate/Database/Migrations/Migrator.php(814): Illuminate/Console/View/Components/Task->render('2026_03_26_1150...', Object(Closure))
#15 E:/laravel_project/passport-api/vendor/laravel/framework/src/Illuminate/Database/Migrations/Migrator.php(253): Illuminate/Database/Migrations/Migrator->write('Illuminate//Cons...', '2026_03_26_1150...', Object(Closure))
#16 E:/laravel_project/passport-api/vendor/laravel/framework/src/Illuminate/Database/Migrations/Migrator.php(211): Illuminate/Database/Migrations/Migrator->runUp('E://laravel_proj...', 1, false)
#17 E:/laravel_project/passport-api/vendor/laravel/framework/src/Illuminate/Database/Migrations/Migrator.php(138): Illuminate/Database/Migrations/Migrator->runPending(Array, Array)
#18 E:/laravel_project/passport-api/vendor/laravel/framework/src/Illuminate/Database/Console/Migrations/MigrateCommand.php(116): Illuminate/Database/Migrations/Migrator->run(Array, Array)
#19 E:/laravel_project/passport-api/vendor/laravel/framework/src/Illuminate/Database/Migrations/Migrator.php(671): Illuminate/Database/Console/Migrations/MigrateCommand->Illuminate/Database/Console/Migrations/{closure}()
#20 E:/laravel_project/passport-api/vendor/laravel/framework/src/Illuminate/Database/Console/Migrations/MigrateCommand.php(109): Illuminate/Database/Migrations/Migrator->usingConnection(NULL, Object(Closure))
#21 E:/laravel_project/passport-api/vendor/laravel/framework/src/Illuminate/Database/Console/Migrations/MigrateCommand.php(88): Illuminate/Database/Console/Migrations/MigrateCommand->runMigrations()
#22 E:/laravel_project/passport-api/vendor/laravel/framework/src/Illuminate/Container/BoundMethod.php(36): Illuminate/Database/Console/Migrations/MigrateCommand->handle()
#23 E:/laravel_project/passport-api/vendor/laravel/framework/src/Illuminate/Container/Util.php(43): Illuminate/Container/BoundMethod::Illuminate/Container/{closure}()
#24 E:/laravel_project/passport-api/vendor/laravel/framework/src/Illuminate/Container/BoundMethod.php(96): Illuminate/Container/Util::unwrapIfClosure(Object(Closure))
#25 E:/laravel_project/passport-api/vendor/laravel/framework/src/Illuminate/Container/BoundMethod.php(35): Illuminate/Container/BoundMethod::callBoundMethod(Object(Illuminate/Foundation/Application), Array, Object(Closure))
#26 E:/laravel_project/passport-api/vendor/laravel/framework/src/Illuminate/Container/Container.php(799): Illuminate/Container/BoundMethod::call(Object(Illuminate/Foundation/Application), Array, Array, NULL)
#27 E:/laravel_project/passport-api/vendor/laravel/framework/src/Illuminate/Console/Command.php(211): Illuminate/Container/Container->call(Array)
#28 E:/laravel_project/passport-api/vendor/symfony/console/Command/Command.php(341): Illuminate/Console/Command->execute(Object(Symfony/Component/Console/Input/ArrayInput), Object(Illuminate/Console/OutputStyle))
#29 E:/laravel_project/passport-api/vendor/laravel/framework/src/Illuminate/Console/Command.php(180): Symfony/Component/Console/Command/Command->run(Object(Symfony/Component/Console/Input/ArrayInput), Object(Illuminate/Console/OutputStyle))
#30 E:/laravel_project/passport-api/vendor/laravel/framework/src/Illuminate/Console/Concerns/CallsCommands.php(68): Illuminate/Console/Command->run(Object(Symfony/Component/Console/Input/ArrayInput), Object(Illuminate/Console/OutputStyle))
#31 E:/laravel_project/passport-api/vendor/laravel/framework/src/Illuminate/Console/Concerns/CallsCommands.php(29): Illuminate/Console/Command->runCommand('migrate', Array, Object(Illuminate/Console/OutputStyle))
#32 E:/laravel_project/passport-api/vendor/laravel/framework/src/Illuminate/Database/Console/Migrations/FreshCommand.php(88): Illuminate/Console/Command->call('migrate', Array)
#33 E:/laravel_project/passport-api/vendor/laravel/framework/src/Illuminate/Container/BoundMethod.php(36): Illuminate/Database/Console/Migrations/FreshCommand->handle()
#34 E:/laravel_project/passport-api/vendor/laravel/framework/src/Illuminate/Container/Util.php(43): Illuminate/Container/BoundMethod::Illuminate/Container/{closure}()
#35 E:/laravel_project/passport-api/vendor/laravel/framework/src/Illuminate/Container/BoundMethod.php(96): Illuminate/Container/Util::unwrapIfClosure(Object(Closure))
#36 E:/laravel_project/passport-api/vendor/laravel/framework/src/Illuminate/Container/BoundMethod.php(35): Illuminate/Container/BoundMethod::callBoundMethod(Object(Illuminate/Foundation/Application), Array, Object(Closure))
#37 E:/laravel_project/passport-api/vendor/laravel/framework/src/Illuminate/Container/Container.php(799): Illuminate/Container/BoundMethod::call(Object(Illuminate/Foundation/Application), Array, Array, NULL)
#38 E:/laravel_project/passport-api/vendor/laravel/framework/src/Illuminate/Console/Command.php(211): Illuminate/Container/Container->call(Array)
#39 E:/laravel_project/passport-api/vendor/symfony/console/Command/Command.php(341): Illuminate/Console/Command->execute(Object(Symfony/Component/Console/Input/ArgvInput), Object(Illuminate/Console/OutputStyle))
#40 E:/laravel_project/passport-api/vendor/laravel/framework/src/Illuminate/Console/Command.php(180): Symfony/Component/Console/Command/Command->run(Object(Symfony/Component/Console/Input/ArgvInput), Object(Illuminate/Console/OutputStyle))
#41 E:/laravel_project/passport-api/vendor/symfony/console/Application.php(1117): Illuminate/Console/Command->run(Object(Symfony/Component/Console/Input/ArgvInput), Object(Symfony/Component/Console/Output/ConsoleOutput))
#42 E:/laravel_project/passport-api/vendor/symfony/console/Application.php(356): Symfony/Component/Console/Application->doRunCommand(Object(Illuminate/Database/Console/Migrations/FreshCommand), Object(Symfony/Component/Console/Input/ArgvInput), Object(Symfony/Component/Console/Output/ConsoleOutput))
#43 E:/laravel_project/passport-api/vendor/symfony/console/Application.php(195): Symfony/Component/Console/Application->doRun(Object(Symfony/Component/Console/Input/ArgvInput), Object(Symfony/Component/Console/Output/ConsoleOutput))
#44 E:/laravel_project/passport-api/vendor/laravel/framework/src/Illuminate/Foundation/Console/Kernel.php(198): Symfony/Component/Console/Application->run(Object(Symfony/Component/Console/Input/ArgvInput), Object(Symfony/Component/Console/Output/ConsoleOutput))
#45 E:/laravel_project/passport-api/vendor/laravel/framework/src/Illuminate/Foundation/Application.php(1235): Illuminate/Foundation/Console/Kernel->handle(Object(Symfony/Component/Console/Input/ArgvInput), Object(Symfony/Component/Console/Output/ConsoleOutput))
#46 E:/laravel_project/passport-api/artisan(16): Illuminate/Foundation/Application->handleCommand(Object(Symfony/Component/Console/Input/ArgvInput))
#47 {main}
"} 
[2026-03-26 13:16:03] local.ERROR: SQLSTATE[42S01]: Base table or view already exists: 1050 Table 'oauth_auth_codes' already exists (Connection: mysql, Host: 127.0.0.1, Port: 3306, Database: laravel_passport, SQL: create table `oauth_auth_codes` (`id` char(80) not null, `user_id` bigint unsigned not null, `client_id` char(36) not null, `scopes` text null, `revoked` tinyint(1) not null, `expires_at` datetime null, primary key (`id`)) default character set utf8mb4 collate 'utf8mb4_unicode_ci') {"exception":"[object] (Illuminate\\Database\\QueryException(code: 42S01): SQLSTATE[42S01]: Base table or view already exists: 1050 Table 'oauth_auth_codes' already exists (Connection: mysql, Host: 127.0.0.1, Port: 3306, Database: laravel_passport, SQL: create table `oauth_auth_codes` (`id` char(80) not null, `user_id` bigint unsigned not null, `client_id` char(36) not null, `scopes` text null, `revoked` tinyint(1) not null, `expires_at` datetime null, primary key (`id`)) default character set utf8mb4 collate 'utf8mb4_unicode_ci') at E:/laravel_project/passport-api/vendor/laravel/framework/src/Illuminate/Database/Connection.php:838)
[stacktrace]
#0 E:/laravel_project/passport-api/vendor/laravel/framework/src/Illuminate/Database/Connection.php(794): Illuminate/Database/Connection->runQueryCallback('create table `o...', Array, Object(Closure))
#1 E:/laravel_project/passport-api/vendor/laravel/framework/src/Illuminate/Database/Connection.php(573): Illuminate/Database/Connection->run('create table `o...', Array, Object(Closure))
#2 E:/laravel_project/passport-api/vendor/laravel/framework/src/Illuminate/Database/Schema/Blueprint.php(121): Illuminate/Database/Connection->statement('create table `o...')
#3 E:/laravel_project/passport-api/vendor/laravel/framework/src/Illuminate/Database/Schema/Builder.php(686): Illuminate/Database/Schema/Blueprint->build()
#4 E:/laravel_project/passport-api/vendor/laravel/framework/src/Illuminate/Database/Schema/Builder.php(506): Illuminate/Database/Schema/Builder->build(Object(Illuminate/Database/Schema/Blueprint))
#5 E:/laravel_project/passport-api/vendor/laravel/framework/src/Illuminate/Support/Facades/Facade.php(363): Illuminate/Database/Schema/Builder->create('oauth_auth_code...', Object(Closure))
#6 E:/laravel_project/passport-api/database/migrations/2026_03_26_115035_create_oauth_auth_codes_table.php(14): Illuminate/Support/Facades/Facade::__callStatic('create', Array)
#7 E:/laravel_project/passport-api/vendor/laravel/framework/src/Illuminate/Database/Migrations/Migrator.php(517): Illuminate/Database/Migrations/Migration@anonymous->up()
#8 E:/laravel_project/passport-api/vendor/laravel/framework/src/Illuminate/Database/Migrations/Migrator.php(442): Illuminate/Database/Migrations/Migrator->runMethod(Object(Illuminate/Database/MySqlConnection), Object(Illuminate/Database/Migrations/Migration@anonymous), 'up')
#9 E:/laravel_project/passport-api/vendor/laravel/framework/src/Illuminate/Database/Migrations/Migrator.php(451): Illuminate/Database/Migrations/Migrator->Illuminate/Database/Migrations/{closure}()
#10 E:/laravel_project/passport-api/vendor/laravel/framework/src/Illuminate/Database/Migrations/Migrator.php(253): Illuminate/Database/Migrations/Migrator->runMigration(Object(Illuminate/Database/Migrations/Migration@anonymous), 'up')
#11 E:/laravel_project/passport-api/vendor/laravel/framework/src/Illuminate/Console/View/Components/Task.php(41): Illuminate/Database/Migrations/Migrator->Illuminate/Database/Migrations/{closure}()
#12 E:/laravel_project/passport-api/vendor/laravel/framework/src/Illuminate/Database/Migrations/Migrator.php(814): Illuminate/Console/View/Components/Task->render('2026_03_26_1150...', Object(Closure))
#13 E:/laravel_project/passport-api/vendor/laravel/framework/src/Illuminate/Database/Migrations/Migrator.php(253): Illuminate/Database/Migrations/Migrator->write('Illuminate//Cons...', '2026_03_26_1150...', Object(Closure))
#14 E:/laravel_project/passport-api/vendor/laravel/framework/src/Illuminate/Database/Migrations/Migrator.php(211): Illuminate/Database/Migrations/Migrator->runUp('E://laravel_proj...', 1, false)
#15 E:/laravel_project/passport-api/vendor/laravel/framework/src/Illuminate/Database/Migrations/Migrator.php(138): Illuminate/Database/Migrations/Migrator->runPending(Array, Array)
#16 E:/laravel_project/passport-api/vendor/laravel/framework/src/Illuminate/Database/Console/Migrations/MigrateCommand.php(116): Illuminate/Database/Migrations/Migrator->run(Array, Array)
#17 E:/laravel_project/passport-api/vendor/laravel/framework/src/Illuminate/Database/Migrations/Migrator.php(671): Illuminate/Database/Console/Migrations/MigrateCommand->Illuminate/Database/Console/Migrations/{closure}()
#18 E:/laravel_project/passport-api/vendor/laravel/framework/src/Illuminate/Database/Console/Migrations/MigrateCommand.php(109): Illuminate/Database/Migrations/Migrator->usingConnection(NULL, Object(Closure))
#19 E:/laravel_project/passport-api/vendor/laravel/framework/src/Illuminate/Database/Console/Migrations/MigrateCommand.php(88): Illuminate/Database/Console/Migrations/MigrateCommand->runMigrations()
#20 E:/laravel_project/passport-api/vendor/laravel/framework/src/Illuminate/Container/BoundMethod.php(36): Illuminate/Database/Console/Migrations/MigrateCommand->handle()
#21 E:/laravel_project/passport-api/vendor/laravel/framework/src/Illuminate/Container/Util.php(43): Illuminate/Container/BoundMethod::Illuminate/Container/{closure}()
#22 E:/laravel_project/passport-api/vendor/laravel/framework/src/Illuminate/Container/BoundMethod.php(96): Illuminate/Container/Util::unwrapIfClosure(Object(Closure))
#23 E:/laravel_project/passport-api/vendor/laravel/framework/src/Illuminate/Container/BoundMethod.php(35): Illuminate/Container/BoundMethod::callBoundMethod(Object(Illuminate/Foundation/Application), Array, Object(Closure))
#24 E:/laravel_project/passport-api/vendor/laravel/framework/src/Illuminate/Container/Container.php(799): Illuminate/Container/BoundMethod::call(Object(Illuminate/Foundation/Application), Array, Array, NULL)
#25 E:/laravel_project/passport-api/vendor/laravel/framework/src/Illuminate/Console/Command.php(211): Illuminate/Container/Container->call(Array)
#26 E:/laravel_project/passport-api/vendor/symfony/console/Command/Command.php(341): Illuminate/Console/Command->execute(Object(Symfony/Component/Console/Input/ArrayInput), Object(Illuminate/Console/OutputStyle))
#27 E:/laravel_project/passport-api/vendor/laravel/framework/src/Illuminate/Console/Command.php(180): Symfony/Component/Console/Command/Command->run(Object(Symfony/Component/Console/Input/ArrayInput), Object(Illuminate/Console/OutputStyle))
#28 E:/laravel_project/passport-api/vendor/laravel/framework/src/Illuminate/Console/Concerns/CallsCommands.php(68): Illuminate/Console/Command->run(Object(Symfony/Component/Console/Input/ArrayInput), Object(Illuminate/Console/OutputStyle))
#29 E:/laravel_project/passport-api/vendor/laravel/framework/src/Illuminate/Console/Concerns/CallsCommands.php(29): Illuminate/Console/Command->runCommand('migrate', Array, Object(Illuminate/Console/OutputStyle))
#30 E:/laravel_project/passport-api/vendor/laravel/framework/src/Illuminate/Database/Console/Migrations/FreshCommand.php(88): Illuminate/Console/Command->call('migrate', Array)
#31 E:/laravel_project/passport-api/vendor/laravel/framework/src/Illuminate/Container/BoundMethod.php(36): Illuminate/Database/Console/Migrations/FreshCommand->handle()
#32 E:/laravel_project/passport-api/vendor/laravel/framework/src/Illuminate/Container/Util.php(43): Illuminate/Container/BoundMethod::Illuminate/Container/{closure}()
#33 E:/laravel_project/passport-api/vendor/laravel/framework/src/Illuminate/Container/BoundMethod.php(96): Illuminate/Container/Util::unwrapIfClosure(Object(Closure))
#34 E:/laravel_project/passport-api/vendor/laravel/framework/src/Illuminate/Container/BoundMethod.php(35): Illuminate/Container/BoundMethod::callBoundMethod(Object(Illuminate/Foundation/Application), Array, Object(Closure))
#35 E:/laravel_project/passport-api/vendor/laravel/framework/src/Illuminate/Container/Container.php(799): Illuminate/Container/BoundMethod::call(Object(Illuminate/Foundation/Application), Array, Array, NULL)
#36 E:/laravel_project/passport-api/vendor/laravel/framework/src/Illuminate/Console/Command.php(211): Illuminate/Container/Container->call(Array)
#37 E:/laravel_project/passport-api/vendor/symfony/console/Command/Command.php(341): Illuminate/Console/Command->execute(Object(Symfony/Component/Console/Input/ArgvInput), Object(Illuminate/Console/OutputStyle))
#38 E:/laravel_project/passport-api/vendor/laravel/framework/src/Illuminate/Console/Command.php(180): Symfony/Component/Console/Command/Command->run(Object(Symfony/Component/Console/Input/ArgvInput), Object(Illuminate/Console/OutputStyle))
#39 E:/laravel_project/passport-api/vendor/symfony/console/Application.php(1117): Illuminate/Console/Command->run(Object(Symfony/Component/Console/Input/ArgvInput), Object(Symfony/Component/Console/Output/ConsoleOutput))
#40 E:/laravel_project/passport-api/vendor/symfony/console/Application.php(356): Symfony/Component/Console/Application->doRunCommand(Object(Illuminate/Database/Console/Migrations/FreshCommand), Object(Symfony/Component/Console/Input/ArgvInput), Object(Symfony/Component/Console/Output/ConsoleOutput))
#41 E:/laravel_project/passport-api/vendor/symfony/console/Application.php(195): Symfony/Component/Console/Application->doRun(Object(Symfony/Component/Console/Input/ArgvInput), Object(Symfony/Component/Console/Output/ConsoleOutput))
#42 E:/laravel_project/passport-api/vendor/laravel/framework/src/Illuminate/Foundation/Console/Kernel.php(198): Symfony/Component/Console/Application->run(Object(Symfony/Component/Console/Input/ArgvInput), Object(Symfony/Component/Console/Output/ConsoleOutput))
#43 E:/laravel_project/passport-api/vendor/laravel/framework/src/Illuminate/Foundation/Application.php(1235): Illuminate/Foundation/Console/Kernel->handle(Object(Symfony/Component/Console/Input/ArgvInput), Object(Symfony/Component/Console/Output/ConsoleOutput))
#44 E:/laravel_project/passport-api/artisan(16): Illuminate/Foundation/Application->handleCommand(Object(Symfony/Component/Console/Input/ArgvInput))
#45 {main}

[previous exception] [object] (PDOException(code: 42S01): SQLSTATE[42S01]: Base table or view already exists: 1050 Table 'oauth_auth_codes' already exists at E:/laravel_project/passport-api/vendor/laravel/framework/src/Illuminate/Database/Connection.php:584)
[stacktrace]
#0 E:/laravel_project/passport-api/vendor/laravel/framework/src/Illuminate/Database/Connection.php(584): PDOStatement->execute()
#1 E:/laravel_project/passport-api/vendor/laravel/framework/src/Illuminate/Database/Connection.php(827): Illuminate/Database/Connection->Illuminate/Database/{closure}('create table `o...', Array)
#2 E:/laravel_project/passport-api/vendor/laravel/framework/src/Illuminate/Database/Connection.php(794): Illuminate/Database/Connection->runQueryCallback('create table `o...', Array, Object(Closure))
#3 E:/laravel_project/passport-api/vendor/laravel/framework/src/Illuminate/Database/Connection.php(573): Illuminate/Database/Connection->run('create table `o...', Array, Object(Closure))
#4 E:/laravel_project/passport-api/vendor/laravel/framework/src/Illuminate/Database/Schema/Blueprint.php(121): Illuminate/Database/Connection->statement('create table `o...')
#5 E:/laravel_project/passport-api/vendor/laravel/framework/src/Illuminate/Database/Schema/Builder.php(686): Illuminate/Database/Schema/Blueprint->build()
#6 E:/laravel_project/passport-api/vendor/laravel/framework/src/Illuminate/Database/Schema/Builder.php(506): Illuminate/Database/Schema/Builder->build(Object(Illuminate/Database/Schema/Blueprint))
#7 E:/laravel_project/passport-api/vendor/laravel/framework/src/Illuminate/Support/Facades/Facade.php(363): Illuminate/Database/Schema/Builder->create('oauth_auth_code...', Object(Closure))
#8 E:/laravel_project/passport-api/database/migrations/2026_03_26_115035_create_oauth_auth_codes_table.php(14): Illuminate/Support/Facades/Facade::__callStatic('create', Array)
#9 E:/laravel_project/passport-api/vendor/laravel/framework/src/Illuminate/Database/Migrations/Migrator.php(517): Illuminate/Database/Migrations/Migration@anonymous->up()
#10 E:/laravel_project/passport-api/vendor/laravel/framework/src/Illuminate/Database/Migrations/Migrator.php(442): Illuminate/Database/Migrations/Migrator->runMethod(Object(Illuminate/Database/MySqlConnection), Object(Illuminate/Database/Migrations/Migration@anonymous), 'up')
#11 E:/laravel_project/passport-api/vendor/laravel/framework/src/Illuminate/Database/Migrations/Migrator.php(451): Illuminate/Database/Migrations/Migrator->Illuminate/Database/Migrations/{closure}()
#12 E:/laravel_project/passport-api/vendor/laravel/framework/src/Illuminate/Database/Migrations/Migrator.php(253): Illuminate/Database/Migrations/Migrator->runMigration(Object(Illuminate/Database/Migrations/Migration@anonymous), 'up')
#13 E:/laravel_project/passport-api/vendor/laravel/framework/src/Illuminate/Console/View/Components/Task.php(41): Illuminate/Database/Migrations/Migrator->Illuminate/Database/Migrations/{closure}()
#14 E:/laravel_project/passport-api/vendor/laravel/framework/src/Illuminate/Database/Migrations/Migrator.php(814): Illuminate/Console/View/Components/Task->render('2026_03_26_1150...', Object(Closure))
#15 E:/laravel_project/passport-api/vendor/laravel/framework/src/Illuminate/Database/Migrations/Migrator.php(253): Illuminate/Database/Migrations/Migrator->write('Illuminate//Cons...', '2026_03_26_1150...', Object(Closure))
#16 E:/laravel_project/passport-api/vendor/laravel/framework/src/Illuminate/Database/Migrations/Migrator.php(211): Illuminate/Database/Migrations/Migrator->runUp('E://laravel_proj...', 1, false)
#17 E:/laravel_project/passport-api/vendor/laravel/framework/src/Illuminate/Database/Migrations/Migrator.php(138): Illuminate/Database/Migrations/Migrator->runPending(Array, Array)
#18 E:/laravel_project/passport-api/vendor/laravel/framework/src/Illuminate/Database/Console/Migrations/MigrateCommand.php(116): Illuminate/Database/Migrations/Migrator->run(Array, Array)
#19 E:/laravel_project/passport-api/vendor/laravel/framework/src/Illuminate/Database/Migrations/Migrator.php(671): Illuminate/Database/Console/Migrations/MigrateCommand->Illuminate/Database/Console/Migrations/{closure}()
#20 E:/laravel_project/passport-api/vendor/laravel/framework/src/Illuminate/Database/Console/Migrations/MigrateCommand.php(109): Illuminate/Database/Migrations/Migrator->usingConnection(NULL, Object(Closure))
#21 E:/laravel_project/passport-api/vendor/laravel/framework/src/Illuminate/Database/Console/Migrations/MigrateCommand.php(88): Illuminate/Database/Console/Migrations/MigrateCommand->runMigrations()
#22 E:/laravel_project/passport-api/vendor/laravel/framework/src/Illuminate/Container/BoundMethod.php(36): Illuminate/Database/Console/Migrations/MigrateCommand->handle()
#23 E:/laravel_project/passport-api/vendor/laravel/framework/src/Illuminate/Container/Util.php(43): Illuminate/Container/BoundMethod::Illuminate/Container/{closure}()
#24 E:/laravel_project/passport-api/vendor/laravel/framework/src/Illuminate/Container/BoundMethod.php(96): Illuminate/Container/Util::unwrapIfClosure(Object(Closure))
#25 E:/laravel_project/passport-api/vendor/laravel/framework/src/Illuminate/Container/BoundMethod.php(35): Illuminate/Container/BoundMethod::callBoundMethod(Object(Illuminate/Foundation/Application), Array, Object(Closure))
#26 E:/laravel_project/passport-api/vendor/laravel/framework/src/Illuminate/Container/Container.php(799): Illuminate/Container/BoundMethod::call(Object(Illuminate/Foundation/Application), Array, Array, NULL)
#27 E:/laravel_project/passport-api/vendor/laravel/framework/src/Illuminate/Console/Command.php(211): Illuminate/Container/Container->call(Array)
#28 E:/laravel_project/passport-api/vendor/symfony/console/Command/Command.php(341): Illuminate/Console/Command->execute(Object(Symfony/Component/Console/Input/ArrayInput), Object(Illuminate/Console/OutputStyle))
#29 E:/laravel_project/passport-api/vendor/laravel/framework/src/Illuminate/Console/Command.php(180): Symfony/Component/Console/Command/Command->run(Object(Symfony/Component/Console/Input/ArrayInput), Object(Illuminate/Console/OutputStyle))
#30 E:/laravel_project/passport-api/vendor/laravel/framework/src/Illuminate/Console/Concerns/CallsCommands.php(68): Illuminate/Console/Command->run(Object(Symfony/Component/Console/Input/ArrayInput), Object(Illuminate/Console/OutputStyle))
#31 E:/laravel_project/passport-api/vendor/laravel/framework/src/Illuminate/Console/Concerns/CallsCommands.php(29): Illuminate/Console/Command->runCommand('migrate', Array, Object(Illuminate/Console/OutputStyle))
#32 E:/laravel_project/passport-api/vendor/laravel/framework/src/Illuminate/Database/Console/Migrations/FreshCommand.php(88): Illuminate/Console/Command->call('migrate', Array)
#33 E:/laravel_project/passport-api/vendor/laravel/framework/src/Illuminate/Container/BoundMethod.php(36): Illuminate/Database/Console/Migrations/FreshCommand->handle()
#34 E:/laravel_project/passport-api/vendor/laravel/framework/src/Illuminate/Container/Util.php(43): Illuminate/Container/BoundMethod::Illuminate/Container/{closure}()
#35 E:/laravel_project/passport-api/vendor/laravel/framework/src/Illuminate/Container/BoundMethod.php(96): Illuminate/Container/Util::unwrapIfClosure(Object(Closure))
#36 E:/laravel_project/passport-api/vendor/laravel/framework/src/Illuminate/Container/BoundMethod.php(35): Illuminate/Container/BoundMethod::callBoundMethod(Object(Illuminate/Foundation/Application), Array, Object(Closure))
#37 E:/laravel_project/passport-api/vendor/laravel/framework/src/Illuminate/Container/Container.php(799): Illuminate/Container/BoundMethod::call(Object(Illuminate/Foundation/Application), Array, Array, NULL)
#38 E:/laravel_project/passport-api/vendor/laravel/framework/src/Illuminate/Console/Command.php(211): Illuminate/Container/Container->call(Array)
#39 E:/laravel_project/passport-api/vendor/symfony/console/Command/Command.php(341): Illuminate/Console/Command->execute(Object(Symfony/Component/Console/Input/ArgvInput), Object(Illuminate/Console/OutputStyle))
#40 E:/laravel_project/passport-api/vendor/laravel/framework/src/Illuminate/Console/Command.php(180): Symfony/Component/Console/Command/Command->run(Object(Symfony/Component/Console/Input/ArgvInput), Object(Illuminate/Console/OutputStyle))
#41 E:/laravel_project/passport-api/vendor/symfony/console/Application.php(1117): Illuminate/Console/Command->run(Object(Symfony/Component/Console/Input/ArgvInput), Object(Symfony/Component/Console/Output/ConsoleOutput))
#42 E:/laravel_project/passport-api/vendor/symfony/console/Application.php(356): Symfony/Component/Console/Application->doRunCommand(Object(Illuminate/Database/Console/Migrations/FreshCommand), Object(Symfony/Component/Console/Input/ArgvInput), Object(Symfony/Component/Console/Output/ConsoleOutput))
#43 E:/laravel_project/passport-api/vendor/symfony/console/Application.php(195): Symfony/Component/Console/Application->doRun(Object(Symfony/Component/Console/Input/ArgvInput), Object(Symfony/Component/Console/Output/ConsoleOutput))
#44 E:/laravel_project/passport-api/vendor/laravel/framework/src/Illuminate/Foundation/Console/Kernel.php(198): Symfony/Component/Console/Application->run(Object(Symfony/Component/Console/Input/ArgvInput), Object(Symfony/Component/Console/Output/ConsoleOutput))
#45 E:/laravel_project/passport-api/vendor/laravel/framework/src/Illuminate/Foundation/Application.php(1235): Illuminate/Foundation/Console/Kernel->handle(Object(Symfony/Component/Console/Input/ArgvInput), Object(Symfony/Component/Console/Output/ConsoleOutput))
#46 E:/laravel_project/passport-api/artisan(16): Illuminate/Foundation/Application->handleCommand(Object(Symfony/Component/Console/Input/ArgvInput))
#47 {main}
"} 
[2026-03-26 13:17:59] local.ERROR: SQLSTATE[42S01]: Base table or view already exists: 1050 Table 'oauth_refresh_tokens' already exists (Connection: mysql, Host: 127.0.0.1, Port: 3306, Database: laravel_passport, SQL: create table `oauth_refresh_tokens` (`id` char(80) not null, `access_token_id` char(80) not null, `revoked` tinyint(1) not null, `expires_at` datetime null, primary key (`id`)) default character set utf8mb4 collate 'utf8mb4_unicode_ci') {"exception":"[object] (Illuminate\\Database\\QueryException(code: 42S01): SQLSTATE[42S01]: Base table or view already exists: 1050 Table 'oauth_refresh_tokens' already exists (Connection: mysql, Host: 127.0.0.1, Port: 3306, Database: laravel_passport, SQL: create table `oauth_refresh_tokens` (`id` char(80) not null, `access_token_id` char(80) not null, `revoked` tinyint(1) not null, `expires_at` datetime null, primary key (`id`)) default character set utf8mb4 collate 'utf8mb4_unicode_ci') at E:/laravel_project/passport-api/vendor/laravel/framework/src/Illuminate/Database/Connection.php:838)
[stacktrace]
#0 E:/laravel_project/passport-api/vendor/laravel/framework/src/Illuminate/Database/Connection.php(794): Illuminate/Database/Connection->runQueryCallback('create table `o...', Array, Object(Closure))
#1 E:/laravel_project/passport-api/vendor/laravel/framework/src/Illuminate/Database/Connection.php(573): Illuminate/Database/Connection->run('create table `o...', Array, Object(Closure))
#2 E:/laravel_project/passport-api/vendor/laravel/framework/src/Illuminate/Database/Schema/Blueprint.php(121): Illuminate/Database/Connection->statement('create table `o...')
#3 E:/laravel_project/passport-api/vendor/laravel/framework/src/Illuminate/Database/Schema/Builder.php(686): Illuminate/Database/Schema/Blueprint->build()
#4 E:/laravel_project/passport-api/vendor/laravel/framework/src/Illuminate/Database/Schema/Builder.php(506): Illuminate/Database/Schema/Builder->build(Object(Illuminate/Database/Schema/Blueprint))
#5 E:/laravel_project/passport-api/vendor/laravel/framework/src/Illuminate/Support/Facades/Facade.php(363): Illuminate/Database/Schema/Builder->create('oauth_refresh_t...', Object(Closure))
#6 E:/laravel_project/passport-api/database/migrations/2026_03_26_115037_create_oauth_refresh_tokens_table.php(14): Illuminate/Support/Facades/Facade::__callStatic('create', Array)
#7 E:/laravel_project/passport-api/vendor/laravel/framework/src/Illuminate/Database/Migrations/Migrator.php(517): Illuminate/Database/Migrations/Migration@anonymous->up()
#8 E:/laravel_project/passport-api/vendor/laravel/framework/src/Illuminate/Database/Migrations/Migrator.php(442): Illuminate/Database/Migrations/Migrator->runMethod(Object(Illuminate/Database/MySqlConnection), Object(Illuminate/Database/Migrations/Migration@anonymous), 'up')
#9 E:/laravel_project/passport-api/vendor/laravel/framework/src/Illuminate/Database/Migrations/Migrator.php(451): Illuminate/Database/Migrations/Migrator->Illuminate/Database/Migrations/{closure}()
#10 E:/laravel_project/passport-api/vendor/laravel/framework/src/Illuminate/Database/Migrations/Migrator.php(253): Illuminate/Database/Migrations/Migrator->runMigration(Object(Illuminate/Database/Migrations/Migration@anonymous), 'up')
#11 E:/laravel_project/passport-api/vendor/laravel/framework/src/Illuminate/Console/View/Components/Task.php(41): Illuminate/Database/Migrations/Migrator->Illuminate/Database/Migrations/{closure}()
#12 E:/laravel_project/passport-api/vendor/laravel/framework/src/Illuminate/Database/Migrations/Migrator.php(814): Illuminate/Console/View/Components/Task->render('2026_03_26_1150...', Object(Closure))
#13 E:/laravel_project/passport-api/vendor/laravel/framework/src/Illuminate/Database/Migrations/Migrator.php(253): Illuminate/Database/Migrations/Migrator->write('Illuminate//Cons...', '2026_03_26_1150...', Object(Closure))
#14 E:/laravel_project/passport-api/vendor/laravel/framework/src/Illuminate/Database/Migrations/Migrator.php(211): Illuminate/Database/Migrations/Migrator->runUp('E://laravel_proj...', 1, false)
#15 E:/laravel_project/passport-api/vendor/laravel/framework/src/Illuminate/Database/Migrations/Migrator.php(138): Illuminate/Database/Migrations/Migrator->runPending(Array, Array)
#16 E:/laravel_project/passport-api/vendor/laravel/framework/src/Illuminate/Database/Console/Migrations/MigrateCommand.php(116): Illuminate/Database/Migrations/Migrator->run(Array, Array)
#17 E:/laravel_project/passport-api/vendor/laravel/framework/src/Illuminate/Database/Migrations/Migrator.php(671): Illuminate/Database/Console/Migrations/MigrateCommand->Illuminate/Database/Console/Migrations/{closure}()
#18 E:/laravel_project/passport-api/vendor/laravel/framework/src/Illuminate/Database/Console/Migrations/MigrateCommand.php(109): Illuminate/Database/Migrations/Migrator->usingConnection(NULL, Object(Closure))
#19 E:/laravel_project/passport-api/vendor/laravel/framework/src/Illuminate/Database/Console/Migrations/MigrateCommand.php(88): Illuminate/Database/Console/Migrations/MigrateCommand->runMigrations()
#20 E:/laravel_project/passport-api/vendor/laravel/framework/src/Illuminate/Container/BoundMethod.php(36): Illuminate/Database/Console/Migrations/MigrateCommand->handle()
#21 E:/laravel_project/passport-api/vendor/laravel/framework/src/Illuminate/Container/Util.php(43): Illuminate/Container/BoundMethod::Illuminate/Container/{closure}()
#22 E:/laravel_project/passport-api/vendor/laravel/framework/src/Illuminate/Container/BoundMethod.php(96): Illuminate/Container/Util::unwrapIfClosure(Object(Closure))
#23 E:/laravel_project/passport-api/vendor/laravel/framework/src/Illuminate/Container/BoundMethod.php(35): Illuminate/Container/BoundMethod::callBoundMethod(Object(Illuminate/Foundation/Application), Array, Object(Closure))
#24 E:/laravel_project/passport-api/vendor/laravel/framework/src/Illuminate/Container/Container.php(799): Illuminate/Container/BoundMethod::call(Object(Illuminate/Foundation/Application), Array, Array, NULL)
#25 E:/laravel_project/passport-api/vendor/laravel/framework/src/Illuminate/Console/Command.php(211): Illuminate/Container/Container->call(Array)
#26 E:/laravel_project/passport-api/vendor/symfony/console/Command/Command.php(341): Illuminate/Console/Command->execute(Object(Symfony/Component/Console/Input/ArrayInput), Object(Illuminate/Console/OutputStyle))
#27 E:/laravel_project/passport-api/vendor/laravel/framework/src/Illuminate/Console/Command.php(180): Symfony/Component/Console/Command/Command->run(Object(Symfony/Component/Console/Input/ArrayInput), Object(Illuminate/Console/OutputStyle))
#28 E:/laravel_project/passport-api/vendor/laravel/framework/src/Illuminate/Console/Concerns/CallsCommands.php(68): Illuminate/Console/Command->run(Object(Symfony/Component/Console/Input/ArrayInput), Object(Illuminate/Console/OutputStyle))
#29 E:/laravel_project/passport-api/vendor/laravel/framework/src/Illuminate/Console/Concerns/CallsCommands.php(29): Illuminate/Console/Command->runCommand('migrate', Array, Object(Illuminate/Console/OutputStyle))
#30 E:/laravel_project/passport-api/vendor/laravel/framework/src/Illuminate/Database/Console/Migrations/FreshCommand.php(88): Illuminate/Console/Command->call('migrate', Array)
#31 E:/laravel_project/passport-api/vendor/laravel/framework/src/Illuminate/Container/BoundMethod.php(36): Illuminate/Database/Console/Migrations/FreshCommand->handle()
#32 E:/laravel_project/passport-api/vendor/laravel/framework/src/Illuminate/Container/Util.php(43): Illuminate/Container/BoundMethod::Illuminate/Container/{closure}()
#33 E:/laravel_project/passport-api/vendor/laravel/framework/src/Illuminate/Container/BoundMethod.php(96): Illuminate/Container/Util::unwrapIfClosure(Object(Closure))
#34 E:/laravel_project/passport-api/vendor/laravel/framework/src/Illuminate/Container/BoundMethod.php(35): Illuminate/Container/BoundMethod::callBoundMethod(Object(Illuminate/Foundation/Application), Array, Object(Closure))
#35 E:/laravel_project/passport-api/vendor/laravel/framework/src/Illuminate/Container/Container.php(799): Illuminate/Container/BoundMethod::call(Object(Illuminate/Foundation/Application), Array, Array, NULL)
#36 E:/laravel_project/passport-api/vendor/laravel/framework/src/Illuminate/Console/Command.php(211): Illuminate/Container/Container->call(Array)
#37 E:/laravel_project/passport-api/vendor/symfony/console/Command/Command.php(341): Illuminate/Console/Command->execute(Object(Symfony/Component/Console/Input/ArgvInput), Object(Illuminate/Console/OutputStyle))
#38 E:/laravel_project/passport-api/vendor/laravel/framework/src/Illuminate/Console/Command.php(180): Symfony/Component/Console/Command/Command->run(Object(Symfony/Component/Console/Input/ArgvInput), Object(Illuminate/Console/OutputStyle))
#39 E:/laravel_project/passport-api/vendor/symfony/console/Application.php(1117): Illuminate/Console/Command->run(Object(Symfony/Component/Console/Input/ArgvInput), Object(Symfony/Component/Console/Output/ConsoleOutput))
#40 E:/laravel_project/passport-api/vendor/symfony/console/Application.php(356): Symfony/Component/Console/Application->doRunCommand(Object(Illuminate/Database/Console/Migrations/FreshCommand), Object(Symfony/Component/Console/Input/ArgvInput), Object(Symfony/Component/Console/Output/ConsoleOutput))
#41 E:/laravel_project/passport-api/vendor/symfony/console/Application.php(195): Symfony/Component/Console/Application->doRun(Object(Symfony/Component/Console/Input/ArgvInput), Object(Symfony/Component/Console/Output/ConsoleOutput))
#42 E:/laravel_project/passport-api/vendor/laravel/framework/src/Illuminate/Foundation/Console/Kernel.php(198): Symfony/Component/Console/Application->run(Object(Symfony/Component/Console/Input/ArgvInput), Object(Symfony/Component/Console/Output/ConsoleOutput))
#43 E:/laravel_project/passport-api/vendor/laravel/framework/src/Illuminate/Foundation/Application.php(1235): Illuminate/Foundation/Console/Kernel->handle(Object(Symfony/Component/Console/Input/ArgvInput), Object(Symfony/Component/Console/Output/ConsoleOutput))
#44 E:/laravel_project/passport-api/artisan(16): Illuminate/Foundation/Application->handleCommand(Object(Symfony/Component/Console/Input/ArgvInput))
#45 {main}

[previous exception] [object] (PDOException(code: 42S01): SQLSTATE[42S01]: Base table or view already exists: 1050 Table 'oauth_refresh_tokens' already exists at E:/laravel_project/passport-api/vendor/laravel/framework/src/Illuminate/Database/Connection.php:584)
[stacktrace]
#0 E:/laravel_project/passport-api/vendor/laravel/framework/src/Illuminate/Database/Connection.php(584): PDOStatement->execute()
#1 E:/laravel_project/passport-api/vendor/laravel/framework/src/Illuminate/Database/Connection.php(827): Illuminate/Database/Connection->Illuminate/Database/{closure}('create table `o...', Array)
#2 E:/laravel_project/passport-api/vendor/laravel/framework/src/Illuminate/Database/Connection.php(794): Illuminate/Database/Connection->runQueryCallback('create table `o...', Array, Object(Closure))
#3 E:/laravel_project/passport-api/vendor/laravel/framework/src/Illuminate/Database/Connection.php(573): Illuminate/Database/Connection->run('create table `o...', Array, Object(Closure))
#4 E:/laravel_project/passport-api/vendor/laravel/framework/src/Illuminate/Database/Schema/Blueprint.php(121): Illuminate/Database/Connection->statement('create table `o...')
#5 E:/laravel_project/passport-api/vendor/laravel/framework/src/Illuminate/Database/Schema/Builder.php(686): Illuminate/Database/Schema/Blueprint->build()
#6 E:/laravel_project/passport-api/vendor/laravel/framework/src/Illuminate/Database/Schema/Builder.php(506): Illuminate/Database/Schema/Builder->build(Object(Illuminate/Database/Schema/Blueprint))
#7 E:/laravel_project/passport-api/vendor/laravel/framework/src/Illuminate/Support/Facades/Facade.php(363): Illuminate/Database/Schema/Builder->create('oauth_refresh_t...', Object(Closure))
#8 E:/laravel_project/passport-api/database/migrations/2026_03_26_115037_create_oauth_refresh_tokens_table.php(14): Illuminate/Support/Facades/Facade::__callStatic('create', Array)
#9 E:/laravel_project/passport-api/vendor/laravel/framework/src/Illuminate/Database/Migrations/Migrator.php(517): Illuminate/Database/Migrations/Migration@anonymous->up()
#10 E:/laravel_project/passport-api/vendor/laravel/framework/src/Illuminate/Database/Migrations/Migrator.php(442): Illuminate/Database/Migrations/Migrator->runMethod(Object(Illuminate/Database/MySqlConnection), Object(Illuminate/Database/Migrations/Migration@anonymous), 'up')
#11 E:/laravel_project/passport-api/vendor/laravel/framework/src/Illuminate/Database/Migrations/Migrator.php(451): Illuminate/Database/Migrations/Migrator->Illuminate/Database/Migrations/{closure}()
#12 E:/laravel_project/passport-api/vendor/laravel/framework/src/Illuminate/Database/Migrations/Migrator.php(253): Illuminate/Database/Migrations/Migrator->runMigration(Object(Illuminate/Database/Migrations/Migration@anonymous), 'up')
#13 E:/laravel_project/passport-api/vendor/laravel/framework/src/Illuminate/Console/View/Components/Task.php(41): Illuminate/Database/Migrations/Migrator->Illuminate/Database/Migrations/{closure}()
#14 E:/laravel_project/passport-api/vendor/laravel/framework/src/Illuminate/Database/Migrations/Migrator.php(814): Illuminate/Console/View/Components/Task->render('2026_03_26_1150...', Object(Closure))
#15 E:/laravel_project/passport-api/vendor/laravel/framework/src/Illuminate/Database/Migrations/Migrator.php(253): Illuminate/Database/Migrations/Migrator->write('Illuminate//Cons...', '2026_03_26_1150...', Object(Closure))
#16 E:/laravel_project/passport-api/vendor/laravel/framework/src/Illuminate/Database/Migrations/Migrator.php(211): Illuminate/Database/Migrations/Migrator->runUp('E://laravel_proj...', 1, false)
#17 E:/laravel_project/passport-api/vendor/laravel/framework/src/Illuminate/Database/Migrations/Migrator.php(138): Illuminate/Database/Migrations/Migrator->runPending(Array, Array)
#18 E:/laravel_project/passport-api/vendor/laravel/framework/src/Illuminate/Database/Console/Migrations/MigrateCommand.php(116): Illuminate/Database/Migrations/Migrator->run(Array, Array)
#19 E:/laravel_project/passport-api/vendor/laravel/framework/src/Illuminate/Database/Migrations/Migrator.php(671): Illuminate/Database/Console/Migrations/MigrateCommand->Illuminate/Database/Console/Migrations/{closure}()
#20 E:/laravel_project/passport-api/vendor/laravel/framework/src/Illuminate/Database/Console/Migrations/MigrateCommand.php(109): Illuminate/Database/Migrations/Migrator->usingConnection(NULL, Object(Closure))
#21 E:/laravel_project/passport-api/vendor/laravel/framework/src/Illuminate/Database/Console/Migrations/MigrateCommand.php(88): Illuminate/Database/Console/Migrations/MigrateCommand->runMigrations()
#22 E:/laravel_project/passport-api/vendor/laravel/framework/src/Illuminate/Container/BoundMethod.php(36): Illuminate/Database/Console/Migrations/MigrateCommand->handle()
#23 E:/laravel_project/passport-api/vendor/laravel/framework/src/Illuminate/Container/Util.php(43): Illuminate/Container/BoundMethod::Illuminate/Container/{closure}()
#24 E:/laravel_project/passport-api/vendor/laravel/framework/src/Illuminate/Container/BoundMethod.php(96): Illuminate/Container/Util::unwrapIfClosure(Object(Closure))
#25 E:/laravel_project/passport-api/vendor/laravel/framework/src/Illuminate/Container/BoundMethod.php(35): Illuminate/Container/BoundMethod::callBoundMethod(Object(Illuminate/Foundation/Application), Array, Object(Closure))
#26 E:/laravel_project/passport-api/vendor/laravel/framework/src/Illuminate/Container/Container.php(799): Illuminate/Container/BoundMethod::call(Object(Illuminate/Foundation/Application), Array, Array, NULL)
#27 E:/laravel_project/passport-api/vendor/laravel/framework/src/Illuminate/Console/Command.php(211): Illuminate/Container/Container->call(Array)
#28 E:/laravel_project/passport-api/vendor/symfony/console/Command/Command.php(341): Illuminate/Console/Command->execute(Object(Symfony/Component/Console/Input/ArrayInput), Object(Illuminate/Console/OutputStyle))
#29 E:/laravel_project/passport-api/vendor/laravel/framework/src/Illuminate/Console/Command.php(180): Symfony/Component/Console/Command/Command->run(Object(Symfony/Component/Console/Input/ArrayInput), Object(Illuminate/Console/OutputStyle))
#30 E:/laravel_project/passport-api/vendor/laravel/framework/src/Illuminate/Console/Concerns/CallsCommands.php(68): Illuminate/Console/Command->run(Object(Symfony/Component/Console/Input/ArrayInput), Object(Illuminate/Console/OutputStyle))
#31 E:/laravel_project/passport-api/vendor/laravel/framework/src/Illuminate/Console/Concerns/CallsCommands.php(29): Illuminate/Console/Command->runCommand('migrate', Array, Object(Illuminate/Console/OutputStyle))
#32 E:/laravel_project/passport-api/vendor/laravel/framework/src/Illuminate/Database/Console/Migrations/FreshCommand.php(88): Illuminate/Console/Command->call('migrate', Array)
#33 E:/laravel_project/passport-api/vendor/laravel/framework/src/Illuminate/Container/BoundMethod.php(36): Illuminate/Database/Console/Migrations/FreshCommand->handle()
#34 E:/laravel_project/passport-api/vendor/laravel/framework/src/Illuminate/Container/Util.php(43): Illuminate/Container/BoundMethod::Illuminate/Container/{closure}()
#35 E:/laravel_project/passport-api/vendor/laravel/framework/src/Illuminate/Container/BoundMethod.php(96): Illuminate/Container/Util::unwrapIfClosure(Object(Closure))
#36 E:/laravel_project/passport-api/vendor/laravel/framework/src/Illuminate/Container/BoundMethod.php(35): Illuminate/Container/BoundMethod::callBoundMethod(Object(Illuminate/Foundation/Application), Array, Object(Closure))
#37 E:/laravel_project/passport-api/vendor/laravel/framework/src/Illuminate/Container/Container.php(799): Illuminate/Container/BoundMethod::call(Object(Illuminate/Foundation/Application), Array, Array, NULL)
#38 E:/laravel_project/passport-api/vendor/laravel/framework/src/Illuminate/Console/Command.php(211): Illuminate/Container/Container->call(Array)
#39 E:/laravel_project/passport-api/vendor/symfony/console/Command/Command.php(341): Illuminate/Console/Command->execute(Object(Symfony/Component/Console/Input/ArgvInput), Object(Illuminate/Console/OutputStyle))
#40 E:/laravel_project/passport-api/vendor/laravel/framework/src/Illuminate/Console/Command.php(180): Symfony/Component/Console/Command/Command->run(Object(Symfony/Component/Console/Input/ArgvInput), Object(Illuminate/Console/OutputStyle))
#41 E:/laravel_project/passport-api/vendor/symfony/console/Application.php(1117): Illuminate/Console/Command->run(Object(Symfony/Component/Console/Input/ArgvInput), Object(Symfony/Component/Console/Output/ConsoleOutput))
#42 E:/laravel_project/passport-api/vendor/symfony/console/Application.php(356): Symfony/Component/Console/Application->doRunCommand(Object(Illuminate/Database/Console/Migrations/FreshCommand), Object(Symfony/Component/Console/Input/ArgvInput), Object(Symfony/Component/Console/Output/ConsoleOutput))
#43 E:/laravel_project/passport-api/vendor/symfony/console/Application.php(195): Symfony/Component/Console/Application->doRun(Object(Symfony/Component/Console/Input/ArgvInput), Object(Symfony/Component/Console/Output/ConsoleOutput))
#44 E:/laravel_project/passport-api/vendor/laravel/framework/src/Illuminate/Foundation/Console/Kernel.php(198): Symfony/Component/Console/Application->run(Object(Symfony/Component/Console/Input/ArgvInput), Object(Symfony/Component/Console/Output/ConsoleOutput))
#45 E:/laravel_project/passport-api/vendor/laravel/framework/src/Illuminate/Foundation/Application.php(1235): Illuminate/Foundation/Console/Kernel->handle(Object(Symfony/Component/Console/Input/ArgvInput), Object(Symfony/Component/Console/Output/ConsoleOutput))
#46 E:/laravel_project/passport-api/artisan(16): Illuminate/Foundation/Application->handleCommand(Object(Symfony/Component/Console/Input/ArgvInput))
#47 {main}
"} 
[2026-03-26 13:18:20] local.ERROR: SQLSTATE[42S01]: Base table or view already exists: 1050 Table 'oauth_clients' already exists (Connection: mysql, Host: 127.0.0.1, Port: 3306, Database: laravel_passport, SQL: create table `oauth_clients` (`id` char(36) not null, `owner_type` varchar(255) null, `owner_id` bigint unsigned null, `name` varchar(255) not null, `secret` varchar(255) null, `provider` varchar(255) null, `redirect_uris` text not null, `grant_types` text not null, `revoked` tinyint(1) not null, `created_at` timestamp null, `updated_at` timestamp null, primary key (`id`)) default character set utf8mb4 collate 'utf8mb4_unicode_ci') {"exception":"[object] (Illuminate\\Database\\QueryException(code: 42S01): SQLSTATE[42S01]: Base table or view already exists: 1050 Table 'oauth_clients' already exists (Connection: mysql, Host: 127.0.0.1, Port: 3306, Database: laravel_passport, SQL: create table `oauth_clients` (`id` char(36) not null, `owner_type` varchar(255) null, `owner_id` bigint unsigned null, `name` varchar(255) not null, `secret` varchar(255) null, `provider` varchar(255) null, `redirect_uris` text not null, `grant_types` text not null, `revoked` tinyint(1) not null, `created_at` timestamp null, `updated_at` timestamp null, primary key (`id`)) default character set utf8mb4 collate 'utf8mb4_unicode_ci') at E:/laravel_project/passport-api/vendor/laravel/framework/src/Illuminate/Database/Connection.php:838)
[stacktrace]
#0 E:/laravel_project/passport-api/vendor/laravel/framework/src/Illuminate/Database/Connection.php(794): Illuminate/Database/Connection->runQueryCallback('create table `o...', Array, Object(Closure))
#1 E:/laravel_project/passport-api/vendor/laravel/framework/src/Illuminate/Database/Connection.php(573): Illuminate/Database/Connection->run('create table `o...', Array, Object(Closure))
#2 E:/laravel_project/passport-api/vendor/laravel/framework/src/Illuminate/Database/Schema/Blueprint.php(121): Illuminate/Database/Connection->statement('create table `o...')
#3 E:/laravel_project/passport-api/vendor/laravel/framework/src/Illuminate/Database/Schema/Builder.php(686): Illuminate/Database/Schema/Blueprint->build()
#4 E:/laravel_project/passport-api/vendor/laravel/framework/src/Illuminate/Database/Schema/Builder.php(506): Illuminate/Database/Schema/Builder->build(Object(Illuminate/Database/Schema/Blueprint))
#5 E:/laravel_project/passport-api/vendor/laravel/framework/src/Illuminate/Support/Facades/Facade.php(363): Illuminate/Database/Schema/Builder->create('oauth_clients', Object(Closure))
#6 E:/laravel_project/passport-api/database/migrations/2026_03_26_115038_create_oauth_clients_table.php(14): Illuminate/Support/Facades/Facade::__callStatic('create', Array)
#7 E:/laravel_project/passport-api/vendor/laravel/framework/src/Illuminate/Database/Migrations/Migrator.php(517): Illuminate/Database/Migrations/Migration@anonymous->up()
#8 E:/laravel_project/passport-api/vendor/laravel/framework/src/Illuminate/Database/Migrations/Migrator.php(442): Illuminate/Database/Migrations/Migrator->runMethod(Object(Illuminate/Database/MySqlConnection), Object(Illuminate/Database/Migrations/Migration@anonymous), 'up')
#9 E:/laravel_project/passport-api/vendor/laravel/framework/src/Illuminate/Database/Migrations/Migrator.php(451): Illuminate/Database/Migrations/Migrator->Illuminate/Database/Migrations/{closure}()
#10 E:/laravel_project/passport-api/vendor/laravel/framework/src/Illuminate/Database/Migrations/Migrator.php(253): Illuminate/Database/Migrations/Migrator->runMigration(Object(Illuminate/Database/Migrations/Migration@anonymous), 'up')
#11 E:/laravel_project/passport-api/vendor/laravel/framework/src/Illuminate/Console/View/Components/Task.php(41): Illuminate/Database/Migrations/Migrator->Illuminate/Database/Migrations/{closure}()
#12 E:/laravel_project/passport-api/vendor/laravel/framework/src/Illuminate/Database/Migrations/Migrator.php(814): Illuminate/Console/View/Components/Task->render('2026_03_26_1150...', Object(Closure))
#13 E:/laravel_project/passport-api/vendor/laravel/framework/src/Illuminate/Database/Migrations/Migrator.php(253): Illuminate/Database/Migrations/Migrator->write('Illuminate//Cons...', '2026_03_26_1150...', Object(Closure))
#14 E:/laravel_project/passport-api/vendor/laravel/framework/src/Illuminate/Database/Migrations/Migrator.php(211): Illuminate/Database/Migrations/Migrator->runUp('E://laravel_proj...', 1, false)
#15 E:/laravel_project/passport-api/vendor/laravel/framework/src/Illuminate/Database/Migrations/Migrator.php(138): Illuminate/Database/Migrations/Migrator->runPending(Array, Array)
#16 E:/laravel_project/passport-api/vendor/laravel/framework/src/Illuminate/Database/Console/Migrations/MigrateCommand.php(116): Illuminate/Database/Migrations/Migrator->run(Array, Array)
#17 E:/laravel_project/passport-api/vendor/laravel/framework/src/Illuminate/Database/Migrations/Migrator.php(671): Illuminate/Database/Console/Migrations/MigrateCommand->Illuminate/Database/Console/Migrations/{closure}()
#18 E:/laravel_project/passport-api/vendor/laravel/framework/src/Illuminate/Database/Console/Migrations/MigrateCommand.php(109): Illuminate/Database/Migrations/Migrator->usingConnection(NULL, Object(Closure))
#19 E:/laravel_project/passport-api/vendor/laravel/framework/src/Illuminate/Database/Console/Migrations/MigrateCommand.php(88): Illuminate/Database/Console/Migrations/MigrateCommand->runMigrations()
#20 E:/laravel_project/passport-api/vendor/laravel/framework/src/Illuminate/Container/BoundMethod.php(36): Illuminate/Database/Console/Migrations/MigrateCommand->handle()
#21 E:/laravel_project/passport-api/vendor/laravel/framework/src/Illuminate/Container/Util.php(43): Illuminate/Container/BoundMethod::Illuminate/Container/{closure}()
#22 E:/laravel_project/passport-api/vendor/laravel/framework/src/Illuminate/Container/BoundMethod.php(96): Illuminate/Container/Util::unwrapIfClosure(Object(Closure))
#23 E:/laravel_project/passport-api/vendor/laravel/framework/src/Illuminate/Container/BoundMethod.php(35): Illuminate/Container/BoundMethod::callBoundMethod(Object(Illuminate/Foundation/Application), Array, Object(Closure))
#24 E:/laravel_project/passport-api/vendor/laravel/framework/src/Illuminate/Container/Container.php(799): Illuminate/Container/BoundMethod::call(Object(Illuminate/Foundation/Application), Array, Array, NULL)
#25 E:/laravel_project/passport-api/vendor/laravel/framework/src/Illuminate/Console/Command.php(211): Illuminate/Container/Container->call(Array)
#26 E:/laravel_project/passport-api/vendor/symfony/console/Command/Command.php(341): Illuminate/Console/Command->execute(Object(Symfony/Component/Console/Input/ArrayInput), Object(Illuminate/Console/OutputStyle))
#27 E:/laravel_project/passport-api/vendor/laravel/framework/src/Illuminate/Console/Command.php(180): Symfony/Component/Console/Command/Command->run(Object(Symfony/Component/Console/Input/ArrayInput), Object(Illuminate/Console/OutputStyle))
#28 E:/laravel_project/passport-api/vendor/laravel/framework/src/Illuminate/Console/Concerns/CallsCommands.php(68): Illuminate/Console/Command->run(Object(Symfony/Component/Console/Input/ArrayInput), Object(Illuminate/Console/OutputStyle))
#29 E:/laravel_project/passport-api/vendor/laravel/framework/src/Illuminate/Console/Concerns/CallsCommands.php(29): Illuminate/Console/Command->runCommand('migrate', Array, Object(Illuminate/Console/OutputStyle))
#30 E:/laravel_project/passport-api/vendor/laravel/framework/src/Illuminate/Database/Console/Migrations/FreshCommand.php(88): Illuminate/Console/Command->call('migrate', Array)
#31 E:/laravel_project/passport-api/vendor/laravel/framework/src/Illuminate/Container/BoundMethod.php(36): Illuminate/Database/Console/Migrations/FreshCommand->handle()
#32 E:/laravel_project/passport-api/vendor/laravel/framework/src/Illuminate/Container/Util.php(43): Illuminate/Container/BoundMethod::Illuminate/Container/{closure}()
#33 E:/laravel_project/passport-api/vendor/laravel/framework/src/Illuminate/Container/BoundMethod.php(96): Illuminate/Container/Util::unwrapIfClosure(Object(Closure))
#34 E:/laravel_project/passport-api/vendor/laravel/framework/src/Illuminate/Container/BoundMethod.php(35): Illuminate/Container/BoundMethod::callBoundMethod(Object(Illuminate/Foundation/Application), Array, Object(Closure))
#35 E:/laravel_project/passport-api/vendor/laravel/framework/src/Illuminate/Container/Container.php(799): Illuminate/Container/BoundMethod::call(Object(Illuminate/Foundation/Application), Array, Array, NULL)
#36 E:/laravel_project/passport-api/vendor/laravel/framework/src/Illuminate/Console/Command.php(211): Illuminate/Container/Container->call(Array)
#37 E:/laravel_project/passport-api/vendor/symfony/console/Command/Command.php(341): Illuminate/Console/Command->execute(Object(Symfony/Component/Console/Input/ArgvInput), Object(Illuminate/Console/OutputStyle))
#38 E:/laravel_project/passport-api/vendor/laravel/framework/src/Illuminate/Console/Command.php(180): Symfony/Component/Console/Command/Command->run(Object(Symfony/Component/Console/Input/ArgvInput), Object(Illuminate/Console/OutputStyle))
#39 E:/laravel_project/passport-api/vendor/symfony/console/Application.php(1117): Illuminate/Console/Command->run(Object(Symfony/Component/Console/Input/ArgvInput), Object(Symfony/Component/Console/Output/ConsoleOutput))
#40 E:/laravel_project/passport-api/vendor/symfony/console/Application.php(356): Symfony/Component/Console/Application->doRunCommand(Object(Illuminate/Database/Console/Migrations/FreshCommand), Object(Symfony/Component/Console/Input/ArgvInput), Object(Symfony/Component/Console/Output/ConsoleOutput))
#41 E:/laravel_project/passport-api/vendor/symfony/console/Application.php(195): Symfony/Component/Console/Application->doRun(Object(Symfony/Component/Console/Input/ArgvInput), Object(Symfony/Component/Console/Output/ConsoleOutput))
#42 E:/laravel_project/passport-api/vendor/laravel/framework/src/Illuminate/Foundation/Console/Kernel.php(198): Symfony/Component/Console/Application->run(Object(Symfony/Component/Console/Input/ArgvInput), Object(Symfony/Component/Console/Output/ConsoleOutput))
#43 E:/laravel_project/passport-api/vendor/laravel/framework/src/Illuminate/Foundation/Application.php(1235): Illuminate/Foundation/Console/Kernel->handle(Object(Symfony/Component/Console/Input/ArgvInput), Object(Symfony/Component/Console/Output/ConsoleOutput))
#44 E:/laravel_project/passport-api/artisan(16): Illuminate/Foundation/Application->handleCommand(Object(Symfony/Component/Console/Input/ArgvInput))
#45 {main}

[previous exception] [object] (PDOException(code: 42S01): SQLSTATE[42S01]: Base table or view already exists: 1050 Table 'oauth_clients' already exists at E:/laravel_project/passport-api/vendor/laravel/framework/src/Illuminate/Database/Connection.php:584)
[stacktrace]
#0 E:/laravel_project/passport-api/vendor/laravel/framework/src/Illuminate/Database/Connection.php(584): PDOStatement->execute()
#1 E:/laravel_project/passport-api/vendor/laravel/framework/src/Illuminate/Database/Connection.php(827): Illuminate/Database/Connection->Illuminate/Database/{closure}('create table `o...', Array)
#2 E:/laravel_project/passport-api/vendor/laravel/framework/src/Illuminate/Database/Connection.php(794): Illuminate/Database/Connection->runQueryCallback('create table `o...', Array, Object(Closure))
#3 E:/laravel_project/passport-api/vendor/laravel/framework/src/Illuminate/Database/Connection.php(573): Illuminate/Database/Connection->run('create table `o...', Array, Object(Closure))
#4 E:/laravel_project/passport-api/vendor/laravel/framework/src/Illuminate/Database/Schema/Blueprint.php(121): Illuminate/Database/Connection->statement('create table `o...')
#5 E:/laravel_project/passport-api/vendor/laravel/framework/src/Illuminate/Database/Schema/Builder.php(686): Illuminate/Database/Schema/Blueprint->build()
#6 E:/laravel_project/passport-api/vendor/laravel/framework/src/Illuminate/Database/Schema/Builder.php(506): Illuminate/Database/Schema/Builder->build(Object(Illuminate/Database/Schema/Blueprint))
#7 E:/laravel_project/passport-api/vendor/laravel/framework/src/Illuminate/Support/Facades/Facade.php(363): Illuminate/Database/Schema/Builder->create('oauth_clients', Object(Closure))
#8 E:/laravel_project/passport-api/database/migrations/2026_03_26_115038_create_oauth_clients_table.php(14): Illuminate/Support/Facades/Facade::__callStatic('create', Array)
#9 E:/laravel_project/passport-api/vendor/laravel/framework/src/Illuminate/Database/Migrations/Migrator.php(517): Illuminate/Database/Migrations/Migration@anonymous->up()
#10 E:/laravel_project/passport-api/vendor/laravel/framework/src/Illuminate/Database/Migrations/Migrator.php(442): Illuminate/Database/Migrations/Migrator->runMethod(Object(Illuminate/Database/MySqlConnection), Object(Illuminate/Database/Migrations/Migration@anonymous), 'up')
#11 E:/laravel_project/passport-api/vendor/laravel/framework/src/Illuminate/Database/Migrations/Migrator.php(451): Illuminate/Database/Migrations/Migrator->Illuminate/Database/Migrations/{closure}()
#12 E:/laravel_project/passport-api/vendor/laravel/framework/src/Illuminate/Database/Migrations/Migrator.php(253): Illuminate/Database/Migrations/Migrator->runMigration(Object(Illuminate/Database/Migrations/Migration@anonymous), 'up')
#13 E:/laravel_project/passport-api/vendor/laravel/framework/src/Illuminate/Console/View/Components/Task.php(41): Illuminate/Database/Migrations/Migrator->Illuminate/Database/Migrations/{closure}()
#14 E:/laravel_project/passport-api/vendor/laravel/framework/src/Illuminate/Database/Migrations/Migrator.php(814): Illuminate/Console/View/Components/Task->render('2026_03_26_1150...', Object(Closure))
#15 E:/laravel_project/passport-api/vendor/laravel/framework/src/Illuminate/Database/Migrations/Migrator.php(253): Illuminate/Database/Migrations/Migrator->write('Illuminate//Cons...', '2026_03_26_1150...', Object(Closure))
#16 E:/laravel_project/passport-api/vendor/laravel/framework/src/Illuminate/Database/Migrations/Migrator.php(211): Illuminate/Database/Migrations/Migrator->runUp('E://laravel_proj...', 1, false)
#17 E:/laravel_project/passport-api/vendor/laravel/framework/src/Illuminate/Database/Migrations/Migrator.php(138): Illuminate/Database/Migrations/Migrator->runPending(Array, Array)
#18 E:/laravel_project/passport-api/vendor/laravel/framework/src/Illuminate/Database/Console/Migrations/MigrateCommand.php(116): Illuminate/Database/Migrations/Migrator->run(Array, Array)
#19 E:/laravel_project/passport-api/vendor/laravel/framework/src/Illuminate/Database/Migrations/Migrator.php(671): Illuminate/Database/Console/Migrations/MigrateCommand->Illuminate/Database/Console/Migrations/{closure}()
#20 E:/laravel_project/passport-api/vendor/laravel/framework/src/Illuminate/Database/Console/Migrations/MigrateCommand.php(109): Illuminate/Database/Migrations/Migrator->usingConnection(NULL, Object(Closure))
#21 E:/laravel_project/passport-api/vendor/laravel/framework/src/Illuminate/Database/Console/Migrations/MigrateCommand.php(88): Illuminate/Database/Console/Migrations/MigrateCommand->runMigrations()
#22 E:/laravel_project/passport-api/vendor/laravel/framework/src/Illuminate/Container/BoundMethod.php(36): Illuminate/Database/Console/Migrations/MigrateCommand->handle()
#23 E:/laravel_project/passport-api/vendor/laravel/framework/src/Illuminate/Container/Util.php(43): Illuminate/Container/BoundMethod::Illuminate/Container/{closure}()
#24 E:/laravel_project/passport-api/vendor/laravel/framework/src/Illuminate/Container/BoundMethod.php(96): Illuminate/Container/Util::unwrapIfClosure(Object(Closure))
#25 E:/laravel_project/passport-api/vendor/laravel/framework/src/Illuminate/Container/BoundMethod.php(35): Illuminate/Container/BoundMethod::callBoundMethod(Object(Illuminate/Foundation/Application), Array, Object(Closure))
#26 E:/laravel_project/passport-api/vendor/laravel/framework/src/Illuminate/Container/Container.php(799): Illuminate/Container/BoundMethod::call(Object(Illuminate/Foundation/Application), Array, Array, NULL)
#27 E:/laravel_project/passport-api/vendor/laravel/framework/src/Illuminate/Console/Command.php(211): Illuminate/Container/Container->call(Array)
#28 E:/laravel_project/passport-api/vendor/symfony/console/Command/Command.php(341): Illuminate/Console/Command->execute(Object(Symfony/Component/Console/Input/ArrayInput), Object(Illuminate/Console/OutputStyle))
#29 E:/laravel_project/passport-api/vendor/laravel/framework/src/Illuminate/Console/Command.php(180): Symfony/Component/Console/Command/Command->run(Object(Symfony/Component/Console/Input/ArrayInput), Object(Illuminate/Console/OutputStyle))
#30 E:/laravel_project/passport-api/vendor/laravel/framework/src/Illuminate/Console/Concerns/CallsCommands.php(68): Illuminate/Console/Command->run(Object(Symfony/Component/Console/Input/ArrayInput), Object(Illuminate/Console/OutputStyle))
#31 E:/laravel_project/passport-api/vendor/laravel/framework/src/Illuminate/Console/Concerns/CallsCommands.php(29): Illuminate/Console/Command->runCommand('migrate', Array, Object(Illuminate/Console/OutputStyle))
#32 E:/laravel_project/passport-api/vendor/laravel/framework/src/Illuminate/Database/Console/Migrations/FreshCommand.php(88): Illuminate/Console/Command->call('migrate', Array)
#33 E:/laravel_project/passport-api/vendor/laravel/framework/src/Illuminate/Container/BoundMethod.php(36): Illuminate/Database/Console/Migrations/FreshCommand->handle()
#34 E:/laravel_project/passport-api/vendor/laravel/framework/src/Illuminate/Container/Util.php(43): Illuminate/Container/BoundMethod::Illuminate/Container/{closure}()
#35 E:/laravel_project/passport-api/vendor/laravel/framework/src/Illuminate/Container/BoundMethod.php(96): Illuminate/Container/Util::unwrapIfClosure(Object(Closure))
#36 E:/laravel_project/passport-api/vendor/laravel/framework/src/Illuminate/Container/BoundMethod.php(35): Illuminate/Container/BoundMethod::callBoundMethod(Object(Illuminate/Foundation/Application), Array, Object(Closure))
#37 E:/laravel_project/passport-api/vendor/laravel/framework/src/Illuminate/Container/Container.php(799): Illuminate/Container/BoundMethod::call(Object(Illuminate/Foundation/Application), Array, Array, NULL)
#38 E:/laravel_project/passport-api/vendor/laravel/framework/src/Illuminate/Console/Command.php(211): Illuminate/Container/Container->call(Array)
#39 E:/laravel_project/passport-api/vendor/symfony/console/Command/Command.php(341): Illuminate/Console/Command->execute(Object(Symfony/Component/Console/Input/ArgvInput), Object(Illuminate/Console/OutputStyle))
#40 E:/laravel_project/passport-api/vendor/laravel/framework/src/Illuminate/Console/Command.php(180): Symfony/Component/Console/Command/Command->run(Object(Symfony/Component/Console/Input/ArgvInput), Object(Illuminate/Console/OutputStyle))
#41 E:/laravel_project/passport-api/vendor/symfony/console/Application.php(1117): Illuminate/Console/Command->run(Object(Symfony/Component/Console/Input/ArgvInput), Object(Symfony/Component/Console/Output/ConsoleOutput))
#42 E:/laravel_project/passport-api/vendor/symfony/console/Application.php(356): Symfony/Component/Console/Application->doRunCommand(Object(Illuminate/Database/Console/Migrations/FreshCommand), Object(Symfony/Component/Console/Input/ArgvInput), Object(Symfony/Component/Console/Output/ConsoleOutput))
#43 E:/laravel_project/passport-api/vendor/symfony/console/Application.php(195): Symfony/Component/Console/Application->doRun(Object(Symfony/Component/Console/Input/ArgvInput), Object(Symfony/Component/Console/Output/ConsoleOutput))
#44 E:/laravel_project/passport-api/vendor/laravel/framework/src/Illuminate/Foundation/Console/Kernel.php(198): Symfony/Component/Console/Application->run(Object(Symfony/Component/Console/Input/ArgvInput), Object(Symfony/Component/Console/Output/ConsoleOutput))
#45 E:/laravel_project/passport-api/vendor/laravel/framework/src/Illuminate/Foundation/Application.php(1235): Illuminate/Foundation/Console/Kernel->handle(Object(Symfony/Component/Console/Input/ArgvInput), Object(Symfony/Component/Console/Output/ConsoleOutput))
#46 E:/laravel_project/passport-api/artisan(16): Illuminate/Foundation/Application->handleCommand(Object(Symfony/Component/Console/Input/ArgvInput))
#47 {main}
"} 
[2026-03-26 13:18:38] local.ERROR: SQLSTATE[42S01]: Base table or view already exists: 1050 Table 'oauth_clients' already exists (Connection: mysql, Host: 127.0.0.1, Port: 3306, Database: laravel_passport, SQL: create table `oauth_clients` (`id` char(36) not null, `owner_type` varchar(255) null, `owner_id` bigint unsigned null, `name` varchar(255) not null, `secret` varchar(255) null, `provider` varchar(255) null, `redirect_uris` text not null, `grant_types` text not null, `revoked` tinyint(1) not null, `created_at` timestamp null, `updated_at` timestamp null, primary key (`id`)) default character set utf8mb4 collate 'utf8mb4_unicode_ci') {"exception":"[object] (Illuminate\\Database\\QueryException(code: 42S01): SQLSTATE[42S01]: Base table or view already exists: 1050 Table 'oauth_clients' already exists (Connection: mysql, Host: 127.0.0.1, Port: 3306, Database: laravel_passport, SQL: create table `oauth_clients` (`id` char(36) not null, `owner_type` varchar(255) null, `owner_id` bigint unsigned null, `name` varchar(255) not null, `secret` varchar(255) null, `provider` varchar(255) null, `redirect_uris` text not null, `grant_types` text not null, `revoked` tinyint(1) not null, `created_at` timestamp null, `updated_at` timestamp null, primary key (`id`)) default character set utf8mb4 collate 'utf8mb4_unicode_ci') at E:/laravel_project/passport-api/vendor/laravel/framework/src/Illuminate/Database/Connection.php:838)
[stacktrace]
#0 E:/laravel_project/passport-api/vendor/laravel/framework/src/Illuminate/Database/Connection.php(794): Illuminate/Database/Connection->runQueryCallback('create table `o...', Array, Object(Closure))
#1 E:/laravel_project/passport-api/vendor/laravel/framework/src/Illuminate/Database/Connection.php(573): Illuminate/Database/Connection->run('create table `o...', Array, Object(Closure))
#2 E:/laravel_project/passport-api/vendor/laravel/framework/src/Illuminate/Database/Schema/Blueprint.php(121): Illuminate/Database/Connection->statement('create table `o...')
#3 E:/laravel_project/passport-api/vendor/laravel/framework/src/Illuminate/Database/Schema/Builder.php(686): Illuminate/Database/Schema/Blueprint->build()
#4 E:/laravel_project/passport-api/vendor/laravel/framework/src/Illuminate/Database/Schema/Builder.php(506): Illuminate/Database/Schema/Builder->build(Object(Illuminate/Database/Schema/Blueprint))
#5 E:/laravel_project/passport-api/vendor/laravel/framework/src/Illuminate/Support/Facades/Facade.php(363): Illuminate/Database/Schema/Builder->create('oauth_clients', Object(Closure))
#6 E:/laravel_project/passport-api/database/migrations/2026_03_26_115038_create_oauth_clients_table.php(14): Illuminate/Support/Facades/Facade::__callStatic('create', Array)
#7 E:/laravel_project/passport-api/vendor/laravel/framework/src/Illuminate/Database/Migrations/Migrator.php(517): Illuminate/Database/Migrations/Migration@anonymous->up()
#8 E:/laravel_project/passport-api/vendor/laravel/framework/src/Illuminate/Database/Migrations/Migrator.php(442): Illuminate/Database/Migrations/Migrator->runMethod(Object(Illuminate/Database/MySqlConnection), Object(Illuminate/Database/Migrations/Migration@anonymous), 'up')
#9 E:/laravel_project/passport-api/vendor/laravel/framework/src/Illuminate/Database/Migrations/Migrator.php(451): Illuminate/Database/Migrations/Migrator->Illuminate/Database/Migrations/{closure}()
#10 E:/laravel_project/passport-api/vendor/laravel/framework/src/Illuminate/Database/Migrations/Migrator.php(253): Illuminate/Database/Migrations/Migrator->runMigration(Object(Illuminate/Database/Migrations/Migration@anonymous), 'up')
#11 E:/laravel_project/passport-api/vendor/laravel/framework/src/Illuminate/Console/View/Components/Task.php(41): Illuminate/Database/Migrations/Migrator->Illuminate/Database/Migrations/{closure}()
#12 E:/laravel_project/passport-api/vendor/laravel/framework/src/Illuminate/Database/Migrations/Migrator.php(814): Illuminate/Console/View/Components/Task->render('2026_03_26_1150...', Object(Closure))
#13 E:/laravel_project/passport-api/vendor/laravel/framework/src/Illuminate/Database/Migrations/Migrator.php(253): Illuminate/Database/Migrations/Migrator->write('Illuminate//Cons...', '2026_03_26_1150...', Object(Closure))
#14 E:/laravel_project/passport-api/vendor/laravel/framework/src/Illuminate/Database/Migrations/Migrator.php(211): Illuminate/Database/Migrations/Migrator->runUp('E://laravel_proj...', 1, false)
#15 E:/laravel_project/passport-api/vendor/laravel/framework/src/Illuminate/Database/Migrations/Migrator.php(138): Illuminate/Database/Migrations/Migrator->runPending(Array, Array)
#16 E:/laravel_project/passport-api/vendor/laravel/framework/src/Illuminate/Database/Console/Migrations/MigrateCommand.php(116): Illuminate/Database/Migrations/Migrator->run(Array, Array)
#17 E:/laravel_project/passport-api/vendor/laravel/framework/src/Illuminate/Database/Migrations/Migrator.php(671): Illuminate/Database/Console/Migrations/MigrateCommand->Illuminate/Database/Console/Migrations/{closure}()
#18 E:/laravel_project/passport-api/vendor/laravel/framework/src/Illuminate/Database/Console/Migrations/MigrateCommand.php(109): Illuminate/Database/Migrations/Migrator->usingConnection(NULL, Object(Closure))
#19 E:/laravel_project/passport-api/vendor/laravel/framework/src/Illuminate/Database/Console/Migrations/MigrateCommand.php(88): Illuminate/Database/Console/Migrations/MigrateCommand->runMigrations()
#20 E:/laravel_project/passport-api/vendor/laravel/framework/src/Illuminate/Container/BoundMethod.php(36): Illuminate/Database/Console/Migrations/MigrateCommand->handle()
#21 E:/laravel_project/passport-api/vendor/laravel/framework/src/Illuminate/Container/Util.php(43): Illuminate/Container/BoundMethod::Illuminate/Container/{closure}()
#22 E:/laravel_project/passport-api/vendor/laravel/framework/src/Illuminate/Container/BoundMethod.php(96): Illuminate/Container/Util::unwrapIfClosure(Object(Closure))
#23 E:/laravel_project/passport-api/vendor/laravel/framework/src/Illuminate/Container/BoundMethod.php(35): Illuminate/Container/BoundMethod::callBoundMethod(Object(Illuminate/Foundation/Application), Array, Object(Closure))
#24 E:/laravel_project/passport-api/vendor/laravel/framework/src/Illuminate/Container/Container.php(799): Illuminate/Container/BoundMethod::call(Object(Illuminate/Foundation/Application), Array, Array, NULL)
#25 E:/laravel_project/passport-api/vendor/laravel/framework/src/Illuminate/Console/Command.php(211): Illuminate/Container/Container->call(Array)
#26 E:/laravel_project/passport-api/vendor/symfony/console/Command/Command.php(341): Illuminate/Console/Command->execute(Object(Symfony/Component/Console/Input/ArrayInput), Object(Illuminate/Console/OutputStyle))
#27 E:/laravel_project/passport-api/vendor/laravel/framework/src/Illuminate/Console/Command.php(180): Symfony/Component/Console/Command/Command->run(Object(Symfony/Component/Console/Input/ArrayInput), Object(Illuminate/Console/OutputStyle))
#28 E:/laravel_project/passport-api/vendor/laravel/framework/src/Illuminate/Console/Concerns/CallsCommands.php(68): Illuminate/Console/Command->run(Object(Symfony/Component/Console/Input/ArrayInput), Object(Illuminate/Console/OutputStyle))
#29 E:/laravel_project/passport-api/vendor/laravel/framework/src/Illuminate/Console/Concerns/CallsCommands.php(29): Illuminate/Console/Command->runCommand('migrate', Array, Object(Illuminate/Console/OutputStyle))
#30 E:/laravel_project/passport-api/vendor/laravel/framework/src/Illuminate/Database/Console/Migrations/FreshCommand.php(88): Illuminate/Console/Command->call('migrate', Array)
#31 E:/laravel_project/passport-api/vendor/laravel/framework/src/Illuminate/Container/BoundMethod.php(36): Illuminate/Database/Console/Migrations/FreshCommand->handle()
#32 E:/laravel_project/passport-api/vendor/laravel/framework/src/Illuminate/Container/Util.php(43): Illuminate/Container/BoundMethod::Illuminate/Container/{closure}()
#33 E:/laravel_project/passport-api/vendor/laravel/framework/src/Illuminate/Container/BoundMethod.php(96): Illuminate/Container/Util::unwrapIfClosure(Object(Closure))
#34 E:/laravel_project/passport-api/vendor/laravel/framework/src/Illuminate/Container/BoundMethod.php(35): Illuminate/Container/BoundMethod::callBoundMethod(Object(Illuminate/Foundation/Application), Array, Object(Closure))
#35 E:/laravel_project/passport-api/vendor/laravel/framework/src/Illuminate/Container/Container.php(799): Illuminate/Container/BoundMethod::call(Object(Illuminate/Foundation/Application), Array, Array, NULL)
#36 E:/laravel_project/passport-api/vendor/laravel/framework/src/Illuminate/Console/Command.php(211): Illuminate/Container/Container->call(Array)
#37 E:/laravel_project/passport-api/vendor/symfony/console/Command/Command.php(341): Illuminate/Console/Command->execute(Object(Symfony/Component/Console/Input/ArgvInput), Object(Illuminate/Console/OutputStyle))
#38 E:/laravel_project/passport-api/vendor/laravel/framework/src/Illuminate/Console/Command.php(180): Symfony/Component/Console/Command/Command->run(Object(Symfony/Component/Console/Input/ArgvInput), Object(Illuminate/Console/OutputStyle))
#39 E:/laravel_project/passport-api/vendor/symfony/console/Application.php(1117): Illuminate/Console/Command->run(Object(Symfony/Component/Console/Input/ArgvInput), Object(Symfony/Component/Console/Output/ConsoleOutput))
#40 E:/laravel_project/passport-api/vendor/symfony/console/Application.php(356): Symfony/Component/Console/Application->doRunCommand(Object(Illuminate/Database/Console/Migrations/FreshCommand), Object(Symfony/Component/Console/Input/ArgvInput), Object(Symfony/Component/Console/Output/ConsoleOutput))
#41 E:/laravel_project/passport-api/vendor/symfony/console/Application.php(195): Symfony/Component/Console/Application->doRun(Object(Symfony/Component/Console/Input/ArgvInput), Object(Symfony/Component/Console/Output/ConsoleOutput))
#42 E:/laravel_project/passport-api/vendor/laravel/framework/src/Illuminate/Foundation/Console/Kernel.php(198): Symfony/Component/Console/Application->run(Object(Symfony/Component/Console/Input/ArgvInput), Object(Symfony/Component/Console/Output/ConsoleOutput))
#43 E:/laravel_project/passport-api/vendor/laravel/framework/src/Illuminate/Foundation/Application.php(1235): Illuminate/Foundation/Console/Kernel->handle(Object(Symfony/Component/Console/Input/ArgvInput), Object(Symfony/Component/Console/Output/ConsoleOutput))
#44 E:/laravel_project/passport-api/artisan(16): Illuminate/Foundation/Application->handleCommand(Object(Symfony/Component/Console/Input/ArgvInput))
#45 {main}

[previous exception] [object] (PDOException(code: 42S01): SQLSTATE[42S01]: Base table or view already exists: 1050 Table 'oauth_clients' already exists at E:/laravel_project/passport-api/vendor/laravel/framework/src/Illuminate/Database/Connection.php:584)
[stacktrace]
#0 E:/laravel_project/passport-api/vendor/laravel/framework/src/Illuminate/Database/Connection.php(584): PDOStatement->execute()
#1 E:/laravel_project/passport-api/vendor/laravel/framework/src/Illuminate/Database/Connection.php(827): Illuminate/Database/Connection->Illuminate/Database/{closure}('create table `o...', Array)
#2 E:/laravel_project/passport-api/vendor/laravel/framework/src/Illuminate/Database/Connection.php(794): Illuminate/Database/Connection->runQueryCallback('create table `o...', Array, Object(Closure))
#3 E:/laravel_project/passport-api/vendor/laravel/framework/src/Illuminate/Database/Connection.php(573): Illuminate/Database/Connection->run('create table `o...', Array, Object(Closure))
#4 E:/laravel_project/passport-api/vendor/laravel/framework/src/Illuminate/Database/Schema/Blueprint.php(121): Illuminate/Database/Connection->statement('create table `o...')
#5 E:/laravel_project/passport-api/vendor/laravel/framework/src/Illuminate/Database/Schema/Builder.php(686): Illuminate/Database/Schema/Blueprint->build()
#6 E:/laravel_project/passport-api/vendor/laravel/framework/src/Illuminate/Database/Schema/Builder.php(506): Illuminate/Database/Schema/Builder->build(Object(Illuminate/Database/Schema/Blueprint))
#7 E:/laravel_project/passport-api/vendor/laravel/framework/src/Illuminate/Support/Facades/Facade.php(363): Illuminate/Database/Schema/Builder->create('oauth_clients', Object(Closure))
#8 E:/laravel_project/passport-api/database/migrations/2026_03_26_115038_create_oauth_clients_table.php(14): Illuminate/Support/Facades/Facade::__callStatic('create', Array)
#9 E:/laravel_project/passport-api/vendor/laravel/framework/src/Illuminate/Database/Migrations/Migrator.php(517): Illuminate/Database/Migrations/Migration@anonymous->up()
#10 E:/laravel_project/passport-api/vendor/laravel/framework/src/Illuminate/Database/Migrations/Migrator.php(442): Illuminate/Database/Migrations/Migrator->runMethod(Object(Illuminate/Database/MySqlConnection), Object(Illuminate/Database/Migrations/Migration@anonymous), 'up')
#11 E:/laravel_project/passport-api/vendor/laravel/framework/src/Illuminate/Database/Migrations/Migrator.php(451): Illuminate/Database/Migrations/Migrator->Illuminate/Database/Migrations/{closure}()
#12 E:/laravel_project/passport-api/vendor/laravel/framework/src/Illuminate/Database/Migrations/Migrator.php(253): Illuminate/Database/Migrations/Migrator->runMigration(Object(Illuminate/Database/Migrations/Migration@anonymous), 'up')
#13 E:/laravel_project/passport-api/vendor/laravel/framework/src/Illuminate/Console/View/Components/Task.php(41): Illuminate/Database/Migrations/Migrator->Illuminate/Database/Migrations/{closure}()
#14 E:/laravel_project/passport-api/vendor/laravel/framework/src/Illuminate/Database/Migrations/Migrator.php(814): Illuminate/Console/View/Components/Task->render('2026_03_26_1150...', Object(Closure))
#15 E:/laravel_project/passport-api/vendor/laravel/framework/src/Illuminate/Database/Migrations/Migrator.php(253): Illuminate/Database/Migrations/Migrator->write('Illuminate//Cons...', '2026_03_26_1150...', Object(Closure))
#16 E:/laravel_project/passport-api/vendor/laravel/framework/src/Illuminate/Database/Migrations/Migrator.php(211): Illuminate/Database/Migrations/Migrator->runUp('E://laravel_proj...', 1, false)
#17 E:/laravel_project/passport-api/vendor/laravel/framework/src/Illuminate/Database/Migrations/Migrator.php(138): Illuminate/Database/Migrations/Migrator->runPending(Array, Array)
#18 E:/laravel_project/passport-api/vendor/laravel/framework/src/Illuminate/Database/Console/Migrations/MigrateCommand.php(116): Illuminate/Database/Migrations/Migrator->run(Array, Array)
#19 E:/laravel_project/passport-api/vendor/laravel/framework/src/Illuminate/Database/Migrations/Migrator.php(671): Illuminate/Database/Console/Migrations/MigrateCommand->Illuminate/Database/Console/Migrations/{closure}()
#20 E:/laravel_project/passport-api/vendor/laravel/framework/src/Illuminate/Database/Console/Migrations/MigrateCommand.php(109): Illuminate/Database/Migrations/Migrator->usingConnection(NULL, Object(Closure))
#21 E:/laravel_project/passport-api/vendor/laravel/framework/src/Illuminate/Database/Console/Migrations/MigrateCommand.php(88): Illuminate/Database/Console/Migrations/MigrateCommand->runMigrations()
#22 E:/laravel_project/passport-api/vendor/laravel/framework/src/Illuminate/Container/BoundMethod.php(36): Illuminate/Database/Console/Migrations/MigrateCommand->handle()
#23 E:/laravel_project/passport-api/vendor/laravel/framework/src/Illuminate/Container/Util.php(43): Illuminate/Container/BoundMethod::Illuminate/Container/{closure}()
#24 E:/laravel_project/passport-api/vendor/laravel/framework/src/Illuminate/Container/BoundMethod.php(96): Illuminate/Container/Util::unwrapIfClosure(Object(Closure))
#25 E:/laravel_project/passport-api/vendor/laravel/framework/src/Illuminate/Container/BoundMethod.php(35): Illuminate/Container/BoundMethod::callBoundMethod(Object(Illuminate/Foundation/Application), Array, Object(Closure))
#26 E:/laravel_project/passport-api/vendor/laravel/framework/src/Illuminate/Container/Container.php(799): Illuminate/Container/BoundMethod::call(Object(Illuminate/Foundation/Application), Array, Array, NULL)
#27 E:/laravel_project/passport-api/vendor/laravel/framework/src/Illuminate/Console/Command.php(211): Illuminate/Container/Container->call(Array)
#28 E:/laravel_project/passport-api/vendor/symfony/console/Command/Command.php(341): Illuminate/Console/Command->execute(Object(Symfony/Component/Console/Input/ArrayInput), Object(Illuminate/Console/OutputStyle))
#29 E:/laravel_project/passport-api/vendor/laravel/framework/src/Illuminate/Console/Command.php(180): Symfony/Component/Console/Command/Command->run(Object(Symfony/Component/Console/Input/ArrayInput), Object(Illuminate/Console/OutputStyle))
#30 E:/laravel_project/passport-api/vendor/laravel/framework/src/Illuminate/Console/Concerns/CallsCommands.php(68): Illuminate/Console/Command->run(Object(Symfony/Component/Console/Input/ArrayInput), Object(Illuminate/Console/OutputStyle))
#31 E:/laravel_project/passport-api/vendor/laravel/framework/src/Illuminate/Console/Concerns/CallsCommands.php(29): Illuminate/Console/Command->runCommand('migrate', Array, Object(Illuminate/Console/OutputStyle))
#32 E:/laravel_project/passport-api/vendor/laravel/framework/src/Illuminate/Database/Console/Migrations/FreshCommand.php(88): Illuminate/Console/Command->call('migrate', Array)
#33 E:/laravel_project/passport-api/vendor/laravel/framework/src/Illuminate/Container/BoundMethod.php(36): Illuminate/Database/Console/Migrations/FreshCommand->handle()
#34 E:/laravel_project/passport-api/vendor/laravel/framework/src/Illuminate/Container/Util.php(43): Illuminate/Container/BoundMethod::Illuminate/Container/{closure}()
#35 E:/laravel_project/passport-api/vendor/laravel/framework/src/Illuminate/Container/BoundMethod.php(96): Illuminate/Container/Util::unwrapIfClosure(Object(Closure))
#36 E:/laravel_project/passport-api/vendor/laravel/framework/src/Illuminate/Container/BoundMethod.php(35): Illuminate/Container/BoundMethod::callBoundMethod(Object(Illuminate/Foundation/Application), Array, Object(Closure))
#37 E:/laravel_project/passport-api/vendor/laravel/framework/src/Illuminate/Container/Container.php(799): Illuminate/Container/BoundMethod::call(Object(Illuminate/Foundation/Application), Array, Array, NULL)
#38 E:/laravel_project/passport-api/vendor/laravel/framework/src/Illuminate/Console/Command.php(211): Illuminate/Container/Container->call(Array)
#39 E:/laravel_project/passport-api/vendor/symfony/console/Command/Command.php(341): Illuminate/Console/Command->execute(Object(Symfony/Component/Console/Input/ArgvInput), Object(Illuminate/Console/OutputStyle))
#40 E:/laravel_project/passport-api/vendor/laravel/framework/src/Illuminate/Console/Command.php(180): Symfony/Component/Console/Command/Command->run(Object(Symfony/Component/Console/Input/ArgvInput), Object(Illuminate/Console/OutputStyle))
#41 E:/laravel_project/passport-api/vendor/symfony/console/Application.php(1117): Illuminate/Console/Command->run(Object(Symfony/Component/Console/Input/ArgvInput), Object(Symfony/Component/Console/Output/ConsoleOutput))
#42 E:/laravel_project/passport-api/vendor/symfony/console/Application.php(356): Symfony/Component/Console/Application->doRunCommand(Object(Illuminate/Database/Console/Migrations/FreshCommand), Object(Symfony/Component/Console/Input/ArgvInput), Object(Symfony/Component/Console/Output/ConsoleOutput))
#43 E:/laravel_project/passport-api/vendor/symfony/console/Application.php(195): Symfony/Component/Console/Application->doRun(Object(Symfony/Component/Console/Input/ArgvInput), Object(Symfony/Component/Console/Output/ConsoleOutput))
#44 E:/laravel_project/passport-api/vendor/laravel/framework/src/Illuminate/Foundation/Console/Kernel.php(198): Symfony/Component/Console/Application->run(Object(Symfony/Component/Console/Input/ArgvInput), Object(Symfony/Component/Console/Output/ConsoleOutput))
#45 E:/laravel_project/passport-api/vendor/laravel/framework/src/Illuminate/Foundation/Application.php(1235): Illuminate/Foundation/Console/Kernel->handle(Object(Symfony/Component/Console/Input/ArgvInput), Object(Symfony/Component/Console/Output/ConsoleOutput))
#46 E:/laravel_project/passport-api/artisan(16): Illuminate/Foundation/Application->handleCommand(Object(Symfony/Component/Console/Input/ArgvInput))
#47 {main}
"} 
[2026-03-26 13:18:55] local.ERROR: SQLSTATE[42S01]: Base table or view already exists: 1050 Table 'oauth_device_codes' already exists (Connection: mysql, Host: 127.0.0.1, Port: 3306, Database: laravel_passport, SQL: create table `oauth_device_codes` (`id` char(80) not null, `user_id` bigint unsigned null, `client_id` char(36) not null, `user_code` char(8) not null, `scopes` text not null, `revoked` tinyint(1) not null, `user_approved_at` datetime null, `last_polled_at` datetime null, `expires_at` datetime null, primary key (`id`)) default character set utf8mb4 collate 'utf8mb4_unicode_ci') {"exception":"[object] (Illuminate\\Database\\QueryException(code: 42S01): SQLSTATE[42S01]: Base table or view already exists: 1050 Table 'oauth_device_codes' already exists (Connection: mysql, Host: 127.0.0.1, Port: 3306, Database: laravel_passport, SQL: create table `oauth_device_codes` (`id` char(80) not null, `user_id` bigint unsigned null, `client_id` char(36) not null, `user_code` char(8) not null, `scopes` text not null, `revoked` tinyint(1) not null, `user_approved_at` datetime null, `last_polled_at` datetime null, `expires_at` datetime null, primary key (`id`)) default character set utf8mb4 collate 'utf8mb4_unicode_ci') at E:/laravel_project/passport-api/vendor/laravel/framework/src/Illuminate/Database/Connection.php:838)
[stacktrace]
#0 E:/laravel_project/passport-api/vendor/laravel/framework/src/Illuminate/Database/Connection.php(794): Illuminate/Database/Connection->runQueryCallback('create table `o...', Array, Object(Closure))
#1 E:/laravel_project/passport-api/vendor/laravel/framework/src/Illuminate/Database/Connection.php(573): Illuminate/Database/Connection->run('create table `o...', Array, Object(Closure))
#2 E:/laravel_project/passport-api/vendor/laravel/framework/src/Illuminate/Database/Schema/Blueprint.php(121): Illuminate/Database/Connection->statement('create table `o...')
#3 E:/laravel_project/passport-api/vendor/laravel/framework/src/Illuminate/Database/Schema/Builder.php(686): Illuminate/Database/Schema/Blueprint->build()
#4 E:/laravel_project/passport-api/vendor/laravel/framework/src/Illuminate/Database/Schema/Builder.php(506): Illuminate/Database/Schema/Builder->build(Object(Illuminate/Database/Schema/Blueprint))
#5 E:/laravel_project/passport-api/vendor/laravel/framework/src/Illuminate/Support/Facades/Facade.php(363): Illuminate/Database/Schema/Builder->create('oauth_device_co...', Object(Closure))
#6 E:/laravel_project/passport-api/database/migrations/2026_03_26_115039_create_oauth_device_codes_table.php(14): Illuminate/Support/Facades/Facade::__callStatic('create', Array)
#7 E:/laravel_project/passport-api/vendor/laravel/framework/src/Illuminate/Database/Migrations/Migrator.php(517): Illuminate/Database/Migrations/Migration@anonymous->up()
#8 E:/laravel_project/passport-api/vendor/laravel/framework/src/Illuminate/Database/Migrations/Migrator.php(442): Illuminate/Database/Migrations/Migrator->runMethod(Object(Illuminate/Database/MySqlConnection), Object(Illuminate/Database/Migrations/Migration@anonymous), 'up')
#9 E:/laravel_project/passport-api/vendor/laravel/framework/src/Illuminate/Database/Migrations/Migrator.php(451): Illuminate/Database/Migrations/Migrator->Illuminate/Database/Migrations/{closure}()
#10 E:/laravel_project/passport-api/vendor/laravel/framework/src/Illuminate/Database/Migrations/Migrator.php(253): Illuminate/Database/Migrations/Migrator->runMigration(Object(Illuminate/Database/Migrations/Migration@anonymous), 'up')
#11 E:/laravel_project/passport-api/vendor/laravel/framework/src/Illuminate/Console/View/Components/Task.php(41): Illuminate/Database/Migrations/Migrator->Illuminate/Database/Migrations/{closure}()
#12 E:/laravel_project/passport-api/vendor/laravel/framework/src/Illuminate/Database/Migrations/Migrator.php(814): Illuminate/Console/View/Components/Task->render('2026_03_26_1150...', Object(Closure))
#13 E:/laravel_project/passport-api/vendor/laravel/framework/src/Illuminate/Database/Migrations/Migrator.php(253): Illuminate/Database/Migrations/Migrator->write('Illuminate//Cons...', '2026_03_26_1150...', Object(Closure))
#14 E:/laravel_project/passport-api/vendor/laravel/framework/src/Illuminate/Database/Migrations/Migrator.php(211): Illuminate/Database/Migrations/Migrator->runUp('E://laravel_proj...', 1, false)
#15 E:/laravel_project/passport-api/vendor/laravel/framework/src/Illuminate/Database/Migrations/Migrator.php(138): Illuminate/Database/Migrations/Migrator->runPending(Array, Array)
#16 E:/laravel_project/passport-api/vendor/laravel/framework/src/Illuminate/Database/Console/Migrations/MigrateCommand.php(116): Illuminate/Database/Migrations/Migrator->run(Array, Array)
#17 E:/laravel_project/passport-api/vendor/laravel/framework/src/Illuminate/Database/Migrations/Migrator.php(671): Illuminate/Database/Console/Migrations/MigrateCommand->Illuminate/Database/Console/Migrations/{closure}()
#18 E:/laravel_project/passport-api/vendor/laravel/framework/src/Illuminate/Database/Console/Migrations/MigrateCommand.php(109): Illuminate/Database/Migrations/Migrator->usingConnection(NULL, Object(Closure))
#19 E:/laravel_project/passport-api/vendor/laravel/framework/src/Illuminate/Database/Console/Migrations/MigrateCommand.php(88): Illuminate/Database/Console/Migrations/MigrateCommand->runMigrations()
#20 E:/laravel_project/passport-api/vendor/laravel/framework/src/Illuminate/Container/BoundMethod.php(36): Illuminate/Database/Console/Migrations/MigrateCommand->handle()
#21 E:/laravel_project/passport-api/vendor/laravel/framework/src/Illuminate/Container/Util.php(43): Illuminate/Container/BoundMethod::Illuminate/Container/{closure}()
#22 E:/laravel_project/passport-api/vendor/laravel/framework/src/Illuminate/Container/BoundMethod.php(96): Illuminate/Container/Util::unwrapIfClosure(Object(Closure))
#23 E:/laravel_project/passport-api/vendor/laravel/framework/src/Illuminate/Container/BoundMethod.php(35): Illuminate/Container/BoundMethod::callBoundMethod(Object(Illuminate/Foundation/Application), Array, Object(Closure))
#24 E:/laravel_project/passport-api/vendor/laravel/framework/src/Illuminate/Container/Container.php(799): Illuminate/Container/BoundMethod::call(Object(Illuminate/Foundation/Application), Array, Array, NULL)
#25 E:/laravel_project/passport-api/vendor/laravel/framework/src/Illuminate/Console/Command.php(211): Illuminate/Container/Container->call(Array)
#26 E:/laravel_project/passport-api/vendor/symfony/console/Command/Command.php(341): Illuminate/Console/Command->execute(Object(Symfony/Component/Console/Input/ArrayInput), Object(Illuminate/Console/OutputStyle))
#27 E:/laravel_project/passport-api/vendor/laravel/framework/src/Illuminate/Console/Command.php(180): Symfony/Component/Console/Command/Command->run(Object(Symfony/Component/Console/Input/ArrayInput), Object(Illuminate/Console/OutputStyle))
#28 E:/laravel_project/passport-api/vendor/laravel/framework/src/Illuminate/Console/Concerns/CallsCommands.php(68): Illuminate/Console/Command->run(Object(Symfony/Component/Console/Input/ArrayInput), Object(Illuminate/Console/OutputStyle))
#29 E:/laravel_project/passport-api/vendor/laravel/framework/src/Illuminate/Console/Concerns/CallsCommands.php(29): Illuminate/Console/Command->runCommand('migrate', Array, Object(Illuminate/Console/OutputStyle))
#30 E:/laravel_project/passport-api/vendor/laravel/framework/src/Illuminate/Database/Console/Migrations/FreshCommand.php(88): Illuminate/Console/Command->call('migrate', Array)
#31 E:/laravel_project/passport-api/vendor/laravel/framework/src/Illuminate/Container/BoundMethod.php(36): Illuminate/Database/Console/Migrations/FreshCommand->handle()
#32 E:/laravel_project/passport-api/vendor/laravel/framework/src/Illuminate/Container/Util.php(43): Illuminate/Container/BoundMethod::Illuminate/Container/{closure}()
#33 E:/laravel_project/passport-api/vendor/laravel/framework/src/Illuminate/Container/BoundMethod.php(96): Illuminate/Container/Util::unwrapIfClosure(Object(Closure))
#34 E:/laravel_project/passport-api/vendor/laravel/framework/src/Illuminate/Container/BoundMethod.php(35): Illuminate/Container/BoundMethod::callBoundMethod(Object(Illuminate/Foundation/Application), Array, Object(Closure))
#35 E:/laravel_project/passport-api/vendor/laravel/framework/src/Illuminate/Container/Container.php(799): Illuminate/Container/BoundMethod::call(Object(Illuminate/Foundation/Application), Array, Array, NULL)
#36 E:/laravel_project/passport-api/vendor/laravel/framework/src/Illuminate/Console/Command.php(211): Illuminate/Container/Container->call(Array)
#37 E:/laravel_project/passport-api/vendor/symfony/console/Command/Command.php(341): Illuminate/Console/Command->execute(Object(Symfony/Component/Console/Input/ArgvInput), Object(Illuminate/Console/OutputStyle))
#38 E:/laravel_project/passport-api/vendor/laravel/framework/src/Illuminate/Console/Command.php(180): Symfony/Component/Console/Command/Command->run(Object(Symfony/Component/Console/Input/ArgvInput), Object(Illuminate/Console/OutputStyle))
#39 E:/laravel_project/passport-api/vendor/symfony/console/Application.php(1117): Illuminate/Console/Command->run(Object(Symfony/Component/Console/Input/ArgvInput), Object(Symfony/Component/Console/Output/ConsoleOutput))
#40 E:/laravel_project/passport-api/vendor/symfony/console/Application.php(356): Symfony/Component/Console/Application->doRunCommand(Object(Illuminate/Database/Console/Migrations/FreshCommand), Object(Symfony/Component/Console/Input/ArgvInput), Object(Symfony/Component/Console/Output/ConsoleOutput))
#41 E:/laravel_project/passport-api/vendor/symfony/console/Application.php(195): Symfony/Component/Console/Application->doRun(Object(Symfony/Component/Console/Input/ArgvInput), Object(Symfony/Component/Console/Output/ConsoleOutput))
#42 E:/laravel_project/passport-api/vendor/laravel/framework/src/Illuminate/Foundation/Console/Kernel.php(198): Symfony/Component/Console/Application->run(Object(Symfony/Component/Console/Input/ArgvInput), Object(Symfony/Component/Console/Output/ConsoleOutput))
#43 E:/laravel_project/passport-api/vendor/laravel/framework/src/Illuminate/Foundation/Application.php(1235): Illuminate/Foundation/Console/Kernel->handle(Object(Symfony/Component/Console/Input/ArgvInput), Object(Symfony/Component/Console/Output/ConsoleOutput))
#44 E:/laravel_project/passport-api/artisan(16): Illuminate/Foundation/Application->handleCommand(Object(Symfony/Component/Console/Input/ArgvInput))
#45 {main}

[previous exception] [object] (PDOException(code: 42S01): SQLSTATE[42S01]: Base table or view already exists: 1050 Table 'oauth_device_codes' already exists at E:/laravel_project/passport-api/vendor/laravel/framework/src/Illuminate/Database/Connection.php:584)
[stacktrace]
#0 E:/laravel_project/passport-api/vendor/laravel/framework/src/Illuminate/Database/Connection.php(584): PDOStatement->execute()
#1 E:/laravel_project/passport-api/vendor/laravel/framework/src/Illuminate/Database/Connection.php(827): Illuminate/Database/Connection->Illuminate/Database/{closure}('create table `o...', Array)
#2 E:/laravel_project/passport-api/vendor/laravel/framework/src/Illuminate/Database/Connection.php(794): Illuminate/Database/Connection->runQueryCallback('create table `o...', Array, Object(Closure))
#3 E:/laravel_project/passport-api/vendor/laravel/framework/src/Illuminate/Database/Connection.php(573): Illuminate/Database/Connection->run('create table `o...', Array, Object(Closure))
#4 E:/laravel_project/passport-api/vendor/laravel/framework/src/Illuminate/Database/Schema/Blueprint.php(121): Illuminate/Database/Connection->statement('create table `o...')
#5 E:/laravel_project/passport-api/vendor/laravel/framework/src/Illuminate/Database/Schema/Builder.php(686): Illuminate/Database/Schema/Blueprint->build()
#6 E:/laravel_project/passport-api/vendor/laravel/framework/src/Illuminate/Database/Schema/Builder.php(506): Illuminate/Database/Schema/Builder->build(Object(Illuminate/Database/Schema/Blueprint))
#7 E:/laravel_project/passport-api/vendor/laravel/framework/src/Illuminate/Support/Facades/Facade.php(363): Illuminate/Database/Schema/Builder->create('oauth_device_co...', Object(Closure))
#8 E:/laravel_project/passport-api/database/migrations/2026_03_26_115039_create_oauth_device_codes_table.php(14): Illuminate/Support/Facades/Facade::__callStatic('create', Array)
#9 E:/laravel_project/passport-api/vendor/laravel/framework/src/Illuminate/Database/Migrations/Migrator.php(517): Illuminate/Database/Migrations/Migration@anonymous->up()
#10 E:/laravel_project/passport-api/vendor/laravel/framework/src/Illuminate/Database/Migrations/Migrator.php(442): Illuminate/Database/Migrations/Migrator->runMethod(Object(Illuminate/Database/MySqlConnection), Object(Illuminate/Database/Migrations/Migration@anonymous), 'up')
#11 E:/laravel_project/passport-api/vendor/laravel/framework/src/Illuminate/Database/Migrations/Migrator.php(451): Illuminate/Database/Migrations/Migrator->Illuminate/Database/Migrations/{closure}()
#12 E:/laravel_project/passport-api/vendor/laravel/framework/src/Illuminate/Database/Migrations/Migrator.php(253): Illuminate/Database/Migrations/Migrator->runMigration(Object(Illuminate/Database/Migrations/Migration@anonymous), 'up')
#13 E:/laravel_project/passport-api/vendor/laravel/framework/src/Illuminate/Console/View/Components/Task.php(41): Illuminate/Database/Migrations/Migrator->Illuminate/Database/Migrations/{closure}()
#14 E:/laravel_project/passport-api/vendor/laravel/framework/src/Illuminate/Database/Migrations/Migrator.php(814): Illuminate/Console/View/Components/Task->render('2026_03_26_1150...', Object(Closure))
#15 E:/laravel_project/passport-api/vendor/laravel/framework/src/Illuminate/Database/Migrations/Migrator.php(253): Illuminate/Database/Migrations/Migrator->write('Illuminate//Cons...', '2026_03_26_1150...', Object(Closure))
#16 E:/laravel_project/passport-api/vendor/laravel/framework/src/Illuminate/Database/Migrations/Migrator.php(211): Illuminate/Database/Migrations/Migrator->runUp('E://laravel_proj...', 1, false)
#17 E:/laravel_project/passport-api/vendor/laravel/framework/src/Illuminate/Database/Migrations/Migrator.php(138): Illuminate/Database/Migrations/Migrator->runPending(Array, Array)
#18 E:/laravel_project/passport-api/vendor/laravel/framework/src/Illuminate/Database/Console/Migrations/MigrateCommand.php(116): Illuminate/Database/Migrations/Migrator->run(Array, Array)
#19 E:/laravel_project/passport-api/vendor/laravel/framework/src/Illuminate/Database/Migrations/Migrator.php(671): Illuminate/Database/Console/Migrations/MigrateCommand->Illuminate/Database/Console/Migrations/{closure}()
#20 E:/laravel_project/passport-api/vendor/laravel/framework/src/Illuminate/Database/Console/Migrations/MigrateCommand.php(109): Illuminate/Database/Migrations/Migrator->usingConnection(NULL, Object(Closure))
#21 E:/laravel_project/passport-api/vendor/laravel/framework/src/Illuminate/Database/Console/Migrations/MigrateCommand.php(88): Illuminate/Database/Console/Migrations/MigrateCommand->runMigrations()
#22 E:/laravel_project/passport-api/vendor/laravel/framework/src/Illuminate/Container/BoundMethod.php(36): Illuminate/Database/Console/Migrations/MigrateCommand->handle()
#23 E:/laravel_project/passport-api/vendor/laravel/framework/src/Illuminate/Container/Util.php(43): Illuminate/Container/BoundMethod::Illuminate/Container/{closure}()
#24 E:/laravel_project/passport-api/vendor/laravel/framework/src/Illuminate/Container/BoundMethod.php(96): Illuminate/Container/Util::unwrapIfClosure(Object(Closure))
#25 E:/laravel_project/passport-api/vendor/laravel/framework/src/Illuminate/Container/BoundMethod.php(35): Illuminate/Container/BoundMethod::callBoundMethod(Object(Illuminate/Foundation/Application), Array, Object(Closure))
#26 E:/laravel_project/passport-api/vendor/laravel/framework/src/Illuminate/Container/Container.php(799): Illuminate/Container/BoundMethod::call(Object(Illuminate/Foundation/Application), Array, Array, NULL)
#27 E:/laravel_project/passport-api/vendor/laravel/framework/src/Illuminate/Console/Command.php(211): Illuminate/Container/Container->call(Array)
#28 E:/laravel_project/passport-api/vendor/symfony/console/Command/Command.php(341): Illuminate/Console/Command->execute(Object(Symfony/Component/Console/Input/ArrayInput), Object(Illuminate/Console/OutputStyle))
#29 E:/laravel_project/passport-api/vendor/laravel/framework/src/Illuminate/Console/Command.php(180): Symfony/Component/Console/Command/Command->run(Object(Symfony/Component/Console/Input/ArrayInput), Object(Illuminate/Console/OutputStyle))
#30 E:/laravel_project/passport-api/vendor/laravel/framework/src/Illuminate/Console/Concerns/CallsCommands.php(68): Illuminate/Console/Command->run(Object(Symfony/Component/Console/Input/ArrayInput), Object(Illuminate/Console/OutputStyle))
#31 E:/laravel_project/passport-api/vendor/laravel/framework/src/Illuminate/Console/Concerns/CallsCommands.php(29): Illuminate/Console/Command->runCommand('migrate', Array, Object(Illuminate/Console/OutputStyle))
#32 E:/laravel_project/passport-api/vendor/laravel/framework/src/Illuminate/Database/Console/Migrations/FreshCommand.php(88): Illuminate/Console/Command->call('migrate', Array)
#33 E:/laravel_project/passport-api/vendor/laravel/framework/src/Illuminate/Container/BoundMethod.php(36): Illuminate/Database/Console/Migrations/FreshCommand->handle()
#34 E:/laravel_project/passport-api/vendor/laravel/framework/src/Illuminate/Container/Util.php(43): Illuminate/Container/BoundMethod::Illuminate/Container/{closure}()
#35 E:/laravel_project/passport-api/vendor/laravel/framework/src/Illuminate/Container/BoundMethod.php(96): Illuminate/Container/Util::unwrapIfClosure(Object(Closure))
#36 E:/laravel_project/passport-api/vendor/laravel/framework/src/Illuminate/Container/BoundMethod.php(35): Illuminate/Container/BoundMethod::callBoundMethod(Object(Illuminate/Foundation/Application), Array, Object(Closure))
#37 E:/laravel_project/passport-api/vendor/laravel/framework/src/Illuminate/Container/Container.php(799): Illuminate/Container/BoundMethod::call(Object(Illuminate/Foundation/Application), Array, Array, NULL)
#38 E:/laravel_project/passport-api/vendor/laravel/framework/src/Illuminate/Console/Command.php(211): Illuminate/Container/Container->call(Array)
#39 E:/laravel_project/passport-api/vendor/symfony/console/Command/Command.php(341): Illuminate/Console/Command->execute(Object(Symfony/Component/Console/Input/ArgvInput), Object(Illuminate/Console/OutputStyle))
#40 E:/laravel_project/passport-api/vendor/laravel/framework/src/Illuminate/Console/Command.php(180): Symfony/Component/Console/Command/Command->run(Object(Symfony/Component/Console/Input/ArgvInput), Object(Illuminate/Console/OutputStyle))
#41 E:/laravel_project/passport-api/vendor/symfony/console/Application.php(1117): Illuminate/Console/Command->run(Object(Symfony/Component/Console/Input/ArgvInput), Object(Symfony/Component/Console/Output/ConsoleOutput))
#42 E:/laravel_project/passport-api/vendor/symfony/console/Application.php(356): Symfony/Component/Console/Application->doRunCommand(Object(Illuminate/Database/Console/Migrations/FreshCommand), Object(Symfony/Component/Console/Input/ArgvInput), Object(Symfony/Component/Console/Output/ConsoleOutput))
#43 E:/laravel_project/passport-api/vendor/symfony/console/Application.php(195): Symfony/Component/Console/Application->doRun(Object(Symfony/Component/Console/Input/ArgvInput), Object(Symfony/Component/Console/Output/ConsoleOutput))
#44 E:/laravel_project/passport-api/vendor/laravel/framework/src/Illuminate/Foundation/Console/Kernel.php(198): Symfony/Component/Console/Application->run(Object(Symfony/Component/Console/Input/ArgvInput), Object(Symfony/Component/Console/Output/ConsoleOutput))
#45 E:/laravel_project/passport-api/vendor/laravel/framework/src/Illuminate/Foundation/Application.php(1235): Illuminate/Foundation/Console/Kernel->handle(Object(Symfony/Component/Console/Input/ArgvInput), Object(Symfony/Component/Console/Output/ConsoleOutput))
#46 E:/laravel_project/passport-api/artisan(16): Illuminate/Foundation/Application->handleCommand(Object(Symfony/Component/Console/Input/ArgvInput))
#47 {main}
"} 
[2026-03-26 13:19:15] local.ERROR: SQLSTATE[42S01]: Base table or view already exists: 1050 Table 'oauth_auth_codes' already exists (Connection: mysql, Host: 127.0.0.1, Port: 3306, Database: laravel_passport, SQL: create table `oauth_auth_codes` (`id` char(80) not null, `user_id` bigint unsigned not null, `client_id` char(36) not null, `scopes` text null, `revoked` tinyint(1) not null, `expires_at` datetime null, primary key (`id`)) default character set utf8mb4 collate 'utf8mb4_unicode_ci') {"exception":"[object] (Illuminate\\Database\\QueryException(code: 42S01): SQLSTATE[42S01]: Base table or view already exists: 1050 Table 'oauth_auth_codes' already exists (Connection: mysql, Host: 127.0.0.1, Port: 3306, Database: laravel_passport, SQL: create table `oauth_auth_codes` (`id` char(80) not null, `user_id` bigint unsigned not null, `client_id` char(36) not null, `scopes` text null, `revoked` tinyint(1) not null, `expires_at` datetime null, primary key (`id`)) default character set utf8mb4 collate 'utf8mb4_unicode_ci') at E:/laravel_project/passport-api/vendor/laravel/framework/src/Illuminate/Database/Connection.php:838)
[stacktrace]
#0 E:/laravel_project/passport-api/vendor/laravel/framework/src/Illuminate/Database/Connection.php(794): Illuminate/Database/Connection->runQueryCallback('create table `o...', Array, Object(Closure))
#1 E:/laravel_project/passport-api/vendor/laravel/framework/src/Illuminate/Database/Connection.php(573): Illuminate/Database/Connection->run('create table `o...', Array, Object(Closure))
#2 E:/laravel_project/passport-api/vendor/laravel/framework/src/Illuminate/Database/Schema/Blueprint.php(121): Illuminate/Database/Connection->statement('create table `o...')
#3 E:/laravel_project/passport-api/vendor/laravel/framework/src/Illuminate/Database/Schema/Builder.php(686): Illuminate/Database/Schema/Blueprint->build()
#4 E:/laravel_project/passport-api/vendor/laravel/framework/src/Illuminate/Database/Schema/Builder.php(506): Illuminate/Database/Schema/Builder->build(Object(Illuminate/Database/Schema/Blueprint))
#5 E:/laravel_project/passport-api/vendor/laravel/framework/src/Illuminate/Support/Facades/Facade.php(363): Illuminate/Database/Schema/Builder->create('oauth_auth_code...', Object(Closure))
#6 E:/laravel_project/passport-api/database/migrations/2026_03_26_115454_create_oauth_auth_codes_table.php(14): Illuminate/Support/Facades/Facade::__callStatic('create', Array)
#7 E:/laravel_project/passport-api/vendor/laravel/framework/src/Illuminate/Database/Migrations/Migrator.php(517): Illuminate/Database/Migrations/Migration@anonymous->up()
#8 E:/laravel_project/passport-api/vendor/laravel/framework/src/Illuminate/Database/Migrations/Migrator.php(442): Illuminate/Database/Migrations/Migrator->runMethod(Object(Illuminate/Database/MySqlConnection), Object(Illuminate/Database/Migrations/Migration@anonymous), 'up')
#9 E:/laravel_project/passport-api/vendor/laravel/framework/src/Illuminate/Database/Migrations/Migrator.php(451): Illuminate/Database/Migrations/Migrator->Illuminate/Database/Migrations/{closure}()
#10 E:/laravel_project/passport-api/vendor/laravel/framework/src/Illuminate/Database/Migrations/Migrator.php(253): Illuminate/Database/Migrations/Migrator->runMigration(Object(Illuminate/Database/Migrations/Migration@anonymous), 'up')
#11 E:/laravel_project/passport-api/vendor/laravel/framework/src/Illuminate/Console/View/Components/Task.php(41): Illuminate/Database/Migrations/Migrator->Illuminate/Database/Migrations/{closure}()
#12 E:/laravel_project/passport-api/vendor/laravel/framework/src/Illuminate/Database/Migrations/Migrator.php(814): Illuminate/Console/View/Components/Task->render('2026_03_26_1154...', Object(Closure))
#13 E:/laravel_project/passport-api/vendor/laravel/framework/src/Illuminate/Database/Migrations/Migrator.php(253): Illuminate/Database/Migrations/Migrator->write('Illuminate//Cons...', '2026_03_26_1154...', Object(Closure))
#14 E:/laravel_project/passport-api/vendor/laravel/framework/src/Illuminate/Database/Migrations/Migrator.php(211): Illuminate/Database/Migrations/Migrator->runUp('E://laravel_proj...', 1, false)
#15 E:/laravel_project/passport-api/vendor/laravel/framework/src/Illuminate/Database/Migrations/Migrator.php(138): Illuminate/Database/Migrations/Migrator->runPending(Array, Array)
#16 E:/laravel_project/passport-api/vendor/laravel/framework/src/Illuminate/Database/Console/Migrations/MigrateCommand.php(116): Illuminate/Database/Migrations/Migrator->run(Array, Array)
#17 E:/laravel_project/passport-api/vendor/laravel/framework/src/Illuminate/Database/Migrations/Migrator.php(671): Illuminate/Database/Console/Migrations/MigrateCommand->Illuminate/Database/Console/Migrations/{closure}()
#18 E:/laravel_project/passport-api/vendor/laravel/framework/src/Illuminate/Database/Console/Migrations/MigrateCommand.php(109): Illuminate/Database/Migrations/Migrator->usingConnection(NULL, Object(Closure))
#19 E:/laravel_project/passport-api/vendor/laravel/framework/src/Illuminate/Database/Console/Migrations/MigrateCommand.php(88): Illuminate/Database/Console/Migrations/MigrateCommand->runMigrations()
#20 E:/laravel_project/passport-api/vendor/laravel/framework/src/Illuminate/Container/BoundMethod.php(36): Illuminate/Database/Console/Migrations/MigrateCommand->handle()
#21 E:/laravel_project/passport-api/vendor/laravel/framework/src/Illuminate/Container/Util.php(43): Illuminate/Container/BoundMethod::Illuminate/Container/{closure}()
#22 E:/laravel_project/passport-api/vendor/laravel/framework/src/Illuminate/Container/BoundMethod.php(96): Illuminate/Container/Util::unwrapIfClosure(Object(Closure))
#23 E:/laravel_project/passport-api/vendor/laravel/framework/src/Illuminate/Container/BoundMethod.php(35): Illuminate/Container/BoundMethod::callBoundMethod(Object(Illuminate/Foundation/Application), Array, Object(Closure))
#24 E:/laravel_project/passport-api/vendor/laravel/framework/src/Illuminate/Container/Container.php(799): Illuminate/Container/BoundMethod::call(Object(Illuminate/Foundation/Application), Array, Array, NULL)
#25 E:/laravel_project/passport-api/vendor/laravel/framework/src/Illuminate/Console/Command.php(211): Illuminate/Container/Container->call(Array)
#26 E:/laravel_project/passport-api/vendor/symfony/console/Command/Command.php(341): Illuminate/Console/Command->execute(Object(Symfony/Component/Console/Input/ArrayInput), Object(Illuminate/Console/OutputStyle))
#27 E:/laravel_project/passport-api/vendor/laravel/framework/src/Illuminate/Console/Command.php(180): Symfony/Component/Console/Command/Command->run(Object(Symfony/Component/Console/Input/ArrayInput), Object(Illuminate/Console/OutputStyle))
#28 E:/laravel_project/passport-api/vendor/laravel/framework/src/Illuminate/Console/Concerns/CallsCommands.php(68): Illuminate/Console/Command->run(Object(Symfony/Component/Console/Input/ArrayInput), Object(Illuminate/Console/OutputStyle))
#29 E:/laravel_project/passport-api/vendor/laravel/framework/src/Illuminate/Console/Concerns/CallsCommands.php(29): Illuminate/Console/Command->runCommand('migrate', Array, Object(Illuminate/Console/OutputStyle))
#30 E:/laravel_project/passport-api/vendor/laravel/framework/src/Illuminate/Database/Console/Migrations/FreshCommand.php(88): Illuminate/Console/Command->call('migrate', Array)
#31 E:/laravel_project/passport-api/vendor/laravel/framework/src/Illuminate/Container/BoundMethod.php(36): Illuminate/Database/Console/Migrations/FreshCommand->handle()
#32 E:/laravel_project/passport-api/vendor/laravel/framework/src/Illuminate/Container/Util.php(43): Illuminate/Container/BoundMethod::Illuminate/Container/{closure}()
#33 E:/laravel_project/passport-api/vendor/laravel/framework/src/Illuminate/Container/BoundMethod.php(96): Illuminate/Container/Util::unwrapIfClosure(Object(Closure))
#34 E:/laravel_project/passport-api/vendor/laravel/framework/src/Illuminate/Container/BoundMethod.php(35): Illuminate/Container/BoundMethod::callBoundMethod(Object(Illuminate/Foundation/Application), Array, Object(Closure))
#35 E:/laravel_project/passport-api/vendor/laravel/framework/src/Illuminate/Container/Container.php(799): Illuminate/Container/BoundMethod::call(Object(Illuminate/Foundation/Application), Array, Array, NULL)
#36 E:/laravel_project/passport-api/vendor/laravel/framework/src/Illuminate/Console/Command.php(211): Illuminate/Container/Container->call(Array)
#37 E:/laravel_project/passport-api/vendor/symfony/console/Command/Command.php(341): Illuminate/Console/Command->execute(Object(Symfony/Component/Console/Input/ArgvInput), Object(Illuminate/Console/OutputStyle))
#38 E:/laravel_project/passport-api/vendor/laravel/framework/src/Illuminate/Console/Command.php(180): Symfony/Component/Console/Command/Command->run(Object(Symfony/Component/Console/Input/ArgvInput), Object(Illuminate/Console/OutputStyle))
#39 E:/laravel_project/passport-api/vendor/symfony/console/Application.php(1117): Illuminate/Console/Command->run(Object(Symfony/Component/Console/Input/ArgvInput), Object(Symfony/Component/Console/Output/ConsoleOutput))
#40 E:/laravel_project/passport-api/vendor/symfony/console/Application.php(356): Symfony/Component/Console/Application->doRunCommand(Object(Illuminate/Database/Console/Migrations/FreshCommand), Object(Symfony/Component/Console/Input/ArgvInput), Object(Symfony/Component/Console/Output/ConsoleOutput))
#41 E:/laravel_project/passport-api/vendor/symfony/console/Application.php(195): Symfony/Component/Console/Application->doRun(Object(Symfony/Component/Console/Input/ArgvInput), Object(Symfony/Component/Console/Output/ConsoleOutput))
#42 E:/laravel_project/passport-api/vendor/laravel/framework/src/Illuminate/Foundation/Console/Kernel.php(198): Symfony/Component/Console/Application->run(Object(Symfony/Component/Console/Input/ArgvInput), Object(Symfony/Component/Console/Output/ConsoleOutput))
#43 E:/laravel_project/passport-api/vendor/laravel/framework/src/Illuminate/Foundation/Application.php(1235): Illuminate/Foundation/Console/Kernel->handle(Object(Symfony/Component/Console/Input/ArgvInput), Object(Symfony/Component/Console/Output/ConsoleOutput))
#44 E:/laravel_project/passport-api/artisan(16): Illuminate/Foundation/Application->handleCommand(Object(Symfony/Component/Console/Input/ArgvInput))
#45 {main}

[previous exception] [object] (PDOException(code: 42S01): SQLSTATE[42S01]: Base table or view already exists: 1050 Table 'oauth_auth_codes' already exists at E:/laravel_project/passport-api/vendor/laravel/framework/src/Illuminate/Database/Connection.php:584)
[stacktrace]
#0 E:/laravel_project/passport-api/vendor/laravel/framework/src/Illuminate/Database/Connection.php(584): PDOStatement->execute()
#1 E:/laravel_project/passport-api/vendor/laravel/framework/src/Illuminate/Database/Connection.php(827): Illuminate/Database/Connection->Illuminate/Database/{closure}('create table `o...', Array)
#2 E:/laravel_project/passport-api/vendor/laravel/framework/src/Illuminate/Database/Connection.php(794): Illuminate/Database/Connection->runQueryCallback('create table `o...', Array, Object(Closure))
#3 E:/laravel_project/passport-api/vendor/laravel/framework/src/Illuminate/Database/Connection.php(573): Illuminate/Database/Connection->run('create table `o...', Array, Object(Closure))
#4 E:/laravel_project/passport-api/vendor/laravel/framework/src/Illuminate/Database/Schema/Blueprint.php(121): Illuminate/Database/Connection->statement('create table `o...')
#5 E:/laravel_project/passport-api/vendor/laravel/framework/src/Illuminate/Database/Schema/Builder.php(686): Illuminate/Database/Schema/Blueprint->build()
#6 E:/laravel_project/passport-api/vendor/laravel/framework/src/Illuminate/Database/Schema/Builder.php(506): Illuminate/Database/Schema/Builder->build(Object(Illuminate/Database/Schema/Blueprint))
#7 E:/laravel_project/passport-api/vendor/laravel/framework/src/Illuminate/Support/Facades/Facade.php(363): Illuminate/Database/Schema/Builder->create('oauth_auth_code...', Object(Closure))
#8 E:/laravel_project/passport-api/database/migrations/2026_03_26_115454_create_oauth_auth_codes_table.php(14): Illuminate/Support/Facades/Facade::__callStatic('create', Array)
#9 E:/laravel_project/passport-api/vendor/laravel/framework/src/Illuminate/Database/Migrations/Migrator.php(517): Illuminate/Database/Migrations/Migration@anonymous->up()
#10 E:/laravel_project/passport-api/vendor/laravel/framework/src/Illuminate/Database/Migrations/Migrator.php(442): Illuminate/Database/Migrations/Migrator->runMethod(Object(Illuminate/Database/MySqlConnection), Object(Illuminate/Database/Migrations/Migration@anonymous), 'up')
#11 E:/laravel_project/passport-api/vendor/laravel/framework/src/Illuminate/Database/Migrations/Migrator.php(451): Illuminate/Database/Migrations/Migrator->Illuminate/Database/Migrations/{closure}()
#12 E:/laravel_project/passport-api/vendor/laravel/framework/src/Illuminate/Database/Migrations/Migrator.php(253): Illuminate/Database/Migrations/Migrator->runMigration(Object(Illuminate/Database/Migrations/Migration@anonymous), 'up')
#13 E:/laravel_project/passport-api/vendor/laravel/framework/src/Illuminate/Console/View/Components/Task.php(41): Illuminate/Database/Migrations/Migrator->Illuminate/Database/Migrations/{closure}()
#14 E:/laravel_project/passport-api/vendor/laravel/framework/src/Illuminate/Database/Migrations/Migrator.php(814): Illuminate/Console/View/Components/Task->render('2026_03_26_1154...', Object(Closure))
#15 E:/laravel_project/passport-api/vendor/laravel/framework/src/Illuminate/Database/Migrations/Migrator.php(253): Illuminate/Database/Migrations/Migrator->write('Illuminate//Cons...', '2026_03_26_1154...', Object(Closure))
#16 E:/laravel_project/passport-api/vendor/laravel/framework/src/Illuminate/Database/Migrations/Migrator.php(211): Illuminate/Database/Migrations/Migrator->runUp('E://laravel_proj...', 1, false)
#17 E:/laravel_project/passport-api/vendor/laravel/framework/src/Illuminate/Database/Migrations/Migrator.php(138): Illuminate/Database/Migrations/Migrator->runPending(Array, Array)
#18 E:/laravel_project/passport-api/vendor/laravel/framework/src/Illuminate/Database/Console/Migrations/MigrateCommand.php(116): Illuminate/Database/Migrations/Migrator->run(Array, Array)
#19 E:/laravel_project/passport-api/vendor/laravel/framework/src/Illuminate/Database/Migrations/Migrator.php(671): Illuminate/Database/Console/Migrations/MigrateCommand->Illuminate/Database/Console/Migrations/{closure}()
#20 E:/laravel_project/passport-api/vendor/laravel/framework/src/Illuminate/Database/Console/Migrations/MigrateCommand.php(109): Illuminate/Database/Migrations/Migrator->usingConnection(NULL, Object(Closure))
#21 E:/laravel_project/passport-api/vendor/laravel/framework/src/Illuminate/Database/Console/Migrations/MigrateCommand.php(88): Illuminate/Database/Console/Migrations/MigrateCommand->runMigrations()
#22 E:/laravel_project/passport-api/vendor/laravel/framework/src/Illuminate/Container/BoundMethod.php(36): Illuminate/Database/Console/Migrations/MigrateCommand->handle()
#23 E:/laravel_project/passport-api/vendor/laravel/framework/src/Illuminate/Container/Util.php(43): Illuminate/Container/BoundMethod::Illuminate/Container/{closure}()
#24 E:/laravel_project/passport-api/vendor/laravel/framework/src/Illuminate/Container/BoundMethod.php(96): Illuminate/Container/Util::unwrapIfClosure(Object(Closure))
#25 E:/laravel_project/passport-api/vendor/laravel/framework/src/Illuminate/Container/BoundMethod.php(35): Illuminate/Container/BoundMethod::callBoundMethod(Object(Illuminate/Foundation/Application), Array, Object(Closure))
#26 E:/laravel_project/passport-api/vendor/laravel/framework/src/Illuminate/Container/Container.php(799): Illuminate/Container/BoundMethod::call(Object(Illuminate/Foundation/Application), Array, Array, NULL)
#27 E:/laravel_project/passport-api/vendor/laravel/framework/src/Illuminate/Console/Command.php(211): Illuminate/Container/Container->call(Array)
#28 E:/laravel_project/passport-api/vendor/symfony/console/Command/Command.php(341): Illuminate/Console/Command->execute(Object(Symfony/Component/Console/Input/ArrayInput), Object(Illuminate/Console/OutputStyle))
#29 E:/laravel_project/passport-api/vendor/laravel/framework/src/Illuminate/Console/Command.php(180): Symfony/Component/Console/Command/Command->run(Object(Symfony/Component/Console/Input/ArrayInput), Object(Illuminate/Console/OutputStyle))
#30 E:/laravel_project/passport-api/vendor/laravel/framework/src/Illuminate/Console/Concerns/CallsCommands.php(68): Illuminate/Console/Command->run(Object(Symfony/Component/Console/Input/ArrayInput), Object(Illuminate/Console/OutputStyle))
#31 E:/laravel_project/passport-api/vendor/laravel/framework/src/Illuminate/Console/Concerns/CallsCommands.php(29): Illuminate/Console/Command->runCommand('migrate', Array, Object(Illuminate/Console/OutputStyle))
#32 E:/laravel_project/passport-api/vendor/laravel/framework/src/Illuminate/Database/Console/Migrations/FreshCommand.php(88): Illuminate/Console/Command->call('migrate', Array)
#33 E:/laravel_project/passport-api/vendor/laravel/framework/src/Illuminate/Container/BoundMethod.php(36): Illuminate/Database/Console/Migrations/FreshCommand->handle()
#34 E:/laravel_project/passport-api/vendor/laravel/framework/src/Illuminate/Container/Util.php(43): Illuminate/Container/BoundMethod::Illuminate/Container/{closure}()
#35 E:/laravel_project/passport-api/vendor/laravel/framework/src/Illuminate/Container/BoundMethod.php(96): Illuminate/Container/Util::unwrapIfClosure(Object(Closure))
#36 E:/laravel_project/passport-api/vendor/laravel/framework/src/Illuminate/Container/BoundMethod.php(35): Illuminate/Container/BoundMethod::callBoundMethod(Object(Illuminate/Foundation/Application), Array, Object(Closure))
#37 E:/laravel_project/passport-api/vendor/laravel/framework/src/Illuminate/Container/Container.php(799): Illuminate/Container/BoundMethod::call(Object(Illuminate/Foundation/Application), Array, Array, NULL)
#38 E:/laravel_project/passport-api/vendor/laravel/framework/src/Illuminate/Console/Command.php(211): Illuminate/Container/Container->call(Array)
#39 E:/laravel_project/passport-api/vendor/symfony/console/Command/Command.php(341): Illuminate/Console/Command->execute(Object(Symfony/Component/Console/Input/ArgvInput), Object(Illuminate/Console/OutputStyle))
#40 E:/laravel_project/passport-api/vendor/laravel/framework/src/Illuminate/Console/Command.php(180): Symfony/Component/Console/Command/Command->run(Object(Symfony/Component/Console/Input/ArgvInput), Object(Illuminate/Console/OutputStyle))
#41 E:/laravel_project/passport-api/vendor/symfony/console/Application.php(1117): Illuminate/Console/Command->run(Object(Symfony/Component/Console/Input/ArgvInput), Object(Symfony/Component/Console/Output/ConsoleOutput))
#42 E:/laravel_project/passport-api/vendor/symfony/console/Application.php(356): Symfony/Component/Console/Application->doRunCommand(Object(Illuminate/Database/Console/Migrations/FreshCommand), Object(Symfony/Component/Console/Input/ArgvInput), Object(Symfony/Component/Console/Output/ConsoleOutput))
#43 E:/laravel_project/passport-api/vendor/symfony/console/Application.php(195): Symfony/Component/Console/Application->doRun(Object(Symfony/Component/Console/Input/ArgvInput), Object(Symfony/Component/Console/Output/ConsoleOutput))
#44 E:/laravel_project/passport-api/vendor/laravel/framework/src/Illuminate/Foundation/Console/Kernel.php(198): Symfony/Component/Console/Application->run(Object(Symfony/Component/Console/Input/ArgvInput), Object(Symfony/Component/Console/Output/ConsoleOutput))
#45 E:/laravel_project/passport-api/vendor/laravel/framework/src/Illuminate/Foundation/Application.php(1235): Illuminate/Foundation/Console/Kernel->handle(Object(Symfony/Component/Console/Input/ArgvInput), Object(Symfony/Component/Console/Output/ConsoleOutput))
#46 E:/laravel_project/passport-api/artisan(16): Illuminate/Foundation/Application->handleCommand(Object(Symfony/Component/Console/Input/ArgvInput))
#47 {main}
"} 
[2026-03-26 13:19:34] local.ERROR: SQLSTATE[42S01]: Base table or view already exists: 1050 Table 'oauth_access_tokens' already exists (Connection: mysql, Host: 127.0.0.1, Port: 3306, Database: laravel_passport, SQL: create table `oauth_access_tokens` (`id` char(80) not null, `user_id` bigint unsigned null, `client_id` char(36) not null, `name` varchar(255) null, `scopes` text null, `revoked` tinyint(1) not null, `created_at` timestamp null, `updated_at` timestamp null, `expires_at` datetime null, primary key (`id`)) default character set utf8mb4 collate 'utf8mb4_unicode_ci') {"exception":"[object] (Illuminate\\Database\\QueryException(code: 42S01): SQLSTATE[42S01]: Base table or view already exists: 1050 Table 'oauth_access_tokens' already exists (Connection: mysql, Host: 127.0.0.1, Port: 3306, Database: laravel_passport, SQL: create table `oauth_access_tokens` (`id` char(80) not null, `user_id` bigint unsigned null, `client_id` char(36) not null, `name` varchar(255) null, `scopes` text null, `revoked` tinyint(1) not null, `created_at` timestamp null, `updated_at` timestamp null, `expires_at` datetime null, primary key (`id`)) default character set utf8mb4 collate 'utf8mb4_unicode_ci') at E:/laravel_project/passport-api/vendor/laravel/framework/src/Illuminate/Database/Connection.php:838)
[stacktrace]
#0 E:/laravel_project/passport-api/vendor/laravel/framework/src/Illuminate/Database/Connection.php(794): Illuminate/Database/Connection->runQueryCallback('create table `o...', Array, Object(Closure))
#1 E:/laravel_project/passport-api/vendor/laravel/framework/src/Illuminate/Database/Connection.php(573): Illuminate/Database/Connection->run('create table `o...', Array, Object(Closure))
#2 E:/laravel_project/passport-api/vendor/laravel/framework/src/Illuminate/Database/Schema/Blueprint.php(121): Illuminate/Database/Connection->statement('create table `o...')
#3 E:/laravel_project/passport-api/vendor/laravel/framework/src/Illuminate/Database/Schema/Builder.php(686): Illuminate/Database/Schema/Blueprint->build()
#4 E:/laravel_project/passport-api/vendor/laravel/framework/src/Illuminate/Database/Schema/Builder.php(506): Illuminate/Database/Schema/Builder->build(Object(Illuminate/Database/Schema/Blueprint))
#5 E:/laravel_project/passport-api/vendor/laravel/framework/src/Illuminate/Support/Facades/Facade.php(363): Illuminate/Database/Schema/Builder->create('oauth_access_to...', Object(Closure))
#6 E:/laravel_project/passport-api/database/migrations/2026_03_26_115455_create_oauth_access_tokens_table.php(14): Illuminate/Support/Facades/Facade::__callStatic('create', Array)
#7 E:/laravel_project/passport-api/vendor/laravel/framework/src/Illuminate/Database/Migrations/Migrator.php(517): Illuminate/Database/Migrations/Migration@anonymous->up()
#8 E:/laravel_project/passport-api/vendor/laravel/framework/src/Illuminate/Database/Migrations/Migrator.php(442): Illuminate/Database/Migrations/Migrator->runMethod(Object(Illuminate/Database/MySqlConnection), Object(Illuminate/Database/Migrations/Migration@anonymous), 'up')
#9 E:/laravel_project/passport-api/vendor/laravel/framework/src/Illuminate/Database/Migrations/Migrator.php(451): Illuminate/Database/Migrations/Migrator->Illuminate/Database/Migrations/{closure}()
#10 E:/laravel_project/passport-api/vendor/laravel/framework/src/Illuminate/Database/Migrations/Migrator.php(253): Illuminate/Database/Migrations/Migrator->runMigration(Object(Illuminate/Database/Migrations/Migration@anonymous), 'up')
#11 E:/laravel_project/passport-api/vendor/laravel/framework/src/Illuminate/Console/View/Components/Task.php(41): Illuminate/Database/Migrations/Migrator->Illuminate/Database/Migrations/{closure}()
#12 E:/laravel_project/passport-api/vendor/laravel/framework/src/Illuminate/Database/Migrations/Migrator.php(814): Illuminate/Console/View/Components/Task->render('2026_03_26_1154...', Object(Closure))
#13 E:/laravel_project/passport-api/vendor/laravel/framework/src/Illuminate/Database/Migrations/Migrator.php(253): Illuminate/Database/Migrations/Migrator->write('Illuminate//Cons...', '2026_03_26_1154...', Object(Closure))
#14 E:/laravel_project/passport-api/vendor/laravel/framework/src/Illuminate/Database/Migrations/Migrator.php(211): Illuminate/Database/Migrations/Migrator->runUp('E://laravel_proj...', 1, false)
#15 E:/laravel_project/passport-api/vendor/laravel/framework/src/Illuminate/Database/Migrations/Migrator.php(138): Illuminate/Database/Migrations/Migrator->runPending(Array, Array)
#16 E:/laravel_project/passport-api/vendor/laravel/framework/src/Illuminate/Database/Console/Migrations/MigrateCommand.php(116): Illuminate/Database/Migrations/Migrator->run(Array, Array)
#17 E:/laravel_project/passport-api/vendor/laravel/framework/src/Illuminate/Database/Migrations/Migrator.php(671): Illuminate/Database/Console/Migrations/MigrateCommand->Illuminate/Database/Console/Migrations/{closure}()
#18 E:/laravel_project/passport-api/vendor/laravel/framework/src/Illuminate/Database/Console/Migrations/MigrateCommand.php(109): Illuminate/Database/Migrations/Migrator->usingConnection(NULL, Object(Closure))
#19 E:/laravel_project/passport-api/vendor/laravel/framework/src/Illuminate/Database/Console/Migrations/MigrateCommand.php(88): Illuminate/Database/Console/Migrations/MigrateCommand->runMigrations()
#20 E:/laravel_project/passport-api/vendor/laravel/framework/src/Illuminate/Container/BoundMethod.php(36): Illuminate/Database/Console/Migrations/MigrateCommand->handle()
#21 E:/laravel_project/passport-api/vendor/laravel/framework/src/Illuminate/Container/Util.php(43): Illuminate/Container/BoundMethod::Illuminate/Container/{closure}()
#22 E:/laravel_project/passport-api/vendor/laravel/framework/src/Illuminate/Container/BoundMethod.php(96): Illuminate/Container/Util::unwrapIfClosure(Object(Closure))
#23 E:/laravel_project/passport-api/vendor/laravel/framework/src/Illuminate/Container/BoundMethod.php(35): Illuminate/Container/BoundMethod::callBoundMethod(Object(Illuminate/Foundation/Application), Array, Object(Closure))
#24 E:/laravel_project/passport-api/vendor/laravel/framework/src/Illuminate/Container/Container.php(799): Illuminate/Container/BoundMethod::call(Object(Illuminate/Foundation/Application), Array, Array, NULL)
#25 E:/laravel_project/passport-api/vendor/laravel/framework/src/Illuminate/Console/Command.php(211): Illuminate/Container/Container->call(Array)
#26 E:/laravel_project/passport-api/vendor/symfony/console/Command/Command.php(341): Illuminate/Console/Command->execute(Object(Symfony/Component/Console/Input/ArrayInput), Object(Illuminate/Console/OutputStyle))
#27 E:/laravel_project/passport-api/vendor/laravel/framework/src/Illuminate/Console/Command.php(180): Symfony/Component/Console/Command/Command->run(Object(Symfony/Component/Console/Input/ArrayInput), Object(Illuminate/Console/OutputStyle))
#28 E:/laravel_project/passport-api/vendor/laravel/framework/src/Illuminate/Console/Concerns/CallsCommands.php(68): Illuminate/Console/Command->run(Object(Symfony/Component/Console/Input/ArrayInput), Object(Illuminate/Console/OutputStyle))
#29 E:/laravel_project/passport-api/vendor/laravel/framework/src/Illuminate/Console/Concerns/CallsCommands.php(29): Illuminate/Console/Command->runCommand('migrate', Array, Object(Illuminate/Console/OutputStyle))
#30 E:/laravel_project/passport-api/vendor/laravel/framework/src/Illuminate/Database/Console/Migrations/FreshCommand.php(88): Illuminate/Console/Command->call('migrate', Array)
#31 E:/laravel_project/passport-api/vendor/laravel/framework/src/Illuminate/Container/BoundMethod.php(36): Illuminate/Database/Console/Migrations/FreshCommand->handle()
#32 E:/laravel_project/passport-api/vendor/laravel/framework/src/Illuminate/Container/Util.php(43): Illuminate/Container/BoundMethod::Illuminate/Container/{closure}()
#33 E:/laravel_project/passport-api/vendor/laravel/framework/src/Illuminate/Container/BoundMethod.php(96): Illuminate/Container/Util::unwrapIfClosure(Object(Closure))
#34 E:/laravel_project/passport-api/vendor/laravel/framework/src/Illuminate/Container/BoundMethod.php(35): Illuminate/Container/BoundMethod::callBoundMethod(Object(Illuminate/Foundation/Application), Array, Object(Closure))
#35 E:/laravel_project/passport-api/vendor/laravel/framework/src/Illuminate/Container/Container.php(799): Illuminate/Container/BoundMethod::call(Object(Illuminate/Foundation/Application), Array, Array, NULL)
#36 E:/laravel_project/passport-api/vendor/laravel/framework/src/Illuminate/Console/Command.php(211): Illuminate/Container/Container->call(Array)
#37 E:/laravel_project/passport-api/vendor/symfony/console/Command/Command.php(341): Illuminate/Console/Command->execute(Object(Symfony/Component/Console/Input/ArgvInput), Object(Illuminate/Console/OutputStyle))
#38 E:/laravel_project/passport-api/vendor/laravel/framework/src/Illuminate/Console/Command.php(180): Symfony/Component/Console/Command/Command->run(Object(Symfony/Component/Console/Input/ArgvInput), Object(Illuminate/Console/OutputStyle))
#39 E:/laravel_project/passport-api/vendor/symfony/console/Application.php(1117): Illuminate/Console/Command->run(Object(Symfony/Component/Console/Input/ArgvInput), Object(Symfony/Component/Console/Output/ConsoleOutput))
#40 E:/laravel_project/passport-api/vendor/symfony/console/Application.php(356): Symfony/Component/Console/Application->doRunCommand(Object(Illuminate/Database/Console/Migrations/FreshCommand), Object(Symfony/Component/Console/Input/ArgvInput), Object(Symfony/Component/Console/Output/ConsoleOutput))
#41 E:/laravel_project/passport-api/vendor/symfony/console/Application.php(195): Symfony/Component/Console/Application->doRun(Object(Symfony/Component/Console/Input/ArgvInput), Object(Symfony/Component/Console/Output/ConsoleOutput))
#42 E:/laravel_project/passport-api/vendor/laravel/framework/src/Illuminate/Foundation/Console/Kernel.php(198): Symfony/Component/Console/Application->run(Object(Symfony/Component/Console/Input/ArgvInput), Object(Symfony/Component/Console/Output/ConsoleOutput))
#43 E:/laravel_project/passport-api/vendor/laravel/framework/src/Illuminate/Foundation/Application.php(1235): Illuminate/Foundation/Console/Kernel->handle(Object(Symfony/Component/Console/Input/ArgvInput), Object(Symfony/Component/Console/Output/ConsoleOutput))
#44 E:/laravel_project/passport-api/artisan(16): Illuminate/Foundation/Application->handleCommand(Object(Symfony/Component/Console/Input/ArgvInput))
#45 {main}

[previous exception] [object] (PDOException(code: 42S01): SQLSTATE[42S01]: Base table or view already exists: 1050 Table 'oauth_access_tokens' already exists at E:/laravel_project/passport-api/vendor/laravel/framework/src/Illuminate/Database/Connection.php:584)
[stacktrace]
#0 E:/laravel_project/passport-api/vendor/laravel/framework/src/Illuminate/Database/Connection.php(584): PDOStatement->execute()
#1 E:/laravel_project/passport-api/vendor/laravel/framework/src/Illuminate/Database/Connection.php(827): Illuminate/Database/Connection->Illuminate/Database/{closure}('create table `o...', Array)
#2 E:/laravel_project/passport-api/vendor/laravel/framework/src/Illuminate/Database/Connection.php(794): Illuminate/Database/Connection->runQueryCallback('create table `o...', Array, Object(Closure))
#3 E:/laravel_project/passport-api/vendor/laravel/framework/src/Illuminate/Database/Connection.php(573): Illuminate/Database/Connection->run('create table `o...', Array, Object(Closure))
#4 E:/laravel_project/passport-api/vendor/laravel/framework/src/Illuminate/Database/Schema/Blueprint.php(121): Illuminate/Database/Connection->statement('create table `o...')
#5 E:/laravel_project/passport-api/vendor/laravel/framework/src/Illuminate/Database/Schema/Builder.php(686): Illuminate/Database/Schema/Blueprint->build()
#6 E:/laravel_project/passport-api/vendor/laravel/framework/src/Illuminate/Database/Schema/Builder.php(506): Illuminate/Database/Schema/Builder->build(Object(Illuminate/Database/Schema/Blueprint))
#7 E:/laravel_project/passport-api/vendor/laravel/framework/src/Illuminate/Support/Facades/Facade.php(363): Illuminate/Database/Schema/Builder->create('oauth_access_to...', Object(Closure))
#8 E:/laravel_project/passport-api/database/migrations/2026_03_26_115455_create_oauth_access_tokens_table.php(14): Illuminate/Support/Facades/Facade::__callStatic('create', Array)
#9 E:/laravel_project/passport-api/vendor/laravel/framework/src/Illuminate/Database/Migrations/Migrator.php(517): Illuminate/Database/Migrations/Migration@anonymous->up()
#10 E:/laravel_project/passport-api/vendor/laravel/framework/src/Illuminate/Database/Migrations/Migrator.php(442): Illuminate/Database/Migrations/Migrator->runMethod(Object(Illuminate/Database/MySqlConnection), Object(Illuminate/Database/Migrations/Migration@anonymous), 'up')
#11 E:/laravel_project/passport-api/vendor/laravel/framework/src/Illuminate/Database/Migrations/Migrator.php(451): Illuminate/Database/Migrations/Migrator->Illuminate/Database/Migrations/{closure}()
#12 E:/laravel_project/passport-api/vendor/laravel/framework/src/Illuminate/Database/Migrations/Migrator.php(253): Illuminate/Database/Migrations/Migrator->runMigration(Object(Illuminate/Database/Migrations/Migration@anonymous), 'up')
#13 E:/laravel_project/passport-api/vendor/laravel/framework/src/Illuminate/Console/View/Components/Task.php(41): Illuminate/Database/Migrations/Migrator->Illuminate/Database/Migrations/{closure}()
#14 E:/laravel_project/passport-api/vendor/laravel/framework/src/Illuminate/Database/Migrations/Migrator.php(814): Illuminate/Console/View/Components/Task->render('2026_03_26_1154...', Object(Closure))
#15 E:/laravel_project/passport-api/vendor/laravel/framework/src/Illuminate/Database/Migrations/Migrator.php(253): Illuminate/Database/Migrations/Migrator->write('Illuminate//Cons...', '2026_03_26_1154...', Object(Closure))
#16 E:/laravel_project/passport-api/vendor/laravel/framework/src/Illuminate/Database/Migrations/Migrator.php(211): Illuminate/Database/Migrations/Migrator->runUp('E://laravel_proj...', 1, false)
#17 E:/laravel_project/passport-api/vendor/laravel/framework/src/Illuminate/Database/Migrations/Migrator.php(138): Illuminate/Database/Migrations/Migrator->runPending(Array, Array)
#18 E:/laravel_project/passport-api/vendor/laravel/framework/src/Illuminate/Database/Console/Migrations/MigrateCommand.php(116): Illuminate/Database/Migrations/Migrator->run(Array, Array)
#19 E:/laravel_project/passport-api/vendor/laravel/framework/src/Illuminate/Database/Migrations/Migrator.php(671): Illuminate/Database/Console/Migrations/MigrateCommand->Illuminate/Database/Console/Migrations/{closure}()
#20 E:/laravel_project/passport-api/vendor/laravel/framework/src/Illuminate/Database/Console/Migrations/MigrateCommand.php(109): Illuminate/Database/Migrations/Migrator->usingConnection(NULL, Object(Closure))
#21 E:/laravel_project/passport-api/vendor/laravel/framework/src/Illuminate/Database/Console/Migrations/MigrateCommand.php(88): Illuminate/Database/Console/Migrations/MigrateCommand->runMigrations()
#22 E:/laravel_project/passport-api/vendor/laravel/framework/src/Illuminate/Container/BoundMethod.php(36): Illuminate/Database/Console/Migrations/MigrateCommand->handle()
#23 E:/laravel_project/passport-api/vendor/laravel/framework/src/Illuminate/Container/Util.php(43): Illuminate/Container/BoundMethod::Illuminate/Container/{closure}()
#24 E:/laravel_project/passport-api/vendor/laravel/framework/src/Illuminate/Container/BoundMethod.php(96): Illuminate/Container/Util::unwrapIfClosure(Object(Closure))
#25 E:/laravel_project/passport-api/vendor/laravel/framework/src/Illuminate/Container/BoundMethod.php(35): Illuminate/Container/BoundMethod::callBoundMethod(Object(Illuminate/Foundation/Application), Array, Object(Closure))
#26 E:/laravel_project/passport-api/vendor/laravel/framework/src/Illuminate/Container/Container.php(799): Illuminate/Container/BoundMethod::call(Object(Illuminate/Foundation/Application), Array, Array, NULL)
#27 E:/laravel_project/passport-api/vendor/laravel/framework/src/Illuminate/Console/Command.php(211): Illuminate/Container/Container->call(Array)
#28 E:/laravel_project/passport-api/vendor/symfony/console/Command/Command.php(341): Illuminate/Console/Command->execute(Object(Symfony/Component/Console/Input/ArrayInput), Object(Illuminate/Console/OutputStyle))
#29 E:/laravel_project/passport-api/vendor/laravel/framework/src/Illuminate/Console/Command.php(180): Symfony/Component/Console/Command/Command->run(Object(Symfony/Component/Console/Input/ArrayInput), Object(Illuminate/Console/OutputStyle))
#30 E:/laravel_project/passport-api/vendor/laravel/framework/src/Illuminate/Console/Concerns/CallsCommands.php(68): Illuminate/Console/Command->run(Object(Symfony/Component/Console/Input/ArrayInput), Object(Illuminate/Console/OutputStyle))
#31 E:/laravel_project/passport-api/vendor/laravel/framework/src/Illuminate/Console/Concerns/CallsCommands.php(29): Illuminate/Console/Command->runCommand('migrate', Array, Object(Illuminate/Console/OutputStyle))
#32 E:/laravel_project/passport-api/vendor/laravel/framework/src/Illuminate/Database/Console/Migrations/FreshCommand.php(88): Illuminate/Console/Command->call('migrate', Array)
#33 E:/laravel_project/passport-api/vendor/laravel/framework/src/Illuminate/Container/BoundMethod.php(36): Illuminate/Database/Console/Migrations/FreshCommand->handle()
#34 E:/laravel_project/passport-api/vendor/laravel/framework/src/Illuminate/Container/Util.php(43): Illuminate/Container/BoundMethod::Illuminate/Container/{closure}()
#35 E:/laravel_project/passport-api/vendor/laravel/framework/src/Illuminate/Container/BoundMethod.php(96): Illuminate/Container/Util::unwrapIfClosure(Object(Closure))
#36 E:/laravel_project/passport-api/vendor/laravel/framework/src/Illuminate/Container/BoundMethod.php(35): Illuminate/Container/BoundMethod::callBoundMethod(Object(Illuminate/Foundation/Application), Array, Object(Closure))
#37 E:/laravel_project/passport-api/vendor/laravel/framework/src/Illuminate/Container/Container.php(799): Illuminate/Container/BoundMethod::call(Object(Illuminate/Foundation/Application), Array, Array, NULL)
#38 E:/laravel_project/passport-api/vendor/laravel/framework/src/Illuminate/Console/Command.php(211): Illuminate/Container/Container->call(Array)
#39 E:/laravel_project/passport-api/vendor/symfony/console/Command/Command.php(341): Illuminate/Console/Command->execute(Object(Symfony/Component/Console/Input/ArgvInput), Object(Illuminate/Console/OutputStyle))
#40 E:/laravel_project/passport-api/vendor/laravel/framework/src/Illuminate/Console/Command.php(180): Symfony/Component/Console/Command/Command->run(Object(Symfony/Component/Console/Input/ArgvInput), Object(Illuminate/Console/OutputStyle))
#41 E:/laravel_project/passport-api/vendor/symfony/console/Application.php(1117): Illuminate/Console/Command->run(Object(Symfony/Component/Console/Input/ArgvInput), Object(Symfony/Component/Console/Output/ConsoleOutput))
#42 E:/laravel_project/passport-api/vendor/symfony/console/Application.php(356): Symfony/Component/Console/Application->doRunCommand(Object(Illuminate/Database/Console/Migrations/FreshCommand), Object(Symfony/Component/Console/Input/ArgvInput), Object(Symfony/Component/Console/Output/ConsoleOutput))
#43 E:/laravel_project/passport-api/vendor/symfony/console/Application.php(195): Symfony/Component/Console/Application->doRun(Object(Symfony/Component/Console/Input/ArgvInput), Object(Symfony/Component/Console/Output/ConsoleOutput))
#44 E:/laravel_project/passport-api/vendor/laravel/framework/src/Illuminate/Foundation/Console/Kernel.php(198): Symfony/Component/Console/Application->run(Object(Symfony/Component/Console/Input/ArgvInput), Object(Symfony/Component/Console/Output/ConsoleOutput))
#45 E:/laravel_project/passport-api/vendor/laravel/framework/src/Illuminate/Foundation/Application.php(1235): Illuminate/Foundation/Console/Kernel->handle(Object(Symfony/Component/Console/Input/ArgvInput), Object(Symfony/Component/Console/Output/ConsoleOutput))
#46 E:/laravel_project/passport-api/artisan(16): Illuminate/Foundation/Application->handleCommand(Object(Symfony/Component/Console/Input/ArgvInput))
#47 {main}
"} 
[2026-03-26 13:19:50] local.ERROR: SQLSTATE[42S01]: Base table or view already exists: 1050 Table 'oauth_refresh_tokens' already exists (Connection: mysql, Host: 127.0.0.1, Port: 3306, Database: laravel_passport, SQL: create table `oauth_refresh_tokens` (`id` char(80) not null, `access_token_id` char(80) not null, `revoked` tinyint(1) not null, `expires_at` datetime null, primary key (`id`)) default character set utf8mb4 collate 'utf8mb4_unicode_ci') {"exception":"[object] (Illuminate\\Database\\QueryException(code: 42S01): SQLSTATE[42S01]: Base table or view already exists: 1050 Table 'oauth_refresh_tokens' already exists (Connection: mysql, Host: 127.0.0.1, Port: 3306, Database: laravel_passport, SQL: create table `oauth_refresh_tokens` (`id` char(80) not null, `access_token_id` char(80) not null, `revoked` tinyint(1) not null, `expires_at` datetime null, primary key (`id`)) default character set utf8mb4 collate 'utf8mb4_unicode_ci') at E:/laravel_project/passport-api/vendor/laravel/framework/src/Illuminate/Database/Connection.php:838)
[stacktrace]
#0 E:/laravel_project/passport-api/vendor/laravel/framework/src/Illuminate/Database/Connection.php(794): Illuminate/Database/Connection->runQueryCallback('create table `o...', Array, Object(Closure))
#1 E:/laravel_project/passport-api/vendor/laravel/framework/src/Illuminate/Database/Connection.php(573): Illuminate/Database/Connection->run('create table `o...', Array, Object(Closure))
#2 E:/laravel_project/passport-api/vendor/laravel/framework/src/Illuminate/Database/Schema/Blueprint.php(121): Illuminate/Database/Connection->statement('create table `o...')
#3 E:/laravel_project/passport-api/vendor/laravel/framework/src/Illuminate/Database/Schema/Builder.php(686): Illuminate/Database/Schema/Blueprint->build()
#4 E:/laravel_project/passport-api/vendor/laravel/framework/src/Illuminate/Database/Schema/Builder.php(506): Illuminate/Database/Schema/Builder->build(Object(Illuminate/Database/Schema/Blueprint))
#5 E:/laravel_project/passport-api/vendor/laravel/framework/src/Illuminate/Support/Facades/Facade.php(363): Illuminate/Database/Schema/Builder->create('oauth_refresh_t...', Object(Closure))
#6 E:/laravel_project/passport-api/database/migrations/2026_03_26_115456_create_oauth_refresh_tokens_table.php(14): Illuminate/Support/Facades/Facade::__callStatic('create', Array)
#7 E:/laravel_project/passport-api/vendor/laravel/framework/src/Illuminate/Database/Migrations/Migrator.php(517): Illuminate/Database/Migrations/Migration@anonymous->up()
#8 E:/laravel_project/passport-api/vendor/laravel/framework/src/Illuminate/Database/Migrations/Migrator.php(442): Illuminate/Database/Migrations/Migrator->runMethod(Object(Illuminate/Database/MySqlConnection), Object(Illuminate/Database/Migrations/Migration@anonymous), 'up')
#9 E:/laravel_project/passport-api/vendor/laravel/framework/src/Illuminate/Database/Migrations/Migrator.php(451): Illuminate/Database/Migrations/Migrator->Illuminate/Database/Migrations/{closure}()
#10 E:/laravel_project/passport-api/vendor/laravel/framework/src/Illuminate/Database/Migrations/Migrator.php(253): Illuminate/Database/Migrations/Migrator->runMigration(Object(Illuminate/Database/Migrations/Migration@anonymous), 'up')
#11 E:/laravel_project/passport-api/vendor/laravel/framework/src/Illuminate/Console/View/Components/Task.php(41): Illuminate/Database/Migrations/Migrator->Illuminate/Database/Migrations/{closure}()
#12 E:/laravel_project/passport-api/vendor/laravel/framework/src/Illuminate/Database/Migrations/Migrator.php(814): Illuminate/Console/View/Components/Task->render('2026_03_26_1154...', Object(Closure))
#13 E:/laravel_project/passport-api/vendor/laravel/framework/src/Illuminate/Database/Migrations/Migrator.php(253): Illuminate/Database/Migrations/Migrator->write('Illuminate//Cons...', '2026_03_26_1154...', Object(Closure))
#14 E:/laravel_project/passport-api/vendor/laravel/framework/src/Illuminate/Database/Migrations/Migrator.php(211): Illuminate/Database/Migrations/Migrator->runUp('E://laravel_proj...', 1, false)
#15 E:/laravel_project/passport-api/vendor/laravel/framework/src/Illuminate/Database/Migrations/Migrator.php(138): Illuminate/Database/Migrations/Migrator->runPending(Array, Array)
#16 E:/laravel_project/passport-api/vendor/laravel/framework/src/Illuminate/Database/Console/Migrations/MigrateCommand.php(116): Illuminate/Database/Migrations/Migrator->run(Array, Array)
#17 E:/laravel_project/passport-api/vendor/laravel/framework/src/Illuminate/Database/Migrations/Migrator.php(671): Illuminate/Database/Console/Migrations/MigrateCommand->Illuminate/Database/Console/Migrations/{closure}()
#18 E:/laravel_project/passport-api/vendor/laravel/framework/src/Illuminate/Database/Console/Migrations/MigrateCommand.php(109): Illuminate/Database/Migrations/Migrator->usingConnection(NULL, Object(Closure))
#19 E:/laravel_project/passport-api/vendor/laravel/framework/src/Illuminate/Database/Console/Migrations/MigrateCommand.php(88): Illuminate/Database/Console/Migrations/MigrateCommand->runMigrations()
#20 E:/laravel_project/passport-api/vendor/laravel/framework/src/Illuminate/Container/BoundMethod.php(36): Illuminate/Database/Console/Migrations/MigrateCommand->handle()
#21 E:/laravel_project/passport-api/vendor/laravel/framework/src/Illuminate/Container/Util.php(43): Illuminate/Container/BoundMethod::Illuminate/Container/{closure}()
#22 E:/laravel_project/passport-api/vendor/laravel/framework/src/Illuminate/Container/BoundMethod.php(96): Illuminate/Container/Util::unwrapIfClosure(Object(Closure))
#23 E:/laravel_project/passport-api/vendor/laravel/framework/src/Illuminate/Container/BoundMethod.php(35): Illuminate/Container/BoundMethod::callBoundMethod(Object(Illuminate/Foundation/Application), Array, Object(Closure))
#24 E:/laravel_project/passport-api/vendor/laravel/framework/src/Illuminate/Container/Container.php(799): Illuminate/Container/BoundMethod::call(Object(Illuminate/Foundation/Application), Array, Array, NULL)
#25 E:/laravel_project/passport-api/vendor/laravel/framework/src/Illuminate/Console/Command.php(211): Illuminate/Container/Container->call(Array)
#26 E:/laravel_project/passport-api/vendor/symfony/console/Command/Command.php(341): Illuminate/Console/Command->execute(Object(Symfony/Component/Console/Input/ArrayInput), Object(Illuminate/Console/OutputStyle))
#27 E:/laravel_project/passport-api/vendor/laravel/framework/src/Illuminate/Console/Command.php(180): Symfony/Component/Console/Command/Command->run(Object(Symfony/Component/Console/Input/ArrayInput), Object(Illuminate/Console/OutputStyle))
#28 E:/laravel_project/passport-api/vendor/laravel/framework/src/Illuminate/Console/Concerns/CallsCommands.php(68): Illuminate/Console/Command->run(Object(Symfony/Component/Console/Input/ArrayInput), Object(Illuminate/Console/OutputStyle))
#29 E:/laravel_project/passport-api/vendor/laravel/framework/src/Illuminate/Console/Concerns/CallsCommands.php(29): Illuminate/Console/Command->runCommand('migrate', Array, Object(Illuminate/Console/OutputStyle))
#30 E:/laravel_project/passport-api/vendor/laravel/framework/src/Illuminate/Database/Console/Migrations/FreshCommand.php(88): Illuminate/Console/Command->call('migrate', Array)
#31 E:/laravel_project/passport-api/vendor/laravel/framework/src/Illuminate/Container/BoundMethod.php(36): Illuminate/Database/Console/Migrations/FreshCommand->handle()
#32 E:/laravel_project/passport-api/vendor/laravel/framework/src/Illuminate/Container/Util.php(43): Illuminate/Container/BoundMethod::Illuminate/Container/{closure}()
#33 E:/laravel_project/passport-api/vendor/laravel/framework/src/Illuminate/Container/BoundMethod.php(96): Illuminate/Container/Util::unwrapIfClosure(Object(Closure))
#34 E:/laravel_project/passport-api/vendor/laravel/framework/src/Illuminate/Container/BoundMethod.php(35): Illuminate/Container/BoundMethod::callBoundMethod(Object(Illuminate/Foundation/Application), Array, Object(Closure))
#35 E:/laravel_project/passport-api/vendor/laravel/framework/src/Illuminate/Container/Container.php(799): Illuminate/Container/BoundMethod::call(Object(Illuminate/Foundation/Application), Array, Array, NULL)
#36 E:/laravel_project/passport-api/vendor/laravel/framework/src/Illuminate/Console/Command.php(211): Illuminate/Container/Container->call(Array)
#37 E:/laravel_project/passport-api/vendor/symfony/console/Command/Command.php(341): Illuminate/Console/Command->execute(Object(Symfony/Component/Console/Input/ArgvInput), Object(Illuminate/Console/OutputStyle))
#38 E:/laravel_project/passport-api/vendor/laravel/framework/src/Illuminate/Console/Command.php(180): Symfony/Component/Console/Command/Command->run(Object(Symfony/Component/Console/Input/ArgvInput), Object(Illuminate/Console/OutputStyle))
#39 E:/laravel_project/passport-api/vendor/symfony/console/Application.php(1117): Illuminate/Console/Command->run(Object(Symfony/Component/Console/Input/ArgvInput), Object(Symfony/Component/Console/Output/ConsoleOutput))
#40 E:/laravel_project/passport-api/vendor/symfony/console/Application.php(356): Symfony/Component/Console/Application->doRunCommand(Object(Illuminate/Database/Console/Migrations/FreshCommand), Object(Symfony/Component/Console/Input/ArgvInput), Object(Symfony/Component/Console/Output/ConsoleOutput))
#41 E:/laravel_project/passport-api/vendor/symfony/console/Application.php(195): Symfony/Component/Console/Application->doRun(Object(Symfony/Component/Console/Input/ArgvInput), Object(Symfony/Component/Console/Output/ConsoleOutput))
#42 E:/laravel_project/passport-api/vendor/laravel/framework/src/Illuminate/Foundation/Console/Kernel.php(198): Symfony/Component/Console/Application->run(Object(Symfony/Component/Console/Input/ArgvInput), Object(Symfony/Component/Console/Output/ConsoleOutput))
#43 E:/laravel_project/passport-api/vendor/laravel/framework/src/Illuminate/Foundation/Application.php(1235): Illuminate/Foundation/Console/Kernel->handle(Object(Symfony/Component/Console/Input/ArgvInput), Object(Symfony/Component/Console/Output/ConsoleOutput))
#44 E:/laravel_project/passport-api/artisan(16): Illuminate/Foundation/Application->handleCommand(Object(Symfony/Component/Console/Input/ArgvInput))
#45 {main}

[previous exception] [object] (PDOException(code: 42S01): SQLSTATE[42S01]: Base table or view already exists: 1050 Table 'oauth_refresh_tokens' already exists at E:/laravel_project/passport-api/vendor/laravel/framework/src/Illuminate/Database/Connection.php:584)
[stacktrace]
#0 E:/laravel_project/passport-api/vendor/laravel/framework/src/Illuminate/Database/Connection.php(584): PDOStatement->execute()
#1 E:/laravel_project/passport-api/vendor/laravel/framework/src/Illuminate/Database/Connection.php(827): Illuminate/Database/Connection->Illuminate/Database/{closure}('create table `o...', Array)
#2 E:/laravel_project/passport-api/vendor/laravel/framework/src/Illuminate/Database/Connection.php(794): Illuminate/Database/Connection->runQueryCallback('create table `o...', Array, Object(Closure))
#3 E:/laravel_project/passport-api/vendor/laravel/framework/src/Illuminate/Database/Connection.php(573): Illuminate/Database/Connection->run('create table `o...', Array, Object(Closure))
#4 E:/laravel_project/passport-api/vendor/laravel/framework/src/Illuminate/Database/Schema/Blueprint.php(121): Illuminate/Database/Connection->statement('create table `o...')
#5 E:/laravel_project/passport-api/vendor/laravel/framework/src/Illuminate/Database/Schema/Builder.php(686): Illuminate/Database/Schema/Blueprint->build()
#6 E:/laravel_project/passport-api/vendor/laravel/framework/src/Illuminate/Database/Schema/Builder.php(506): Illuminate/Database/Schema/Builder->build(Object(Illuminate/Database/Schema/Blueprint))
#7 E:/laravel_project/passport-api/vendor/laravel/framework/src/Illuminate/Support/Facades/Facade.php(363): Illuminate/Database/Schema/Builder->create('oauth_refresh_t...', Object(Closure))
#8 E:/laravel_project/passport-api/database/migrations/2026_03_26_115456_create_oauth_refresh_tokens_table.php(14): Illuminate/Support/Facades/Facade::__callStatic('create', Array)
#9 E:/laravel_project/passport-api/vendor/laravel/framework/src/Illuminate/Database/Migrations/Migrator.php(517): Illuminate/Database/Migrations/Migration@anonymous->up()
#10 E:/laravel_project/passport-api/vendor/laravel/framework/src/Illuminate/Database/Migrations/Migrator.php(442): Illuminate/Database/Migrations/Migrator->runMethod(Object(Illuminate/Database/MySqlConnection), Object(Illuminate/Database/Migrations/Migration@anonymous), 'up')
#11 E:/laravel_project/passport-api/vendor/laravel/framework/src/Illuminate/Database/Migrations/Migrator.php(451): Illuminate/Database/Migrations/Migrator->Illuminate/Database/Migrations/{closure}()
#12 E:/laravel_project/passport-api/vendor/laravel/framework/src/Illuminate/Database/Migrations/Migrator.php(253): Illuminate/Database/Migrations/Migrator->runMigration(Object(Illuminate/Database/Migrations/Migration@anonymous), 'up')
#13 E:/laravel_project/passport-api/vendor/laravel/framework/src/Illuminate/Console/View/Components/Task.php(41): Illuminate/Database/Migrations/Migrator->Illuminate/Database/Migrations/{closure}()
#14 E:/laravel_project/passport-api/vendor/laravel/framework/src/Illuminate/Database/Migrations/Migrator.php(814): Illuminate/Console/View/Components/Task->render('2026_03_26_1154...', Object(Closure))
#15 E:/laravel_project/passport-api/vendor/laravel/framework/src/Illuminate/Database/Migrations/Migrator.php(253): Illuminate/Database/Migrations/Migrator->write('Illuminate//Cons...', '2026_03_26_1154...', Object(Closure))
#16 E:/laravel_project/passport-api/vendor/laravel/framework/src/Illuminate/Database/Migrations/Migrator.php(211): Illuminate/Database/Migrations/Migrator->runUp('E://laravel_proj...', 1, false)
#17 E:/laravel_project/passport-api/vendor/laravel/framework/src/Illuminate/Database/Migrations/Migrator.php(138): Illuminate/Database/Migrations/Migrator->runPending(Array, Array)
#18 E:/laravel_project/passport-api/vendor/laravel/framework/src/Illuminate/Database/Console/Migrations/MigrateCommand.php(116): Illuminate/Database/Migrations/Migrator->run(Array, Array)
#19 E:/laravel_project/passport-api/vendor/laravel/framework/src/Illuminate/Database/Migrations/Migrator.php(671): Illuminate/Database/Console/Migrations/MigrateCommand->Illuminate/Database/Console/Migrations/{closure}()
#20 E:/laravel_project/passport-api/vendor/laravel/framework/src/Illuminate/Database/Console/Migrations/MigrateCommand.php(109): Illuminate/Database/Migrations/Migrator->usingConnection(NULL, Object(Closure))
#21 E:/laravel_project/passport-api/vendor/laravel/framework/src/Illuminate/Database/Console/Migrations/MigrateCommand.php(88): Illuminate/Database/Console/Migrations/MigrateCommand->runMigrations()
#22 E:/laravel_project/passport-api/vendor/laravel/framework/src/Illuminate/Container/BoundMethod.php(36): Illuminate/Database/Console/Migrations/MigrateCommand->handle()
#23 E:/laravel_project/passport-api/vendor/laravel/framework/src/Illuminate/Container/Util.php(43): Illuminate/Container/BoundMethod::Illuminate/Container/{closure}()
#24 E:/laravel_project/passport-api/vendor/laravel/framework/src/Illuminate/Container/BoundMethod.php(96): Illuminate/Container/Util::unwrapIfClosure(Object(Closure))
#25 E:/laravel_project/passport-api/vendor/laravel/framework/src/Illuminate/Container/BoundMethod.php(35): Illuminate/Container/BoundMethod::callBoundMethod(Object(Illuminate/Foundation/Application), Array, Object(Closure))
#26 E:/laravel_project/passport-api/vendor/laravel/framework/src/Illuminate/Container/Container.php(799): Illuminate/Container/BoundMethod::call(Object(Illuminate/Foundation/Application), Array, Array, NULL)
#27 E:/laravel_project/passport-api/vendor/laravel/framework/src/Illuminate/Console/Command.php(211): Illuminate/Container/Container->call(Array)
#28 E:/laravel_project/passport-api/vendor/symfony/console/Command/Command.php(341): Illuminate/Console/Command->execute(Object(Symfony/Component/Console/Input/ArrayInput), Object(Illuminate/Console/OutputStyle))
#29 E:/laravel_project/passport-api/vendor/laravel/framework/src/Illuminate/Console/Command.php(180): Symfony/Component/Console/Command/Command->run(Object(Symfony/Component/Console/Input/ArrayInput), Object(Illuminate/Console/OutputStyle))
#30 E:/laravel_project/passport-api/vendor/laravel/framework/src/Illuminate/Console/Concerns/CallsCommands.php(68): Illuminate/Console/Command->run(Object(Symfony/Component/Console/Input/ArrayInput), Object(Illuminate/Console/OutputStyle))
#31 E:/laravel_project/passport-api/vendor/laravel/framework/src/Illuminate/Console/Concerns/CallsCommands.php(29): Illuminate/Console/Command->runCommand('migrate', Array, Object(Illuminate/Console/OutputStyle))
#32 E:/laravel_project/passport-api/vendor/laravel/framework/src/Illuminate/Database/Console/Migrations/FreshCommand.php(88): Illuminate/Console/Command->call('migrate', Array)
#33 E:/laravel_project/passport-api/vendor/laravel/framework/src/Illuminate/Container/BoundMethod.php(36): Illuminate/Database/Console/Migrations/FreshCommand->handle()
#34 E:/laravel_project/passport-api/vendor/laravel/framework/src/Illuminate/Container/Util.php(43): Illuminate/Container/BoundMethod::Illuminate/Container/{closure}()
#35 E:/laravel_project/passport-api/vendor/laravel/framework/src/Illuminate/Container/BoundMethod.php(96): Illuminate/Container/Util::unwrapIfClosure(Object(Closure))
#36 E:/laravel_project/passport-api/vendor/laravel/framework/src/Illuminate/Container/BoundMethod.php(35): Illuminate/Container/BoundMethod::callBoundMethod(Object(Illuminate/Foundation/Application), Array, Object(Closure))
#37 E:/laravel_project/passport-api/vendor/laravel/framework/src/Illuminate/Container/Container.php(799): Illuminate/Container/BoundMethod::call(Object(Illuminate/Foundation/Application), Array, Array, NULL)
#38 E:/laravel_project/passport-api/vendor/laravel/framework/src/Illuminate/Console/Command.php(211): Illuminate/Container/Container->call(Array)
#39 E:/laravel_project/passport-api/vendor/symfony/console/Command/Command.php(341): Illuminate/Console/Command->execute(Object(Symfony/Component/Console/Input/ArgvInput), Object(Illuminate/Console/OutputStyle))
#40 E:/laravel_project/passport-api/vendor/laravel/framework/src/Illuminate/Console/Command.php(180): Symfony/Component/Console/Command/Command->run(Object(Symfony/Component/Console/Input/ArgvInput), Object(Illuminate/Console/OutputStyle))
#41 E:/laravel_project/passport-api/vendor/symfony/console/Application.php(1117): Illuminate/Console/Command->run(Object(Symfony/Component/Console/Input/ArgvInput), Object(Symfony/Component/Console/Output/ConsoleOutput))
#42 E:/laravel_project/passport-api/vendor/symfony/console/Application.php(356): Symfony/Component/Console/Application->doRunCommand(Object(Illuminate/Database/Console/Migrations/FreshCommand), Object(Symfony/Component/Console/Input/ArgvInput), Object(Symfony/Component/Console/Output/ConsoleOutput))
#43 E:/laravel_project/passport-api/vendor/symfony/console/Application.php(195): Symfony/Component/Console/Application->doRun(Object(Symfony/Component/Console/Input/ArgvInput), Object(Symfony/Component/Console/Output/ConsoleOutput))
#44 E:/laravel_project/passport-api/vendor/laravel/framework/src/Illuminate/Foundation/Console/Kernel.php(198): Symfony/Component/Console/Application->run(Object(Symfony/Component/Console/Input/ArgvInput), Object(Symfony/Component/Console/Output/ConsoleOutput))
#45 E:/laravel_project/passport-api/vendor/laravel/framework/src/Illuminate/Foundation/Application.php(1235): Illuminate/Foundation/Console/Kernel->handle(Object(Symfony/Component/Console/Input/ArgvInput), Object(Symfony/Component/Console/Output/ConsoleOutput))
#46 E:/laravel_project/passport-api/artisan(16): Illuminate/Foundation/Application->handleCommand(Object(Symfony/Component/Console/Input/ArgvInput))
#47 {main}
"} 
[2026-03-26 13:20:15] local.ERROR: SQLSTATE[42S01]: Base table or view already exists: 1050 Table 'oauth_clients' already exists (Connection: mysql, Host: 127.0.0.1, Port: 3306, Database: laravel_passport, SQL: create table `oauth_clients` (`id` char(36) not null, `owner_type` varchar(255) null, `owner_id` bigint unsigned null, `name` varchar(255) not null, `secret` varchar(255) null, `provider` varchar(255) null, `redirect_uris` text not null, `grant_types` text not null, `revoked` tinyint(1) not null, `created_at` timestamp null, `updated_at` timestamp null, primary key (`id`)) default character set utf8mb4 collate 'utf8mb4_unicode_ci') {"exception":"[object] (Illuminate\\Database\\QueryException(code: 42S01): SQLSTATE[42S01]: Base table or view already exists: 1050 Table 'oauth_clients' already exists (Connection: mysql, Host: 127.0.0.1, Port: 3306, Database: laravel_passport, SQL: create table `oauth_clients` (`id` char(36) not null, `owner_type` varchar(255) null, `owner_id` bigint unsigned null, `name` varchar(255) not null, `secret` varchar(255) null, `provider` varchar(255) null, `redirect_uris` text not null, `grant_types` text not null, `revoked` tinyint(1) not null, `created_at` timestamp null, `updated_at` timestamp null, primary key (`id`)) default character set utf8mb4 collate 'utf8mb4_unicode_ci') at E:/laravel_project/passport-api/vendor/laravel/framework/src/Illuminate/Database/Connection.php:838)
[stacktrace]
#0 E:/laravel_project/passport-api/vendor/laravel/framework/src/Illuminate/Database/Connection.php(794): Illuminate/Database/Connection->runQueryCallback('create table `o...', Array, Object(Closure))
#1 E:/laravel_project/passport-api/vendor/laravel/framework/src/Illuminate/Database/Connection.php(573): Illuminate/Database/Connection->run('create table `o...', Array, Object(Closure))
#2 E:/laravel_project/passport-api/vendor/laravel/framework/src/Illuminate/Database/Schema/Blueprint.php(121): Illuminate/Database/Connection->statement('create table `o...')
#3 E:/laravel_project/passport-api/vendor/laravel/framework/src/Illuminate/Database/Schema/Builder.php(686): Illuminate/Database/Schema/Blueprint->build()
#4 E:/laravel_project/passport-api/vendor/laravel/framework/src/Illuminate/Database/Schema/Builder.php(506): Illuminate/Database/Schema/Builder->build(Object(Illuminate/Database/Schema/Blueprint))
#5 E:/laravel_project/passport-api/vendor/laravel/framework/src/Illuminate/Support/Facades/Facade.php(363): Illuminate/Database/Schema/Builder->create('oauth_clients', Object(Closure))
#6 E:/laravel_project/passport-api/database/migrations/2026_03_26_115457_create_oauth_clients_table.php(14): Illuminate/Support/Facades/Facade::__callStatic('create', Array)
#7 E:/laravel_project/passport-api/vendor/laravel/framework/src/Illuminate/Database/Migrations/Migrator.php(517): Illuminate/Database/Migrations/Migration@anonymous->up()
#8 E:/laravel_project/passport-api/vendor/laravel/framework/src/Illuminate/Database/Migrations/Migrator.php(442): Illuminate/Database/Migrations/Migrator->runMethod(Object(Illuminate/Database/MySqlConnection), Object(Illuminate/Database/Migrations/Migration@anonymous), 'up')
#9 E:/laravel_project/passport-api/vendor/laravel/framework/src/Illuminate/Database/Migrations/Migrator.php(451): Illuminate/Database/Migrations/Migrator->Illuminate/Database/Migrations/{closure}()
#10 E:/laravel_project/passport-api/vendor/laravel/framework/src/Illuminate/Database/Migrations/Migrator.php(253): Illuminate/Database/Migrations/Migrator->runMigration(Object(Illuminate/Database/Migrations/Migration@anonymous), 'up')
#11 E:/laravel_project/passport-api/vendor/laravel/framework/src/Illuminate/Console/View/Components/Task.php(41): Illuminate/Database/Migrations/Migrator->Illuminate/Database/Migrations/{closure}()
#12 E:/laravel_project/passport-api/vendor/laravel/framework/src/Illuminate/Database/Migrations/Migrator.php(814): Illuminate/Console/View/Components/Task->render('2026_03_26_1154...', Object(Closure))
#13 E:/laravel_project/passport-api/vendor/laravel/framework/src/Illuminate/Database/Migrations/Migrator.php(253): Illuminate/Database/Migrations/Migrator->write('Illuminate//Cons...', '2026_03_26_1154...', Object(Closure))
#14 E:/laravel_project/passport-api/vendor/laravel/framework/src/Illuminate/Database/Migrations/Migrator.php(211): Illuminate/Database/Migrations/Migrator->runUp('E://laravel_proj...', 1, false)
#15 E:/laravel_project/passport-api/vendor/laravel/framework/src/Illuminate/Database/Migrations/Migrator.php(138): Illuminate/Database/Migrations/Migrator->runPending(Array, Array)
#16 E:/laravel_project/passport-api/vendor/laravel/framework/src/Illuminate/Database/Console/Migrations/MigrateCommand.php(116): Illuminate/Database/Migrations/Migrator->run(Array, Array)
#17 E:/laravel_project/passport-api/vendor/laravel/framework/src/Illuminate/Database/Migrations/Migrator.php(671): Illuminate/Database/Console/Migrations/MigrateCommand->Illuminate/Database/Console/Migrations/{closure}()
#18 E:/laravel_project/passport-api/vendor/laravel/framework/src/Illuminate/Database/Console/Migrations/MigrateCommand.php(109): Illuminate/Database/Migrations/Migrator->usingConnection(NULL, Object(Closure))
#19 E:/laravel_project/passport-api/vendor/laravel/framework/src/Illuminate/Database/Console/Migrations/MigrateCommand.php(88): Illuminate/Database/Console/Migrations/MigrateCommand->runMigrations()
#20 E:/laravel_project/passport-api/vendor/laravel/framework/src/Illuminate/Container/BoundMethod.php(36): Illuminate/Database/Console/Migrations/MigrateCommand->handle()
#21 E:/laravel_project/passport-api/vendor/laravel/framework/src/Illuminate/Container/Util.php(43): Illuminate/Container/BoundMethod::Illuminate/Container/{closure}()
#22 E:/laravel_project/passport-api/vendor/laravel/framework/src/Illuminate/Container/BoundMethod.php(96): Illuminate/Container/Util::unwrapIfClosure(Object(Closure))
#23 E:/laravel_project/passport-api/vendor/laravel/framework/src/Illuminate/Container/BoundMethod.php(35): Illuminate/Container/BoundMethod::callBoundMethod(Object(Illuminate/Foundation/Application), Array, Object(Closure))
#24 E:/laravel_project/passport-api/vendor/laravel/framework/src/Illuminate/Container/Container.php(799): Illuminate/Container/BoundMethod::call(Object(Illuminate/Foundation/Application), Array, Array, NULL)
#25 E:/laravel_project/passport-api/vendor/laravel/framework/src/Illuminate/Console/Command.php(211): Illuminate/Container/Container->call(Array)
#26 E:/laravel_project/passport-api/vendor/symfony/console/Command/Command.php(341): Illuminate/Console/Command->execute(Object(Symfony/Component/Console/Input/ArrayInput), Object(Illuminate/Console/OutputStyle))
#27 E:/laravel_project/passport-api/vendor/laravel/framework/src/Illuminate/Console/Command.php(180): Symfony/Component/Console/Command/Command->run(Object(Symfony/Component/Console/Input/ArrayInput), Object(Illuminate/Console/OutputStyle))
#28 E:/laravel_project/passport-api/vendor/laravel/framework/src/Illuminate/Console/Concerns/CallsCommands.php(68): Illuminate/Console/Command->run(Object(Symfony/Component/Console/Input/ArrayInput), Object(Illuminate/Console/OutputStyle))
#29 E:/laravel_project/passport-api/vendor/laravel/framework/src/Illuminate/Console/Concerns/CallsCommands.php(29): Illuminate/Console/Command->runCommand('migrate', Array, Object(Illuminate/Console/OutputStyle))
#30 E:/laravel_project/passport-api/vendor/laravel/framework/src/Illuminate/Database/Console/Migrations/FreshCommand.php(88): Illuminate/Console/Command->call('migrate', Array)
#31 E:/laravel_project/passport-api/vendor/laravel/framework/src/Illuminate/Container/BoundMethod.php(36): Illuminate/Database/Console/Migrations/FreshCommand->handle()
#32 E:/laravel_project/passport-api/vendor/laravel/framework/src/Illuminate/Container/Util.php(43): Illuminate/Container/BoundMethod::Illuminate/Container/{closure}()
#33 E:/laravel_project/passport-api/vendor/laravel/framework/src/Illuminate/Container/BoundMethod.php(96): Illuminate/Container/Util::unwrapIfClosure(Object(Closure))
#34 E:/laravel_project/passport-api/vendor/laravel/framework/src/Illuminate/Container/BoundMethod.php(35): Illuminate/Container/BoundMethod::callBoundMethod(Object(Illuminate/Foundation/Application), Array, Object(Closure))
#35 E:/laravel_project/passport-api/vendor/laravel/framework/src/Illuminate/Container/Container.php(799): Illuminate/Container/BoundMethod::call(Object(Illuminate/Foundation/Application), Array, Array, NULL)
#36 E:/laravel_project/passport-api/vendor/laravel/framework/src/Illuminate/Console/Command.php(211): Illuminate/Container/Container->call(Array)
#37 E:/laravel_project/passport-api/vendor/symfony/console/Command/Command.php(341): Illuminate/Console/Command->execute(Object(Symfony/Component/Console/Input/ArgvInput), Object(Illuminate/Console/OutputStyle))
#38 E:/laravel_project/passport-api/vendor/laravel/framework/src/Illuminate/Console/Command.php(180): Symfony/Component/Console/Command/Command->run(Object(Symfony/Component/Console/Input/ArgvInput), Object(Illuminate/Console/OutputStyle))
#39 E:/laravel_project/passport-api/vendor/symfony/console/Application.php(1117): Illuminate/Console/Command->run(Object(Symfony/Component/Console/Input/ArgvInput), Object(Symfony/Component/Console/Output/ConsoleOutput))
#40 E:/laravel_project/passport-api/vendor/symfony/console/Application.php(356): Symfony/Component/Console/Application->doRunCommand(Object(Illuminate/Database/Console/Migrations/FreshCommand), Object(Symfony/Component/Console/Input/ArgvInput), Object(Symfony/Component/Console/Output/ConsoleOutput))
#41 E:/laravel_project/passport-api/vendor/symfony/console/Application.php(195): Symfony/Component/Console/Application->doRun(Object(Symfony/Component/Console/Input/ArgvInput), Object(Symfony/Component/Console/Output/ConsoleOutput))
#42 E:/laravel_project/passport-api/vendor/laravel/framework/src/Illuminate/Foundation/Console/Kernel.php(198): Symfony/Component/Console/Application->run(Object(Symfony/Component/Console/Input/ArgvInput), Object(Symfony/Component/Console/Output/ConsoleOutput))
#43 E:/laravel_project/passport-api/vendor/laravel/framework/src/Illuminate/Foundation/Application.php(1235): Illuminate/Foundation/Console/Kernel->handle(Object(Symfony/Component/Console/Input/ArgvInput), Object(Symfony/Component/Console/Output/ConsoleOutput))
#44 E:/laravel_project/passport-api/artisan(16): Illuminate/Foundation/Application->handleCommand(Object(Symfony/Component/Console/Input/ArgvInput))
#45 {main}

[previous exception] [object] (PDOException(code: 42S01): SQLSTATE[42S01]: Base table or view already exists: 1050 Table 'oauth_clients' already exists at E:/laravel_project/passport-api/vendor/laravel/framework/src/Illuminate/Database/Connection.php:584)
[stacktrace]
#0 E:/laravel_project/passport-api/vendor/laravel/framework/src/Illuminate/Database/Connection.php(584): PDOStatement->execute()
#1 E:/laravel_project/passport-api/vendor/laravel/framework/src/Illuminate/Database/Connection.php(827): Illuminate/Database/Connection->Illuminate/Database/{closure}('create table `o...', Array)
#2 E:/laravel_project/passport-api/vendor/laravel/framework/src/Illuminate/Database/Connection.php(794): Illuminate/Database/Connection->runQueryCallback('create table `o...', Array, Object(Closure))
#3 E:/laravel_project/passport-api/vendor/laravel/framework/src/Illuminate/Database/Connection.php(573): Illuminate/Database/Connection->run('create table `o...', Array, Object(Closure))
#4 E:/laravel_project/passport-api/vendor/laravel/framework/src/Illuminate/Database/Schema/Blueprint.php(121): Illuminate/Database/Connection->statement('create table `o...')
#5 E:/laravel_project/passport-api/vendor/laravel/framework/src/Illuminate/Database/Schema/Builder.php(686): Illuminate/Database/Schema/Blueprint->build()
#6 E:/laravel_project/passport-api/vendor/laravel/framework/src/Illuminate/Database/Schema/Builder.php(506): Illuminate/Database/Schema/Builder->build(Object(Illuminate/Database/Schema/Blueprint))
#7 E:/laravel_project/passport-api/vendor/laravel/framework/src/Illuminate/Support/Facades/Facade.php(363): Illuminate/Database/Schema/Builder->create('oauth_clients', Object(Closure))
#8 E:/laravel_project/passport-api/database/migrations/2026_03_26_115457_create_oauth_clients_table.php(14): Illuminate/Support/Facades/Facade::__callStatic('create', Array)
#9 E:/laravel_project/passport-api/vendor/laravel/framework/src/Illuminate/Database/Migrations/Migrator.php(517): Illuminate/Database/Migrations/Migration@anonymous->up()
#10 E:/laravel_project/passport-api/vendor/laravel/framework/src/Illuminate/Database/Migrations/Migrator.php(442): Illuminate/Database/Migrations/Migrator->runMethod(Object(Illuminate/Database/MySqlConnection), Object(Illuminate/Database/Migrations/Migration@anonymous), 'up')
#11 E:/laravel_project/passport-api/vendor/laravel/framework/src/Illuminate/Database/Migrations/Migrator.php(451): Illuminate/Database/Migrations/Migrator->Illuminate/Database/Migrations/{closure}()
#12 E:/laravel_project/passport-api/vendor/laravel/framework/src/Illuminate/Database/Migrations/Migrator.php(253): Illuminate/Database/Migrations/Migrator->runMigration(Object(Illuminate/Database/Migrations/Migration@anonymous), 'up')
#13 E:/laravel_project/passport-api/vendor/laravel/framework/src/Illuminate/Console/View/Components/Task.php(41): Illuminate/Database/Migrations/Migrator->Illuminate/Database/Migrations/{closure}()
#14 E:/laravel_project/passport-api/vendor/laravel/framework/src/Illuminate/Database/Migrations/Migrator.php(814): Illuminate/Console/View/Components/Task->render('2026_03_26_1154...', Object(Closure))
#15 E:/laravel_project/passport-api/vendor/laravel/framework/src/Illuminate/Database/Migrations/Migrator.php(253): Illuminate/Database/Migrations/Migrator->write('Illuminate//Cons...', '2026_03_26_1154...', Object(Closure))
#16 E:/laravel_project/passport-api/vendor/laravel/framework/src/Illuminate/Database/Migrations/Migrator.php(211): Illuminate/Database/Migrations/Migrator->runUp('E://laravel_proj...', 1, false)
#17 E:/laravel_project/passport-api/vendor/laravel/framework/src/Illuminate/Database/Migrations/Migrator.php(138): Illuminate/Database/Migrations/Migrator->runPending(Array, Array)
#18 E:/laravel_project/passport-api/vendor/laravel/framework/src/Illuminate/Database/Console/Migrations/MigrateCommand.php(116): Illuminate/Database/Migrations/Migrator->run(Array, Array)
#19 E:/laravel_project/passport-api/vendor/laravel/framework/src/Illuminate/Database/Migrations/Migrator.php(671): Illuminate/Database/Console/Migrations/MigrateCommand->Illuminate/Database/Console/Migrations/{closure}()
#20 E:/laravel_project/passport-api/vendor/laravel/framework/src/Illuminate/Database/Console/Migrations/MigrateCommand.php(109): Illuminate/Database/Migrations/Migrator->usingConnection(NULL, Object(Closure))
#21 E:/laravel_project/passport-api/vendor/laravel/framework/src/Illuminate/Database/Console/Migrations/MigrateCommand.php(88): Illuminate/Database/Console/Migrations/MigrateCommand->runMigrations()
#22 E:/laravel_project/passport-api/vendor/laravel/framework/src/Illuminate/Container/BoundMethod.php(36): Illuminate/Database/Console/Migrations/MigrateCommand->handle()
#23 E:/laravel_project/passport-api/vendor/laravel/framework/src/Illuminate/Container/Util.php(43): Illuminate/Container/BoundMethod::Illuminate/Container/{closure}()
#24 E:/laravel_project/passport-api/vendor/laravel/framework/src/Illuminate/Container/BoundMethod.php(96): Illuminate/Container/Util::unwrapIfClosure(Object(Closure))
#25 E:/laravel_project/passport-api/vendor/laravel/framework/src/Illuminate/Container/BoundMethod.php(35): Illuminate/Container/BoundMethod::callBoundMethod(Object(Illuminate/Foundation/Application), Array, Object(Closure))
#26 E:/laravel_project/passport-api/vendor/laravel/framework/src/Illuminate/Container/Container.php(799): Illuminate/Container/BoundMethod::call(Object(Illuminate/Foundation/Application), Array, Array, NULL)
#27 E:/laravel_project/passport-api/vendor/laravel/framework/src/Illuminate/Console/Command.php(211): Illuminate/Container/Container->call(Array)
#28 E:/laravel_project/passport-api/vendor/symfony/console/Command/Command.php(341): Illuminate/Console/Command->execute(Object(Symfony/Component/Console/Input/ArrayInput), Object(Illuminate/Console/OutputStyle))
#29 E:/laravel_project/passport-api/vendor/laravel/framework/src/Illuminate/Console/Command.php(180): Symfony/Component/Console/Command/Command->run(Object(Symfony/Component/Console/Input/ArrayInput), Object(Illuminate/Console/OutputStyle))
#30 E:/laravel_project/passport-api/vendor/laravel/framework/src/Illuminate/Console/Concerns/CallsCommands.php(68): Illuminate/Console/Command->run(Object(Symfony/Component/Console/Input/ArrayInput), Object(Illuminate/Console/OutputStyle))
#31 E:/laravel_project/passport-api/vendor/laravel/framework/src/Illuminate/Console/Concerns/CallsCommands.php(29): Illuminate/Console/Command->runCommand('migrate', Array, Object(Illuminate/Console/OutputStyle))
#32 E:/laravel_project/passport-api/vendor/laravel/framework/src/Illuminate/Database/Console/Migrations/FreshCommand.php(88): Illuminate/Console/Command->call('migrate', Array)
#33 E:/laravel_project/passport-api/vendor/laravel/framework/src/Illuminate/Container/BoundMethod.php(36): Illuminate/Database/Console/Migrations/FreshCommand->handle()
#34 E:/laravel_project/passport-api/vendor/laravel/framework/src/Illuminate/Container/Util.php(43): Illuminate/Container/BoundMethod::Illuminate/Container/{closure}()
#35 E:/laravel_project/passport-api/vendor/laravel/framework/src/Illuminate/Container/BoundMethod.php(96): Illuminate/Container/Util::unwrapIfClosure(Object(Closure))
#36 E:/laravel_project/passport-api/vendor/laravel/framework/src/Illuminate/Container/BoundMethod.php(35): Illuminate/Container/BoundMethod::callBoundMethod(Object(Illuminate/Foundation/Application), Array, Object(Closure))
#37 E:/laravel_project/passport-api/vendor/laravel/framework/src/Illuminate/Container/Container.php(799): Illuminate/Container/BoundMethod::call(Object(Illuminate/Foundation/Application), Array, Array, NULL)
#38 E:/laravel_project/passport-api/vendor/laravel/framework/src/Illuminate/Console/Command.php(211): Illuminate/Container/Container->call(Array)
#39 E:/laravel_project/passport-api/vendor/symfony/console/Command/Command.php(341): Illuminate/Console/Command->execute(Object(Symfony/Component/Console/Input/ArgvInput), Object(Illuminate/Console/OutputStyle))
#40 E:/laravel_project/passport-api/vendor/laravel/framework/src/Illuminate/Console/Command.php(180): Symfony/Component/Console/Command/Command->run(Object(Symfony/Component/Console/Input/ArgvInput), Object(Illuminate/Console/OutputStyle))
#41 E:/laravel_project/passport-api/vendor/symfony/console/Application.php(1117): Illuminate/Console/Command->run(Object(Symfony/Component/Console/Input/ArgvInput), Object(Symfony/Component/Console/Output/ConsoleOutput))
#42 E:/laravel_project/passport-api/vendor/symfony/console/Application.php(356): Symfony/Component/Console/Application->doRunCommand(Object(Illuminate/Database/Console/Migrations/FreshCommand), Object(Symfony/Component/Console/Input/ArgvInput), Object(Symfony/Component/Console/Output/ConsoleOutput))
#43 E:/laravel_project/passport-api/vendor/symfony/console/Application.php(195): Symfony/Component/Console/Application->doRun(Object(Symfony/Component/Console/Input/ArgvInput), Object(Symfony/Component/Console/Output/ConsoleOutput))
#44 E:/laravel_project/passport-api/vendor/laravel/framework/src/Illuminate/Foundation/Console/Kernel.php(198): Symfony/Component/Console/Application->run(Object(Symfony/Component/Console/Input/ArgvInput), Object(Symfony/Component/Console/Output/ConsoleOutput))
#45 E:/laravel_project/passport-api/vendor/laravel/framework/src/Illuminate/Foundation/Application.php(1235): Illuminate/Foundation/Console/Kernel->handle(Object(Symfony/Component/Console/Input/ArgvInput), Object(Symfony/Component/Console/Output/ConsoleOutput))
#46 E:/laravel_project/passport-api/artisan(16): Illuminate/Foundation/Application->handleCommand(Object(Symfony/Component/Console/Input/ArgvInput))
#47 {main}
"} 
[2026-03-26 13:20:32] local.ERROR: SQLSTATE[42S01]: Base table or view already exists: 1050 Table 'oauth_device_codes' already exists (Connection: mysql, Host: 127.0.0.1, Port: 3306, Database: laravel_passport, SQL: create table `oauth_device_codes` (`id` char(80) not null, `user_id` bigint unsigned null, `client_id` char(36) not null, `user_code` char(8) not null, `scopes` text not null, `revoked` tinyint(1) not null, `user_approved_at` datetime null, `last_polled_at` datetime null, `expires_at` datetime null, primary key (`id`)) default character set utf8mb4 collate 'utf8mb4_unicode_ci') {"exception":"[object] (Illuminate\\Database\\QueryException(code: 42S01): SQLSTATE[42S01]: Base table or view already exists: 1050 Table 'oauth_device_codes' already exists (Connection: mysql, Host: 127.0.0.1, Port: 3306, Database: laravel_passport, SQL: create table `oauth_device_codes` (`id` char(80) not null, `user_id` bigint unsigned null, `client_id` char(36) not null, `user_code` char(8) not null, `scopes` text not null, `revoked` tinyint(1) not null, `user_approved_at` datetime null, `last_polled_at` datetime null, `expires_at` datetime null, primary key (`id`)) default character set utf8mb4 collate 'utf8mb4_unicode_ci') at E:/laravel_project/passport-api/vendor/laravel/framework/src/Illuminate/Database/Connection.php:838)
[stacktrace]
#0 E:/laravel_project/passport-api/vendor/laravel/framework/src/Illuminate/Database/Connection.php(794): Illuminate/Database/Connection->runQueryCallback('create table `o...', Array, Object(Closure))
#1 E:/laravel_project/passport-api/vendor/laravel/framework/src/Illuminate/Database/Connection.php(573): Illuminate/Database/Connection->run('create table `o...', Array, Object(Closure))
#2 E:/laravel_project/passport-api/vendor/laravel/framework/src/Illuminate/Database/Schema/Blueprint.php(121): Illuminate/Database/Connection->statement('create table `o...')
#3 E:/laravel_project/passport-api/vendor/laravel/framework/src/Illuminate/Database/Schema/Builder.php(686): Illuminate/Database/Schema/Blueprint->build()
#4 E:/laravel_project/passport-api/vendor/laravel/framework/src/Illuminate/Database/Schema/Builder.php(506): Illuminate/Database/Schema/Builder->build(Object(Illuminate/Database/Schema/Blueprint))
#5 E:/laravel_project/passport-api/vendor/laravel/framework/src/Illuminate/Support/Facades/Facade.php(363): Illuminate/Database/Schema/Builder->create('oauth_device_co...', Object(Closure))
#6 E:/laravel_project/passport-api/database/migrations/2026_03_26_115458_create_oauth_device_codes_table.php(14): Illuminate/Support/Facades/Facade::__callStatic('create', Array)
#7 E:/laravel_project/passport-api/vendor/laravel/framework/src/Illuminate/Database/Migrations/Migrator.php(517): Illuminate/Database/Migrations/Migration@anonymous->up()
#8 E:/laravel_project/passport-api/vendor/laravel/framework/src/Illuminate/Database/Migrations/Migrator.php(442): Illuminate/Database/Migrations/Migrator->runMethod(Object(Illuminate/Database/MySqlConnection), Object(Illuminate/Database/Migrations/Migration@anonymous), 'up')
#9 E:/laravel_project/passport-api/vendor/laravel/framework/src/Illuminate/Database/Migrations/Migrator.php(451): Illuminate/Database/Migrations/Migrator->Illuminate/Database/Migrations/{closure}()
#10 E:/laravel_project/passport-api/vendor/laravel/framework/src/Illuminate/Database/Migrations/Migrator.php(253): Illuminate/Database/Migrations/Migrator->runMigration(Object(Illuminate/Database/Migrations/Migration@anonymous), 'up')
#11 E:/laravel_project/passport-api/vendor/laravel/framework/src/Illuminate/Console/View/Components/Task.php(41): Illuminate/Database/Migrations/Migrator->Illuminate/Database/Migrations/{closure}()
#12 E:/laravel_project/passport-api/vendor/laravel/framework/src/Illuminate/Database/Migrations/Migrator.php(814): Illuminate/Console/View/Components/Task->render('2026_03_26_1154...', Object(Closure))
#13 E:/laravel_project/passport-api/vendor/laravel/framework/src/Illuminate/Database/Migrations/Migrator.php(253): Illuminate/Database/Migrations/Migrator->write('Illuminate//Cons...', '2026_03_26_1154...', Object(Closure))
#14 E:/laravel_project/passport-api/vendor/laravel/framework/src/Illuminate/Database/Migrations/Migrator.php(211): Illuminate/Database/Migrations/Migrator->runUp('E://laravel_proj...', 1, false)
#15 E:/laravel_project/passport-api/vendor/laravel/framework/src/Illuminate/Database/Migrations/Migrator.php(138): Illuminate/Database/Migrations/Migrator->runPending(Array, Array)
#16 E:/laravel_project/passport-api/vendor/laravel/framework/src/Illuminate/Database/Console/Migrations/MigrateCommand.php(116): Illuminate/Database/Migrations/Migrator->run(Array, Array)
#17 E:/laravel_project/passport-api/vendor/laravel/framework/src/Illuminate/Database/Migrations/Migrator.php(671): Illuminate/Database/Console/Migrations/MigrateCommand->Illuminate/Database/Console/Migrations/{closure}()
#18 E:/laravel_project/passport-api/vendor/laravel/framework/src/Illuminate/Database/Console/Migrations/MigrateCommand.php(109): Illuminate/Database/Migrations/Migrator->usingConnection(NULL, Object(Closure))
#19 E:/laravel_project/passport-api/vendor/laravel/framework/src/Illuminate/Database/Console/Migrations/MigrateCommand.php(88): Illuminate/Database/Console/Migrations/MigrateCommand->runMigrations()
#20 E:/laravel_project/passport-api/vendor/laravel/framework/src/Illuminate/Container/BoundMethod.php(36): Illuminate/Database/Console/Migrations/MigrateCommand->handle()
#21 E:/laravel_project/passport-api/vendor/laravel/framework/src/Illuminate/Container/Util.php(43): Illuminate/Container/BoundMethod::Illuminate/Container/{closure}()
#22 E:/laravel_project/passport-api/vendor/laravel/framework/src/Illuminate/Container/BoundMethod.php(96): Illuminate/Container/Util::unwrapIfClosure(Object(Closure))
#23 E:/laravel_project/passport-api/vendor/laravel/framework/src/Illuminate/Container/BoundMethod.php(35): Illuminate/Container/BoundMethod::callBoundMethod(Object(Illuminate/Foundation/Application), Array, Object(Closure))
#24 E:/laravel_project/passport-api/vendor/laravel/framework/src/Illuminate/Container/Container.php(799): Illuminate/Container/BoundMethod::call(Object(Illuminate/Foundation/Application), Array, Array, NULL)
#25 E:/laravel_project/passport-api/vendor/laravel/framework/src/Illuminate/Console/Command.php(211): Illuminate/Container/Container->call(Array)
#26 E:/laravel_project/passport-api/vendor/symfony/console/Command/Command.php(341): Illuminate/Console/Command->execute(Object(Symfony/Component/Console/Input/ArrayInput), Object(Illuminate/Console/OutputStyle))
#27 E:/laravel_project/passport-api/vendor/laravel/framework/src/Illuminate/Console/Command.php(180): Symfony/Component/Console/Command/Command->run(Object(Symfony/Component/Console/Input/ArrayInput), Object(Illuminate/Console/OutputStyle))
#28 E:/laravel_project/passport-api/vendor/laravel/framework/src/Illuminate/Console/Concerns/CallsCommands.php(68): Illuminate/Console/Command->run(Object(Symfony/Component/Console/Input/ArrayInput), Object(Illuminate/Console/OutputStyle))
#29 E:/laravel_project/passport-api/vendor/laravel/framework/src/Illuminate/Console/Concerns/CallsCommands.php(29): Illuminate/Console/Command->runCommand('migrate', Array, Object(Illuminate/Console/OutputStyle))
#30 E:/laravel_project/passport-api/vendor/laravel/framework/src/Illuminate/Database/Console/Migrations/FreshCommand.php(88): Illuminate/Console/Command->call('migrate', Array)
#31 E:/laravel_project/passport-api/vendor/laravel/framework/src/Illuminate/Container/BoundMethod.php(36): Illuminate/Database/Console/Migrations/FreshCommand->handle()
#32 E:/laravel_project/passport-api/vendor/laravel/framework/src/Illuminate/Container/Util.php(43): Illuminate/Container/BoundMethod::Illuminate/Container/{closure}()
#33 E:/laravel_project/passport-api/vendor/laravel/framework/src/Illuminate/Container/BoundMethod.php(96): Illuminate/Container/Util::unwrapIfClosure(Object(Closure))
#34 E:/laravel_project/passport-api/vendor/laravel/framework/src/Illuminate/Container/BoundMethod.php(35): Illuminate/Container/BoundMethod::callBoundMethod(Object(Illuminate/Foundation/Application), Array, Object(Closure))
#35 E:/laravel_project/passport-api/vendor/laravel/framework/src/Illuminate/Container/Container.php(799): Illuminate/Container/BoundMethod::call(Object(Illuminate/Foundation/Application), Array, Array, NULL)
#36 E:/laravel_project/passport-api/vendor/laravel/framework/src/Illuminate/Console/Command.php(211): Illuminate/Container/Container->call(Array)
#37 E:/laravel_project/passport-api/vendor/symfony/console/Command/Command.php(341): Illuminate/Console/Command->execute(Object(Symfony/Component/Console/Input/ArgvInput), Object(Illuminate/Console/OutputStyle))
#38 E:/laravel_project/passport-api/vendor/laravel/framework/src/Illuminate/Console/Command.php(180): Symfony/Component/Console/Command/Command->run(Object(Symfony/Component/Console/Input/ArgvInput), Object(Illuminate/Console/OutputStyle))
#39 E:/laravel_project/passport-api/vendor/symfony/console/Application.php(1117): Illuminate/Console/Command->run(Object(Symfony/Component/Console/Input/ArgvInput), Object(Symfony/Component/Console/Output/ConsoleOutput))
#40 E:/laravel_project/passport-api/vendor/symfony/console/Application.php(356): Symfony/Component/Console/Application->doRunCommand(Object(Illuminate/Database/Console/Migrations/FreshCommand), Object(Symfony/Component/Console/Input/ArgvInput), Object(Symfony/Component/Console/Output/ConsoleOutput))
#41 E:/laravel_project/passport-api/vendor/symfony/console/Application.php(195): Symfony/Component/Console/Application->doRun(Object(Symfony/Component/Console/Input/ArgvInput), Object(Symfony/Component/Console/Output/ConsoleOutput))
#42 E:/laravel_project/passport-api/vendor/laravel/framework/src/Illuminate/Foundation/Console/Kernel.php(198): Symfony/Component/Console/Application->run(Object(Symfony/Component/Console/Input/ArgvInput), Object(Symfony/Component/Console/Output/ConsoleOutput))
#43 E:/laravel_project/passport-api/vendor/laravel/framework/src/Illuminate/Foundation/Application.php(1235): Illuminate/Foundation/Console/Kernel->handle(Object(Symfony/Component/Console/Input/ArgvInput), Object(Symfony/Component/Console/Output/ConsoleOutput))
#44 E:/laravel_project/passport-api/artisan(16): Illuminate/Foundation/Application->handleCommand(Object(Symfony/Component/Console/Input/ArgvInput))
#45 {main}

[previous exception] [object] (PDOException(code: 42S01): SQLSTATE[42S01]: Base table or view already exists: 1050 Table 'oauth_device_codes' already exists at E:/laravel_project/passport-api/vendor/laravel/framework/src/Illuminate/Database/Connection.php:584)
[stacktrace]
#0 E:/laravel_project/passport-api/vendor/laravel/framework/src/Illuminate/Database/Connection.php(584): PDOStatement->execute()
#1 E:/laravel_project/passport-api/vendor/laravel/framework/src/Illuminate/Database/Connection.php(827): Illuminate/Database/Connection->Illuminate/Database/{closure}('create table `o...', Array)
#2 E:/laravel_project/passport-api/vendor/laravel/framework/src/Illuminate/Database/Connection.php(794): Illuminate/Database/Connection->runQueryCallback('create table `o...', Array, Object(Closure))
#3 E:/laravel_project/passport-api/vendor/laravel/framework/src/Illuminate/Database/Connection.php(573): Illuminate/Database/Connection->run('create table `o...', Array, Object(Closure))
#4 E:/laravel_project/passport-api/vendor/laravel/framework/src/Illuminate/Database/Schema/Blueprint.php(121): Illuminate/Database/Connection->statement('create table `o...')
#5 E:/laravel_project/passport-api/vendor/laravel/framework/src/Illuminate/Database/Schema/Builder.php(686): Illuminate/Database/Schema/Blueprint->build()
#6 E:/laravel_project/passport-api/vendor/laravel/framework/src/Illuminate/Database/Schema/Builder.php(506): Illuminate/Database/Schema/Builder->build(Object(Illuminate/Database/Schema/Blueprint))
#7 E:/laravel_project/passport-api/vendor/laravel/framework/src/Illuminate/Support/Facades/Facade.php(363): Illuminate/Database/Schema/Builder->create('oauth_device_co...', Object(Closure))
#8 E:/laravel_project/passport-api/database/migrations/2026_03_26_115458_create_oauth_device_codes_table.php(14): Illuminate/Support/Facades/Facade::__callStatic('create', Array)
#9 E:/laravel_project/passport-api/vendor/laravel/framework/src/Illuminate/Database/Migrations/Migrator.php(517): Illuminate/Database/Migrations/Migration@anonymous->up()
#10 E:/laravel_project/passport-api/vendor/laravel/framework/src/Illuminate/Database/Migrations/Migrator.php(442): Illuminate/Database/Migrations/Migrator->runMethod(Object(Illuminate/Database/MySqlConnection), Object(Illuminate/Database/Migrations/Migration@anonymous), 'up')
#11 E:/laravel_project/passport-api/vendor/laravel/framework/src/Illuminate/Database/Migrations/Migrator.php(451): Illuminate/Database/Migrations/Migrator->Illuminate/Database/Migrations/{closure}()
#12 E:/laravel_project/passport-api/vendor/laravel/framework/src/Illuminate/Database/Migrations/Migrator.php(253): Illuminate/Database/Migrations/Migrator->runMigration(Object(Illuminate/Database/Migrations/Migration@anonymous), 'up')
#13 E:/laravel_project/passport-api/vendor/laravel/framework/src/Illuminate/Console/View/Components/Task.php(41): Illuminate/Database/Migrations/Migrator->Illuminate/Database/Migrations/{closure}()
#14 E:/laravel_project/passport-api/vendor/laravel/framework/src/Illuminate/Database/Migrations/Migrator.php(814): Illuminate/Console/View/Components/Task->render('2026_03_26_1154...', Object(Closure))
#15 E:/laravel_project/passport-api/vendor/laravel/framework/src/Illuminate/Database/Migrations/Migrator.php(253): Illuminate/Database/Migrations/Migrator->write('Illuminate//Cons...', '2026_03_26_1154...', Object(Closure))
#16 E:/laravel_project/passport-api/vendor/laravel/framework/src/Illuminate/Database/Migrations/Migrator.php(211): Illuminate/Database/Migrations/Migrator->runUp('E://laravel_proj...', 1, false)
#17 E:/laravel_project/passport-api/vendor/laravel/framework/src/Illuminate/Database/Migrations/Migrator.php(138): Illuminate/Database/Migrations/Migrator->runPending(Array, Array)
#18 E:/laravel_project/passport-api/vendor/laravel/framework/src/Illuminate/Database/Console/Migrations/MigrateCommand.php(116): Illuminate/Database/Migrations/Migrator->run(Array, Array)
#19 E:/laravel_project/passport-api/vendor/laravel/framework/src/Illuminate/Database/Migrations/Migrator.php(671): Illuminate/Database/Console/Migrations/MigrateCommand->Illuminate/Database/Console/Migrations/{closure}()
#20 E:/laravel_project/passport-api/vendor/laravel/framework/src/Illuminate/Database/Console/Migrations/MigrateCommand.php(109): Illuminate/Database/Migrations/Migrator->usingConnection(NULL, Object(Closure))
#21 E:/laravel_project/passport-api/vendor/laravel/framework/src/Illuminate/Database/Console/Migrations/MigrateCommand.php(88): Illuminate/Database/Console/Migrations/MigrateCommand->runMigrations()
#22 E:/laravel_project/passport-api/vendor/laravel/framework/src/Illuminate/Container/BoundMethod.php(36): Illuminate/Database/Console/Migrations/MigrateCommand->handle()
#23 E:/laravel_project/passport-api/vendor/laravel/framework/src/Illuminate/Container/Util.php(43): Illuminate/Container/BoundMethod::Illuminate/Container/{closure}()
#24 E:/laravel_project/passport-api/vendor/laravel/framework/src/Illuminate/Container/BoundMethod.php(96): Illuminate/Container/Util::unwrapIfClosure(Object(Closure))
#25 E:/laravel_project/passport-api/vendor/laravel/framework/src/Illuminate/Container/BoundMethod.php(35): Illuminate/Container/BoundMethod::callBoundMethod(Object(Illuminate/Foundation/Application), Array, Object(Closure))
#26 E:/laravel_project/passport-api/vendor/laravel/framework/src/Illuminate/Container/Container.php(799): Illuminate/Container/BoundMethod::call(Object(Illuminate/Foundation/Application), Array, Array, NULL)
#27 E:/laravel_project/passport-api/vendor/laravel/framework/src/Illuminate/Console/Command.php(211): Illuminate/Container/Container->call(Array)
#28 E:/laravel_project/passport-api/vendor/symfony/console/Command/Command.php(341): Illuminate/Console/Command->execute(Object(Symfony/Component/Console/Input/ArrayInput), Object(Illuminate/Console/OutputStyle))
#29 E:/laravel_project/passport-api/vendor/laravel/framework/src/Illuminate/Console/Command.php(180): Symfony/Component/Console/Command/Command->run(Object(Symfony/Component/Console/Input/ArrayInput), Object(Illuminate/Console/OutputStyle))
#30 E:/laravel_project/passport-api/vendor/laravel/framework/src/Illuminate/Console/Concerns/CallsCommands.php(68): Illuminate/Console/Command->run(Object(Symfony/Component/Console/Input/ArrayInput), Object(Illuminate/Console/OutputStyle))
#31 E:/laravel_project/passport-api/vendor/laravel/framework/src/Illuminate/Console/Concerns/CallsCommands.php(29): Illuminate/Console/Command->runCommand('migrate', Array, Object(Illuminate/Console/OutputStyle))
#32 E:/laravel_project/passport-api/vendor/laravel/framework/src/Illuminate/Database/Console/Migrations/FreshCommand.php(88): Illuminate/Console/Command->call('migrate', Array)
#33 E:/laravel_project/passport-api/vendor/laravel/framework/src/Illuminate/Container/BoundMethod.php(36): Illuminate/Database/Console/Migrations/FreshCommand->handle()
#34 E:/laravel_project/passport-api/vendor/laravel/framework/src/Illuminate/Container/Util.php(43): Illuminate/Container/BoundMethod::Illuminate/Container/{closure}()
#35 E:/laravel_project/passport-api/vendor/laravel/framework/src/Illuminate/Container/BoundMethod.php(96): Illuminate/Container/Util::unwrapIfClosure(Object(Closure))
#36 E:/laravel_project/passport-api/vendor/laravel/framework/src/Illuminate/Container/BoundMethod.php(35): Illuminate/Container/BoundMethod::callBoundMethod(Object(Illuminate/Foundation/Application), Array, Object(Closure))
#37 E:/laravel_project/passport-api/vendor/laravel/framework/src/Illuminate/Container/Container.php(799): Illuminate/Container/BoundMethod::call(Object(Illuminate/Foundation/Application), Array, Array, NULL)
#38 E:/laravel_project/passport-api/vendor/laravel/framework/src/Illuminate/Console/Command.php(211): Illuminate/Container/Container->call(Array)
#39 E:/laravel_project/passport-api/vendor/symfony/console/Command/Command.php(341): Illuminate/Console/Command->execute(Object(Symfony/Component/Console/Input/ArgvInput), Object(Illuminate/Console/OutputStyle))
#40 E:/laravel_project/passport-api/vendor/laravel/framework/src/Illuminate/Console/Command.php(180): Symfony/Component/Console/Command/Command->run(Object(Symfony/Component/Console/Input/ArgvInput), Object(Illuminate/Console/OutputStyle))
#41 E:/laravel_project/passport-api/vendor/symfony/console/Application.php(1117): Illuminate/Console/Command->run(Object(Symfony/Component/Console/Input/ArgvInput), Object(Symfony/Component/Console/Output/ConsoleOutput))
#42 E:/laravel_project/passport-api/vendor/symfony/console/Application.php(356): Symfony/Component/Console/Application->doRunCommand(Object(Illuminate/Database/Console/Migrations/FreshCommand), Object(Symfony/Component/Console/Input/ArgvInput), Object(Symfony/Component/Console/Output/ConsoleOutput))
#43 E:/laravel_project/passport-api/vendor/symfony/console/Application.php(195): Symfony/Component/Console/Application->doRun(Object(Symfony/Component/Console/Input/ArgvInput), Object(Symfony/Component/Console/Output/ConsoleOutput))
#44 E:/laravel_project/passport-api/vendor/laravel/framework/src/Illuminate/Foundation/Console/Kernel.php(198): Symfony/Component/Console/Application->run(Object(Symfony/Component/Console/Input/ArgvInput), Object(Symfony/Component/Console/Output/ConsoleOutput))
#45 E:/laravel_project/passport-api/vendor/laravel/framework/src/Illuminate/Foundation/Application.php(1235): Illuminate/Foundation/Console/Kernel->handle(Object(Symfony/Component/Console/Input/ArgvInput), Object(Symfony/Component/Console/Output/ConsoleOutput))
#46 E:/laravel_project/passport-api/artisan(16): Illuminate/Foundation/Application->handleCommand(Object(Symfony/Component/Console/Input/ArgvInput))
#47 {main}
"} 
[2026-03-26 13:20:59] local.ERROR: SQLSTATE[42S01]: Base table or view already exists: 1050 Table 'oauth_access_tokens' already exists (Connection: mysql, Host: 127.0.0.1, Port: 3306, Database: laravel_passport, SQL: create table `oauth_access_tokens` (`id` char(80) not null, `user_id` bigint unsigned null, `client_id` char(36) not null, `name` varchar(255) null, `scopes` text null, `revoked` tinyint(1) not null, `created_at` timestamp null, `updated_at` timestamp null, `expires_at` datetime null, primary key (`id`)) default character set utf8mb4 collate 'utf8mb4_unicode_ci') {"exception":"[object] (Illuminate\\Database\\QueryException(code: 42S01): SQLSTATE[42S01]: Base table or view already exists: 1050 Table 'oauth_access_tokens' already exists (Connection: mysql, Host: 127.0.0.1, Port: 3306, Database: laravel_passport, SQL: create table `oauth_access_tokens` (`id` char(80) not null, `user_id` bigint unsigned null, `client_id` char(36) not null, `name` varchar(255) null, `scopes` text null, `revoked` tinyint(1) not null, `created_at` timestamp null, `updated_at` timestamp null, `expires_at` datetime null, primary key (`id`)) default character set utf8mb4 collate 'utf8mb4_unicode_ci') at E:/laravel_project/passport-api/vendor/laravel/framework/src/Illuminate/Database/Connection.php:838)
[stacktrace]
#0 E:/laravel_project/passport-api/vendor/laravel/framework/src/Illuminate/Database/Connection.php(794): Illuminate/Database/Connection->runQueryCallback('create table `o...', Array, Object(Closure))
#1 E:/laravel_project/passport-api/vendor/laravel/framework/src/Illuminate/Database/Connection.php(573): Illuminate/Database/Connection->run('create table `o...', Array, Object(Closure))
#2 E:/laravel_project/passport-api/vendor/laravel/framework/src/Illuminate/Database/Schema/Blueprint.php(121): Illuminate/Database/Connection->statement('create table `o...')
#3 E:/laravel_project/passport-api/vendor/laravel/framework/src/Illuminate/Database/Schema/Builder.php(686): Illuminate/Database/Schema/Blueprint->build()
#4 E:/laravel_project/passport-api/vendor/laravel/framework/src/Illuminate/Database/Schema/Builder.php(506): Illuminate/Database/Schema/Builder->build(Object(Illuminate/Database/Schema/Blueprint))
#5 E:/laravel_project/passport-api/vendor/laravel/framework/src/Illuminate/Support/Facades/Facade.php(363): Illuminate/Database/Schema/Builder->create('oauth_access_to...', Object(Closure))
#6 E:/laravel_project/passport-api/database/migrations/2026_03_26_130939_create_oauth_access_tokens_table.php(14): Illuminate/Support/Facades/Facade::__callStatic('create', Array)
#7 E:/laravel_project/passport-api/vendor/laravel/framework/src/Illuminate/Database/Migrations/Migrator.php(517): Illuminate/Database/Migrations/Migration@anonymous->up()
#8 E:/laravel_project/passport-api/vendor/laravel/framework/src/Illuminate/Database/Migrations/Migrator.php(442): Illuminate/Database/Migrations/Migrator->runMethod(Object(Illuminate/Database/MySqlConnection), Object(Illuminate/Database/Migrations/Migration@anonymous), 'up')
#9 E:/laravel_project/passport-api/vendor/laravel/framework/src/Illuminate/Database/Migrations/Migrator.php(451): Illuminate/Database/Migrations/Migrator->Illuminate/Database/Migrations/{closure}()
#10 E:/laravel_project/passport-api/vendor/laravel/framework/src/Illuminate/Database/Migrations/Migrator.php(253): Illuminate/Database/Migrations/Migrator->runMigration(Object(Illuminate/Database/Migrations/Migration@anonymous), 'up')
#11 E:/laravel_project/passport-api/vendor/laravel/framework/src/Illuminate/Console/View/Components/Task.php(41): Illuminate/Database/Migrations/Migrator->Illuminate/Database/Migrations/{closure}()
#12 E:/laravel_project/passport-api/vendor/laravel/framework/src/Illuminate/Database/Migrations/Migrator.php(814): Illuminate/Console/View/Components/Task->render('2026_03_26_1309...', Object(Closure))
#13 E:/laravel_project/passport-api/vendor/laravel/framework/src/Illuminate/Database/Migrations/Migrator.php(253): Illuminate/Database/Migrations/Migrator->write('Illuminate//Cons...', '2026_03_26_1309...', Object(Closure))
#14 E:/laravel_project/passport-api/vendor/laravel/framework/src/Illuminate/Database/Migrations/Migrator.php(211): Illuminate/Database/Migrations/Migrator->runUp('E://laravel_proj...', 1, false)
#15 E:/laravel_project/passport-api/vendor/laravel/framework/src/Illuminate/Database/Migrations/Migrator.php(138): Illuminate/Database/Migrations/Migrator->runPending(Array, Array)
#16 E:/laravel_project/passport-api/vendor/laravel/framework/src/Illuminate/Database/Console/Migrations/MigrateCommand.php(116): Illuminate/Database/Migrations/Migrator->run(Array, Array)
#17 E:/laravel_project/passport-api/vendor/laravel/framework/src/Illuminate/Database/Migrations/Migrator.php(671): Illuminate/Database/Console/Migrations/MigrateCommand->Illuminate/Database/Console/Migrations/{closure}()
#18 E:/laravel_project/passport-api/vendor/laravel/framework/src/Illuminate/Database/Console/Migrations/MigrateCommand.php(109): Illuminate/Database/Migrations/Migrator->usingConnection(NULL, Object(Closure))
#19 E:/laravel_project/passport-api/vendor/laravel/framework/src/Illuminate/Database/Console/Migrations/MigrateCommand.php(88): Illuminate/Database/Console/Migrations/MigrateCommand->runMigrations()
#20 E:/laravel_project/passport-api/vendor/laravel/framework/src/Illuminate/Container/BoundMethod.php(36): Illuminate/Database/Console/Migrations/MigrateCommand->handle()
#21 E:/laravel_project/passport-api/vendor/laravel/framework/src/Illuminate/Container/Util.php(43): Illuminate/Container/BoundMethod::Illuminate/Container/{closure}()
#22 E:/laravel_project/passport-api/vendor/laravel/framework/src/Illuminate/Container/BoundMethod.php(96): Illuminate/Container/Util::unwrapIfClosure(Object(Closure))
#23 E:/laravel_project/passport-api/vendor/laravel/framework/src/Illuminate/Container/BoundMethod.php(35): Illuminate/Container/BoundMethod::callBoundMethod(Object(Illuminate/Foundation/Application), Array, Object(Closure))
#24 E:/laravel_project/passport-api/vendor/laravel/framework/src/Illuminate/Container/Container.php(799): Illuminate/Container/BoundMethod::call(Object(Illuminate/Foundation/Application), Array, Array, NULL)
#25 E:/laravel_project/passport-api/vendor/laravel/framework/src/Illuminate/Console/Command.php(211): Illuminate/Container/Container->call(Array)
#26 E:/laravel_project/passport-api/vendor/symfony/console/Command/Command.php(341): Illuminate/Console/Command->execute(Object(Symfony/Component/Console/Input/ArrayInput), Object(Illuminate/Console/OutputStyle))
#27 E:/laravel_project/passport-api/vendor/laravel/framework/src/Illuminate/Console/Command.php(180): Symfony/Component/Console/Command/Command->run(Object(Symfony/Component/Console/Input/ArrayInput), Object(Illuminate/Console/OutputStyle))
#28 E:/laravel_project/passport-api/vendor/laravel/framework/src/Illuminate/Console/Concerns/CallsCommands.php(68): Illuminate/Console/Command->run(Object(Symfony/Component/Console/Input/ArrayInput), Object(Illuminate/Console/OutputStyle))
#29 E:/laravel_project/passport-api/vendor/laravel/framework/src/Illuminate/Console/Concerns/CallsCommands.php(29): Illuminate/Console/Command->runCommand('migrate', Array, Object(Illuminate/Console/OutputStyle))
#30 E:/laravel_project/passport-api/vendor/laravel/framework/src/Illuminate/Database/Console/Migrations/FreshCommand.php(88): Illuminate/Console/Command->call('migrate', Array)
#31 E:/laravel_project/passport-api/vendor/laravel/framework/src/Illuminate/Container/BoundMethod.php(36): Illuminate/Database/Console/Migrations/FreshCommand->handle()
#32 E:/laravel_project/passport-api/vendor/laravel/framework/src/Illuminate/Container/Util.php(43): Illuminate/Container/BoundMethod::Illuminate/Container/{closure}()
#33 E:/laravel_project/passport-api/vendor/laravel/framework/src/Illuminate/Container/BoundMethod.php(96): Illuminate/Container/Util::unwrapIfClosure(Object(Closure))
#34 E:/laravel_project/passport-api/vendor/laravel/framework/src/Illuminate/Container/BoundMethod.php(35): Illuminate/Container/BoundMethod::callBoundMethod(Object(Illuminate/Foundation/Application), Array, Object(Closure))
#35 E:/laravel_project/passport-api/vendor/laravel/framework/src/Illuminate/Container/Container.php(799): Illuminate/Container/BoundMethod::call(Object(Illuminate/Foundation/Application), Array, Array, NULL)
#36 E:/laravel_project/passport-api/vendor/laravel/framework/src/Illuminate/Console/Command.php(211): Illuminate/Container/Container->call(Array)
#37 E:/laravel_project/passport-api/vendor/symfony/console/Command/Command.php(341): Illuminate/Console/Command->execute(Object(Symfony/Component/Console/Input/ArgvInput), Object(Illuminate/Console/OutputStyle))
#38 E:/laravel_project/passport-api/vendor/laravel/framework/src/Illuminate/Console/Command.php(180): Symfony/Component/Console/Command/Command->run(Object(Symfony/Component/Console/Input/ArgvInput), Object(Illuminate/Console/OutputStyle))
#39 E:/laravel_project/passport-api/vendor/symfony/console/Application.php(1117): Illuminate/Console/Command->run(Object(Symfony/Component/Console/Input/ArgvInput), Object(Symfony/Component/Console/Output/ConsoleOutput))
#40 E:/laravel_project/passport-api/vendor/symfony/console/Application.php(356): Symfony/Component/Console/Application->doRunCommand(Object(Illuminate/Database/Console/Migrations/FreshCommand), Object(Symfony/Component/Console/Input/ArgvInput), Object(Symfony/Component/Console/Output/ConsoleOutput))
#41 E:/laravel_project/passport-api/vendor/symfony/console/Application.php(195): Symfony/Component/Console/Application->doRun(Object(Symfony/Component/Console/Input/ArgvInput), Object(Symfony/Component/Console/Output/ConsoleOutput))
#42 E:/laravel_project/passport-api/vendor/laravel/framework/src/Illuminate/Foundation/Console/Kernel.php(198): Symfony/Component/Console/Application->run(Object(Symfony/Component/Console/Input/ArgvInput), Object(Symfony/Component/Console/Output/ConsoleOutput))
#43 E:/laravel_project/passport-api/vendor/laravel/framework/src/Illuminate/Foundation/Application.php(1235): Illuminate/Foundation/Console/Kernel->handle(Object(Symfony/Component/Console/Input/ArgvInput), Object(Symfony/Component/Console/Output/ConsoleOutput))
#44 E:/laravel_project/passport-api/artisan(16): Illuminate/Foundation/Application->handleCommand(Object(Symfony/Component/Console/Input/ArgvInput))
#45 {main}

[previous exception] [object] (PDOException(code: 42S01): SQLSTATE[42S01]: Base table or view already exists: 1050 Table 'oauth_access_tokens' already exists at E:/laravel_project/passport-api/vendor/laravel/framework/src/Illuminate/Database/Connection.php:584)
[stacktrace]
#0 E:/laravel_project/passport-api/vendor/laravel/framework/src/Illuminate/Database/Connection.php(584): PDOStatement->execute()
#1 E:/laravel_project/passport-api/vendor/laravel/framework/src/Illuminate/Database/Connection.php(827): Illuminate/Database/Connection->Illuminate/Database/{closure}('create table `o...', Array)
#2 E:/laravel_project/passport-api/vendor/laravel/framework/src/Illuminate/Database/Connection.php(794): Illuminate/Database/Connection->runQueryCallback('create table `o...', Array, Object(Closure))
#3 E:/laravel_project/passport-api/vendor/laravel/framework/src/Illuminate/Database/Connection.php(573): Illuminate/Database/Connection->run('create table `o...', Array, Object(Closure))
#4 E:/laravel_project/passport-api/vendor/laravel/framework/src/Illuminate/Database/Schema/Blueprint.php(121): Illuminate/Database/Connection->statement('create table `o...')
#5 E:/laravel_project/passport-api/vendor/laravel/framework/src/Illuminate/Database/Schema/Builder.php(686): Illuminate/Database/Schema/Blueprint->build()
#6 E:/laravel_project/passport-api/vendor/laravel/framework/src/Illuminate/Database/Schema/Builder.php(506): Illuminate/Database/Schema/Builder->build(Object(Illuminate/Database/Schema/Blueprint))
#7 E:/laravel_project/passport-api/vendor/laravel/framework/src/Illuminate/Support/Facades/Facade.php(363): Illuminate/Database/Schema/Builder->create('oauth_access_to...', Object(Closure))
#8 E:/laravel_project/passport-api/database/migrations/2026_03_26_130939_create_oauth_access_tokens_table.php(14): Illuminate/Support/Facades/Facade::__callStatic('create', Array)
#9 E:/laravel_project/passport-api/vendor/laravel/framework/src/Illuminate/Database/Migrations/Migrator.php(517): Illuminate/Database/Migrations/Migration@anonymous->up()
#10 E:/laravel_project/passport-api/vendor/laravel/framework/src/Illuminate/Database/Migrations/Migrator.php(442): Illuminate/Database/Migrations/Migrator->runMethod(Object(Illuminate/Database/MySqlConnection), Object(Illuminate/Database/Migrations/Migration@anonymous), 'up')
#11 E:/laravel_project/passport-api/vendor/laravel/framework/src/Illuminate/Database/Migrations/Migrator.php(451): Illuminate/Database/Migrations/Migrator->Illuminate/Database/Migrations/{closure}()
#12 E:/laravel_project/passport-api/vendor/laravel/framework/src/Illuminate/Database/Migrations/Migrator.php(253): Illuminate/Database/Migrations/Migrator->runMigration(Object(Illuminate/Database/Migrations/Migration@anonymous), 'up')
#13 E:/laravel_project/passport-api/vendor/laravel/framework/src/Illuminate/Console/View/Components/Task.php(41): Illuminate/Database/Migrations/Migrator->Illuminate/Database/Migrations/{closure}()
#14 E:/laravel_project/passport-api/vendor/laravel/framework/src/Illuminate/Database/Migrations/Migrator.php(814): Illuminate/Console/View/Components/Task->render('2026_03_26_1309...', Object(Closure))
#15 E:/laravel_project/passport-api/vendor/laravel/framework/src/Illuminate/Database/Migrations/Migrator.php(253): Illuminate/Database/Migrations/Migrator->write('Illuminate//Cons...', '2026_03_26_1309...', Object(Closure))
#16 E:/laravel_project/passport-api/vendor/laravel/framework/src/Illuminate/Database/Migrations/Migrator.php(211): Illuminate/Database/Migrations/Migrator->runUp('E://laravel_proj...', 1, false)
#17 E:/laravel_project/passport-api/vendor/laravel/framework/src/Illuminate/Database/Migrations/Migrator.php(138): Illuminate/Database/Migrations/Migrator->runPending(Array, Array)
#18 E:/laravel_project/passport-api/vendor/laravel/framework/src/Illuminate/Database/Console/Migrations/MigrateCommand.php(116): Illuminate/Database/Migrations/Migrator->run(Array, Array)
#19 E:/laravel_project/passport-api/vendor/laravel/framework/src/Illuminate/Database/Migrations/Migrator.php(671): Illuminate/Database/Console/Migrations/MigrateCommand->Illuminate/Database/Console/Migrations/{closure}()
#20 E:/laravel_project/passport-api/vendor/laravel/framework/src/Illuminate/Database/Console/Migrations/MigrateCommand.php(109): Illuminate/Database/Migrations/Migrator->usingConnection(NULL, Object(Closure))
#21 E:/laravel_project/passport-api/vendor/laravel/framework/src/Illuminate/Database/Console/Migrations/MigrateCommand.php(88): Illuminate/Database/Console/Migrations/MigrateCommand->runMigrations()
#22 E:/laravel_project/passport-api/vendor/laravel/framework/src/Illuminate/Container/BoundMethod.php(36): Illuminate/Database/Console/Migrations/MigrateCommand->handle()
#23 E:/laravel_project/passport-api/vendor/laravel/framework/src/Illuminate/Container/Util.php(43): Illuminate/Container/BoundMethod::Illuminate/Container/{closure}()
#24 E:/laravel_project/passport-api/vendor/laravel/framework/src/Illuminate/Container/BoundMethod.php(96): Illuminate/Container/Util::unwrapIfClosure(Object(Closure))
#25 E:/laravel_project/passport-api/vendor/laravel/framework/src/Illuminate/Container/BoundMethod.php(35): Illuminate/Container/BoundMethod::callBoundMethod(Object(Illuminate/Foundation/Application), Array, Object(Closure))
#26 E:/laravel_project/passport-api/vendor/laravel/framework/src/Illuminate/Container/Container.php(799): Illuminate/Container/BoundMethod::call(Object(Illuminate/Foundation/Application), Array, Array, NULL)
#27 E:/laravel_project/passport-api/vendor/laravel/framework/src/Illuminate/Console/Command.php(211): Illuminate/Container/Container->call(Array)
#28 E:/laravel_project/passport-api/vendor/symfony/console/Command/Command.php(341): Illuminate/Console/Command->execute(Object(Symfony/Component/Console/Input/ArrayInput), Object(Illuminate/Console/OutputStyle))
#29 E:/laravel_project/passport-api/vendor/laravel/framework/src/Illuminate/Console/Command.php(180): Symfony/Component/Console/Command/Command->run(Object(Symfony/Component/Console/Input/ArrayInput), Object(Illuminate/Console/OutputStyle))
#30 E:/laravel_project/passport-api/vendor/laravel/framework/src/Illuminate/Console/Concerns/CallsCommands.php(68): Illuminate/Console/Command->run(Object(Symfony/Component/Console/Input/ArrayInput), Object(Illuminate/Console/OutputStyle))
#31 E:/laravel_project/passport-api/vendor/laravel/framework/src/Illuminate/Console/Concerns/CallsCommands.php(29): Illuminate/Console/Command->runCommand('migrate', Array, Object(Illuminate/Console/OutputStyle))
#32 E:/laravel_project/passport-api/vendor/laravel/framework/src/Illuminate/Database/Console/Migrations/FreshCommand.php(88): Illuminate/Console/Command->call('migrate', Array)
#33 E:/laravel_project/passport-api/vendor/laravel/framework/src/Illuminate/Container/BoundMethod.php(36): Illuminate/Database/Console/Migrations/FreshCommand->handle()
#34 E:/laravel_project/passport-api/vendor/laravel/framework/src/Illuminate/Container/Util.php(43): Illuminate/Container/BoundMethod::Illuminate/Container/{closure}()
#35 E:/laravel_project/passport-api/vendor/laravel/framework/src/Illuminate/Container/BoundMethod.php(96): Illuminate/Container/Util::unwrapIfClosure(Object(Closure))
#36 E:/laravel_project/passport-api/vendor/laravel/framework/src/Illuminate/Container/BoundMethod.php(35): Illuminate/Container/BoundMethod::callBoundMethod(Object(Illuminate/Foundation/Application), Array, Object(Closure))
#37 E:/laravel_project/passport-api/vendor/laravel/framework/src/Illuminate/Container/Container.php(799): Illuminate/Container/BoundMethod::call(Object(Illuminate/Foundation/Application), Array, Array, NULL)
#38 E:/laravel_project/passport-api/vendor/laravel/framework/src/Illuminate/Console/Command.php(211): Illuminate/Container/Container->call(Array)
#39 E:/laravel_project/passport-api/vendor/symfony/console/Command/Command.php(341): Illuminate/Console/Command->execute(Object(Symfony/Component/Console/Input/ArgvInput), Object(Illuminate/Console/OutputStyle))
#40 E:/laravel_project/passport-api/vendor/laravel/framework/src/Illuminate/Console/Command.php(180): Symfony/Component/Console/Command/Command->run(Object(Symfony/Component/Console/Input/ArgvInput), Object(Illuminate/Console/OutputStyle))
#41 E:/laravel_project/passport-api/vendor/symfony/console/Application.php(1117): Illuminate/Console/Command->run(Object(Symfony/Component/Console/Input/ArgvInput), Object(Symfony/Component/Console/Output/ConsoleOutput))
#42 E:/laravel_project/passport-api/vendor/symfony/console/Application.php(356): Symfony/Component/Console/Application->doRunCommand(Object(Illuminate/Database/Console/Migrations/FreshCommand), Object(Symfony/Component/Console/Input/ArgvInput), Object(Symfony/Component/Console/Output/ConsoleOutput))
#43 E:/laravel_project/passport-api/vendor/symfony/console/Application.php(195): Symfony/Component/Console/Application->doRun(Object(Symfony/Component/Console/Input/ArgvInput), Object(Symfony/Component/Console/Output/ConsoleOutput))
#44 E:/laravel_project/passport-api/vendor/laravel/framework/src/Illuminate/Foundation/Console/Kernel.php(198): Symfony/Component/Console/Application->run(Object(Symfony/Component/Console/Input/ArgvInput), Object(Symfony/Component/Console/Output/ConsoleOutput))
#45 E:/laravel_project/passport-api/vendor/laravel/framework/src/Illuminate/Foundation/Application.php(1235): Illuminate/Foundation/Console/Kernel->handle(Object(Symfony/Component/Console/Input/ArgvInput), Object(Symfony/Component/Console/Output/ConsoleOutput))
#46 E:/laravel_project/passport-api/artisan(16): Illuminate/Foundation/Application->handleCommand(Object(Symfony/Component/Console/Input/ArgvInput))
#47 {main}
"} 
[2026-03-26 13:22:10] local.ERROR: SQLSTATE[42S01]: Base table or view already exists: 1050 Table 'oauth_refresh_tokens' already exists (Connection: mysql, Host: 127.0.0.1, Port: 3306, Database: laravel_passport, SQL: create table `oauth_refresh_tokens` (`id` char(80) not null, `access_token_id` char(80) not null, `revoked` tinyint(1) not null, `expires_at` datetime null, primary key (`id`)) default character set utf8mb4 collate 'utf8mb4_unicode_ci') {"exception":"[object] (Illuminate\\Database\\QueryException(code: 42S01): SQLSTATE[42S01]: Base table or view already exists: 1050 Table 'oauth_refresh_tokens' already exists (Connection: mysql, Host: 127.0.0.1, Port: 3306, Database: laravel_passport, SQL: create table `oauth_refresh_tokens` (`id` char(80) not null, `access_token_id` char(80) not null, `revoked` tinyint(1) not null, `expires_at` datetime null, primary key (`id`)) default character set utf8mb4 collate 'utf8mb4_unicode_ci') at E:/laravel_project/passport-api/vendor/laravel/framework/src/Illuminate/Database/Connection.php:838)
[stacktrace]
#0 E:/laravel_project/passport-api/vendor/laravel/framework/src/Illuminate/Database/Connection.php(794): Illuminate/Database/Connection->runQueryCallback('create table `o...', Array, Object(Closure))
#1 E:/laravel_project/passport-api/vendor/laravel/framework/src/Illuminate/Database/Connection.php(573): Illuminate/Database/Connection->run('create table `o...', Array, Object(Closure))
#2 E:/laravel_project/passport-api/vendor/laravel/framework/src/Illuminate/Database/Schema/Blueprint.php(121): Illuminate/Database/Connection->statement('create table `o...')
#3 E:/laravel_project/passport-api/vendor/laravel/framework/src/Illuminate/Database/Schema/Builder.php(686): Illuminate/Database/Schema/Blueprint->build()
#4 E:/laravel_project/passport-api/vendor/laravel/framework/src/Illuminate/Database/Schema/Builder.php(506): Illuminate/Database/Schema/Builder->build(Object(Illuminate/Database/Schema/Blueprint))
#5 E:/laravel_project/passport-api/vendor/laravel/framework/src/Illuminate/Support/Facades/Facade.php(363): Illuminate/Database/Schema/Builder->create('oauth_refresh_t...', Object(Closure))
#6 E:/laravel_project/passport-api/database/migrations/2026_03_26_130940_create_oauth_refresh_tokens_table.php(14): Illuminate/Support/Facades/Facade::__callStatic('create', Array)
#7 E:/laravel_project/passport-api/vendor/laravel/framework/src/Illuminate/Database/Migrations/Migrator.php(517): Illuminate/Database/Migrations/Migration@anonymous->up()
#8 E:/laravel_project/passport-api/vendor/laravel/framework/src/Illuminate/Database/Migrations/Migrator.php(442): Illuminate/Database/Migrations/Migrator->runMethod(Object(Illuminate/Database/MySqlConnection), Object(Illuminate/Database/Migrations/Migration@anonymous), 'up')
#9 E:/laravel_project/passport-api/vendor/laravel/framework/src/Illuminate/Database/Migrations/Migrator.php(451): Illuminate/Database/Migrations/Migrator->Illuminate/Database/Migrations/{closure}()
#10 E:/laravel_project/passport-api/vendor/laravel/framework/src/Illuminate/Database/Migrations/Migrator.php(253): Illuminate/Database/Migrations/Migrator->runMigration(Object(Illuminate/Database/Migrations/Migration@anonymous), 'up')
#11 E:/laravel_project/passport-api/vendor/laravel/framework/src/Illuminate/Console/View/Components/Task.php(41): Illuminate/Database/Migrations/Migrator->Illuminate/Database/Migrations/{closure}()
#12 E:/laravel_project/passport-api/vendor/laravel/framework/src/Illuminate/Database/Migrations/Migrator.php(814): Illuminate/Console/View/Components/Task->render('2026_03_26_1309...', Object(Closure))
#13 E:/laravel_project/passport-api/vendor/laravel/framework/src/Illuminate/Database/Migrations/Migrator.php(253): Illuminate/Database/Migrations/Migrator->write('Illuminate//Cons...', '2026_03_26_1309...', Object(Closure))
#14 E:/laravel_project/passport-api/vendor/laravel/framework/src/Illuminate/Database/Migrations/Migrator.php(211): Illuminate/Database/Migrations/Migrator->runUp('E://laravel_proj...', 1, false)
#15 E:/laravel_project/passport-api/vendor/laravel/framework/src/Illuminate/Database/Migrations/Migrator.php(138): Illuminate/Database/Migrations/Migrator->runPending(Array, Array)
#16 E:/laravel_project/passport-api/vendor/laravel/framework/src/Illuminate/Database/Console/Migrations/MigrateCommand.php(116): Illuminate/Database/Migrations/Migrator->run(Array, Array)
#17 E:/laravel_project/passport-api/vendor/laravel/framework/src/Illuminate/Database/Migrations/Migrator.php(671): Illuminate/Database/Console/Migrations/MigrateCommand->Illuminate/Database/Console/Migrations/{closure}()
#18 E:/laravel_project/passport-api/vendor/laravel/framework/src/Illuminate/Database/Console/Migrations/MigrateCommand.php(109): Illuminate/Database/Migrations/Migrator->usingConnection(NULL, Object(Closure))
#19 E:/laravel_project/passport-api/vendor/laravel/framework/src/Illuminate/Database/Console/Migrations/MigrateCommand.php(88): Illuminate/Database/Console/Migrations/MigrateCommand->runMigrations()
#20 E:/laravel_project/passport-api/vendor/laravel/framework/src/Illuminate/Container/BoundMethod.php(36): Illuminate/Database/Console/Migrations/MigrateCommand->handle()
#21 E:/laravel_project/passport-api/vendor/laravel/framework/src/Illuminate/Container/Util.php(43): Illuminate/Container/BoundMethod::Illuminate/Container/{closure}()
#22 E:/laravel_project/passport-api/vendor/laravel/framework/src/Illuminate/Container/BoundMethod.php(96): Illuminate/Container/Util::unwrapIfClosure(Object(Closure))
#23 E:/laravel_project/passport-api/vendor/laravel/framework/src/Illuminate/Container/BoundMethod.php(35): Illuminate/Container/BoundMethod::callBoundMethod(Object(Illuminate/Foundation/Application), Array, Object(Closure))
#24 E:/laravel_project/passport-api/vendor/laravel/framework/src/Illuminate/Container/Container.php(799): Illuminate/Container/BoundMethod::call(Object(Illuminate/Foundation/Application), Array, Array, NULL)
#25 E:/laravel_project/passport-api/vendor/laravel/framework/src/Illuminate/Console/Command.php(211): Illuminate/Container/Container->call(Array)
#26 E:/laravel_project/passport-api/vendor/symfony/console/Command/Command.php(341): Illuminate/Console/Command->execute(Object(Symfony/Component/Console/Input/ArrayInput), Object(Illuminate/Console/OutputStyle))
#27 E:/laravel_project/passport-api/vendor/laravel/framework/src/Illuminate/Console/Command.php(180): Symfony/Component/Console/Command/Command->run(Object(Symfony/Component/Console/Input/ArrayInput), Object(Illuminate/Console/OutputStyle))
#28 E:/laravel_project/passport-api/vendor/laravel/framework/src/Illuminate/Console/Concerns/CallsCommands.php(68): Illuminate/Console/Command->run(Object(Symfony/Component/Console/Input/ArrayInput), Object(Illuminate/Console/OutputStyle))
#29 E:/laravel_project/passport-api/vendor/laravel/framework/src/Illuminate/Console/Concerns/CallsCommands.php(29): Illuminate/Console/Command->runCommand('migrate', Array, Object(Illuminate/Console/OutputStyle))
#30 E:/laravel_project/passport-api/vendor/laravel/framework/src/Illuminate/Database/Console/Migrations/FreshCommand.php(88): Illuminate/Console/Command->call('migrate', Array)
#31 E:/laravel_project/passport-api/vendor/laravel/framework/src/Illuminate/Container/BoundMethod.php(36): Illuminate/Database/Console/Migrations/FreshCommand->handle()
#32 E:/laravel_project/passport-api/vendor/laravel/framework/src/Illuminate/Container/Util.php(43): Illuminate/Container/BoundMethod::Illuminate/Container/{closure}()
#33 E:/laravel_project/passport-api/vendor/laravel/framework/src/Illuminate/Container/BoundMethod.php(96): Illuminate/Container/Util::unwrapIfClosure(Object(Closure))
#34 E:/laravel_project/passport-api/vendor/laravel/framework/src/Illuminate/Container/BoundMethod.php(35): Illuminate/Container/BoundMethod::callBoundMethod(Object(Illuminate/Foundation/Application), Array, Object(Closure))
#35 E:/laravel_project/passport-api/vendor/laravel/framework/src/Illuminate/Container/Container.php(799): Illuminate/Container/BoundMethod::call(Object(Illuminate/Foundation/Application), Array, Array, NULL)
#36 E:/laravel_project/passport-api/vendor/laravel/framework/src/Illuminate/Console/Command.php(211): Illuminate/Container/Container->call(Array)
#37 E:/laravel_project/passport-api/vendor/symfony/console/Command/Command.php(341): Illuminate/Console/Command->execute(Object(Symfony/Component/Console/Input/ArgvInput), Object(Illuminate/Console/OutputStyle))
#38 E:/laravel_project/passport-api/vendor/laravel/framework/src/Illuminate/Console/Command.php(180): Symfony/Component/Console/Command/Command->run(Object(Symfony/Component/Console/Input/ArgvInput), Object(Illuminate/Console/OutputStyle))
#39 E:/laravel_project/passport-api/vendor/symfony/console/Application.php(1117): Illuminate/Console/Command->run(Object(Symfony/Component/Console/Input/ArgvInput), Object(Symfony/Component/Console/Output/ConsoleOutput))
#40 E:/laravel_project/passport-api/vendor/symfony/console/Application.php(356): Symfony/Component/Console/Application->doRunCommand(Object(Illuminate/Database/Console/Migrations/FreshCommand), Object(Symfony/Component/Console/Input/ArgvInput), Object(Symfony/Component/Console/Output/ConsoleOutput))
#41 E:/laravel_project/passport-api/vendor/symfony/console/Application.php(195): Symfony/Component/Console/Application->doRun(Object(Symfony/Component/Console/Input/ArgvInput), Object(Symfony/Component/Console/Output/ConsoleOutput))
#42 E:/laravel_project/passport-api/vendor/laravel/framework/src/Illuminate/Foundation/Console/Kernel.php(198): Symfony/Component/Console/Application->run(Object(Symfony/Component/Console/Input/ArgvInput), Object(Symfony/Component/Console/Output/ConsoleOutput))
#43 E:/laravel_project/passport-api/vendor/laravel/framework/src/Illuminate/Foundation/Application.php(1235): Illuminate/Foundation/Console/Kernel->handle(Object(Symfony/Component/Console/Input/ArgvInput), Object(Symfony/Component/Console/Output/ConsoleOutput))
#44 E:/laravel_project/passport-api/artisan(16): Illuminate/Foundation/Application->handleCommand(Object(Symfony/Component/Console/Input/ArgvInput))
#45 {main}

[previous exception] [object] (PDOException(code: 42S01): SQLSTATE[42S01]: Base table or view already exists: 1050 Table 'oauth_refresh_tokens' already exists at E:/laravel_project/passport-api/vendor/laravel/framework/src/Illuminate/Database/Connection.php:584)
[stacktrace]
#0 E:/laravel_project/passport-api/vendor/laravel/framework/src/Illuminate/Database/Connection.php(584): PDOStatement->execute()
#1 E:/laravel_project/passport-api/vendor/laravel/framework/src/Illuminate/Database/Connection.php(827): Illuminate/Database/Connection->Illuminate/Database/{closure}('create table `o...', Array)
#2 E:/laravel_project/passport-api/vendor/laravel/framework/src/Illuminate/Database/Connection.php(794): Illuminate/Database/Connection->runQueryCallback('create table `o...', Array, Object(Closure))
#3 E:/laravel_project/passport-api/vendor/laravel/framework/src/Illuminate/Database/Connection.php(573): Illuminate/Database/Connection->run('create table `o...', Array, Object(Closure))
#4 E:/laravel_project/passport-api/vendor/laravel/framework/src/Illuminate/Database/Schema/Blueprint.php(121): Illuminate/Database/Connection->statement('create table `o...')
#5 E:/laravel_project/passport-api/vendor/laravel/framework/src/Illuminate/Database/Schema/Builder.php(686): Illuminate/Database/Schema/Blueprint->build()
#6 E:/laravel_project/passport-api/vendor/laravel/framework/src/Illuminate/Database/Schema/Builder.php(506): Illuminate/Database/Schema/Builder->build(Object(Illuminate/Database/Schema/Blueprint))
#7 E:/laravel_project/passport-api/vendor/laravel/framework/src/Illuminate/Support/Facades/Facade.php(363): Illuminate/Database/Schema/Builder->create('oauth_refresh_t...', Object(Closure))
#8 E:/laravel_project/passport-api/database/migrations/2026_03_26_130940_create_oauth_refresh_tokens_table.php(14): Illuminate/Support/Facades/Facade::__callStatic('create', Array)
#9 E:/laravel_project/passport-api/vendor/laravel/framework/src/Illuminate/Database/Migrations/Migrator.php(517): Illuminate/Database/Migrations/Migration@anonymous->up()
#10 E:/laravel_project/passport-api/vendor/laravel/framework/src/Illuminate/Database/Migrations/Migrator.php(442): Illuminate/Database/Migrations/Migrator->runMethod(Object(Illuminate/Database/MySqlConnection), Object(Illuminate/Database/Migrations/Migration@anonymous), 'up')
#11 E:/laravel_project/passport-api/vendor/laravel/framework/src/Illuminate/Database/Migrations/Migrator.php(451): Illuminate/Database/Migrations/Migrator->Illuminate/Database/Migrations/{closure}()
#12 E:/laravel_project/passport-api/vendor/laravel/framework/src/Illuminate/Database/Migrations/Migrator.php(253): Illuminate/Database/Migrations/Migrator->runMigration(Object(Illuminate/Database/Migrations/Migration@anonymous), 'up')
#13 E:/laravel_project/passport-api/vendor/laravel/framework/src/Illuminate/Console/View/Components/Task.php(41): Illuminate/Database/Migrations/Migrator->Illuminate/Database/Migrations/{closure}()
#14 E:/laravel_project/passport-api/vendor/laravel/framework/src/Illuminate/Database/Migrations/Migrator.php(814): Illuminate/Console/View/Components/Task->render('2026_03_26_1309...', Object(Closure))
#15 E:/laravel_project/passport-api/vendor/laravel/framework/src/Illuminate/Database/Migrations/Migrator.php(253): Illuminate/Database/Migrations/Migrator->write('Illuminate//Cons...', '2026_03_26_1309...', Object(Closure))
#16 E:/laravel_project/passport-api/vendor/laravel/framework/src/Illuminate/Database/Migrations/Migrator.php(211): Illuminate/Database/Migrations/Migrator->runUp('E://laravel_proj...', 1, false)
#17 E:/laravel_project/passport-api/vendor/laravel/framework/src/Illuminate/Database/Migrations/Migrator.php(138): Illuminate/Database/Migrations/Migrator->runPending(Array, Array)
#18 E:/laravel_project/passport-api/vendor/laravel/framework/src/Illuminate/Database/Console/Migrations/MigrateCommand.php(116): Illuminate/Database/Migrations/Migrator->run(Array, Array)
#19 E:/laravel_project/passport-api/vendor/laravel/framework/src/Illuminate/Database/Migrations/Migrator.php(671): Illuminate/Database/Console/Migrations/MigrateCommand->Illuminate/Database/Console/Migrations/{closure}()
#20 E:/laravel_project/passport-api/vendor/laravel/framework/src/Illuminate/Database/Console/Migrations/MigrateCommand.php(109): Illuminate/Database/Migrations/Migrator->usingConnection(NULL, Object(Closure))
#21 E:/laravel_project/passport-api/vendor/laravel/framework/src/Illuminate/Database/Console/Migrations/MigrateCommand.php(88): Illuminate/Database/Console/Migrations/MigrateCommand->runMigrations()
#22 E:/laravel_project/passport-api/vendor/laravel/framework/src/Illuminate/Container/BoundMethod.php(36): Illuminate/Database/Console/Migrations/MigrateCommand->handle()
#23 E:/laravel_project/passport-api/vendor/laravel/framework/src/Illuminate/Container/Util.php(43): Illuminate/Container/BoundMethod::Illuminate/Container/{closure}()
#24 E:/laravel_project/passport-api/vendor/laravel/framework/src/Illuminate/Container/BoundMethod.php(96): Illuminate/Container/Util::unwrapIfClosure(Object(Closure))
#25 E:/laravel_project/passport-api/vendor/laravel/framework/src/Illuminate/Container/BoundMethod.php(35): Illuminate/Container/BoundMethod::callBoundMethod(Object(Illuminate/Foundation/Application), Array, Object(Closure))
#26 E:/laravel_project/passport-api/vendor/laravel/framework/src/Illuminate/Container/Container.php(799): Illuminate/Container/BoundMethod::call(Object(Illuminate/Foundation/Application), Array, Array, NULL)
#27 E:/laravel_project/passport-api/vendor/laravel/framework/src/Illuminate/Console/Command.php(211): Illuminate/Container/Container->call(Array)
#28 E:/laravel_project/passport-api/vendor/symfony/console/Command/Command.php(341): Illuminate/Console/Command->execute(Object(Symfony/Component/Console/Input/ArrayInput), Object(Illuminate/Console/OutputStyle))
#29 E:/laravel_project/passport-api/vendor/laravel/framework/src/Illuminate/Console/Command.php(180): Symfony/Component/Console/Command/Command->run(Object(Symfony/Component/Console/Input/ArrayInput), Object(Illuminate/Console/OutputStyle))
#30 E:/laravel_project/passport-api/vendor/laravel/framework/src/Illuminate/Console/Concerns/CallsCommands.php(68): Illuminate/Console/Command->run(Object(Symfony/Component/Console/Input/ArrayInput), Object(Illuminate/Console/OutputStyle))
#31 E:/laravel_project/passport-api/vendor/laravel/framework/src/Illuminate/Console/Concerns/CallsCommands.php(29): Illuminate/Console/Command->runCommand('migrate', Array, Object(Illuminate/Console/OutputStyle))
#32 E:/laravel_project/passport-api/vendor/laravel/framework/src/Illuminate/Database/Console/Migrations/FreshCommand.php(88): Illuminate/Console/Command->call('migrate', Array)
#33 E:/laravel_project/passport-api/vendor/laravel/framework/src/Illuminate/Container/BoundMethod.php(36): Illuminate/Database/Console/Migrations/FreshCommand->handle()
#34 E:/laravel_project/passport-api/vendor/laravel/framework/src/Illuminate/Container/Util.php(43): Illuminate/Container/BoundMethod::Illuminate/Container/{closure}()
#35 E:/laravel_project/passport-api/vendor/laravel/framework/src/Illuminate/Container/BoundMethod.php(96): Illuminate/Container/Util::unwrapIfClosure(Object(Closure))
#36 E:/laravel_project/passport-api/vendor/laravel/framework/src/Illuminate/Container/BoundMethod.php(35): Illuminate/Container/BoundMethod::callBoundMethod(Object(Illuminate/Foundation/Application), Array, Object(Closure))
#37 E:/laravel_project/passport-api/vendor/laravel/framework/src/Illuminate/Container/Container.php(799): Illuminate/Container/BoundMethod::call(Object(Illuminate/Foundation/Application), Array, Array, NULL)
#38 E:/laravel_project/passport-api/vendor/laravel/framework/src/Illuminate/Console/Command.php(211): Illuminate/Container/Container->call(Array)
#39 E:/laravel_project/passport-api/vendor/symfony/console/Command/Command.php(341): Illuminate/Console/Command->execute(Object(Symfony/Component/Console/Input/ArgvInput), Object(Illuminate/Console/OutputStyle))
#40 E:/laravel_project/passport-api/vendor/laravel/framework/src/Illuminate/Console/Command.php(180): Symfony/Component/Console/Command/Command->run(Object(Symfony/Component/Console/Input/ArgvInput), Object(Illuminate/Console/OutputStyle))
#41 E:/laravel_project/passport-api/vendor/symfony/console/Application.php(1117): Illuminate/Console/Command->run(Object(Symfony/Component/Console/Input/ArgvInput), Object(Symfony/Component/Console/Output/ConsoleOutput))
#42 E:/laravel_project/passport-api/vendor/symfony/console/Application.php(356): Symfony/Component/Console/Application->doRunCommand(Object(Illuminate/Database/Console/Migrations/FreshCommand), Object(Symfony/Component/Console/Input/ArgvInput), Object(Symfony/Component/Console/Output/ConsoleOutput))
#43 E:/laravel_project/passport-api/vendor/symfony/console/Application.php(195): Symfony/Component/Console/Application->doRun(Object(Symfony/Component/Console/Input/ArgvInput), Object(Symfony/Component/Console/Output/ConsoleOutput))
#44 E:/laravel_project/passport-api/vendor/laravel/framework/src/Illuminate/Foundation/Console/Kernel.php(198): Symfony/Component/Console/Application->run(Object(Symfony/Component/Console/Input/ArgvInput), Object(Symfony/Component/Console/Output/ConsoleOutput))
#45 E:/laravel_project/passport-api/vendor/laravel/framework/src/Illuminate/Foundation/Application.php(1235): Illuminate/Foundation/Console/Kernel->handle(Object(Symfony/Component/Console/Input/ArgvInput), Object(Symfony/Component/Console/Output/ConsoleOutput))
#46 E:/laravel_project/passport-api/artisan(16): Illuminate/Foundation/Application->handleCommand(Object(Symfony/Component/Console/Input/ArgvInput))
#47 {main}
"} 
[2026-03-26 13:22:26] local.ERROR: SQLSTATE[42S01]: Base table or view already exists: 1050 Table 'oauth_clients' already exists (Connection: mysql, Host: 127.0.0.1, Port: 3306, Database: laravel_passport, SQL: create table `oauth_clients` (`id` char(36) not null, `owner_type` varchar(255) null, `owner_id` bigint unsigned null, `name` varchar(255) not null, `secret` varchar(255) null, `provider` varchar(255) null, `redirect_uris` text not null, `grant_types` text not null, `revoked` tinyint(1) not null, `created_at` timestamp null, `updated_at` timestamp null, primary key (`id`)) default character set utf8mb4 collate 'utf8mb4_unicode_ci') {"exception":"[object] (Illuminate\\Database\\QueryException(code: 42S01): SQLSTATE[42S01]: Base table or view already exists: 1050 Table 'oauth_clients' already exists (Connection: mysql, Host: 127.0.0.1, Port: 3306, Database: laravel_passport, SQL: create table `oauth_clients` (`id` char(36) not null, `owner_type` varchar(255) null, `owner_id` bigint unsigned null, `name` varchar(255) not null, `secret` varchar(255) null, `provider` varchar(255) null, `redirect_uris` text not null, `grant_types` text not null, `revoked` tinyint(1) not null, `created_at` timestamp null, `updated_at` timestamp null, primary key (`id`)) default character set utf8mb4 collate 'utf8mb4_unicode_ci') at E:/laravel_project/passport-api/vendor/laravel/framework/src/Illuminate/Database/Connection.php:838)
[stacktrace]
#0 E:/laravel_project/passport-api/vendor/laravel/framework/src/Illuminate/Database/Connection.php(794): Illuminate/Database/Connection->runQueryCallback('create table `o...', Array, Object(Closure))
#1 E:/laravel_project/passport-api/vendor/laravel/framework/src/Illuminate/Database/Connection.php(573): Illuminate/Database/Connection->run('create table `o...', Array, Object(Closure))
#2 E:/laravel_project/passport-api/vendor/laravel/framework/src/Illuminate/Database/Schema/Blueprint.php(121): Illuminate/Database/Connection->statement('create table `o...')
#3 E:/laravel_project/passport-api/vendor/laravel/framework/src/Illuminate/Database/Schema/Builder.php(686): Illuminate/Database/Schema/Blueprint->build()
#4 E:/laravel_project/passport-api/vendor/laravel/framework/src/Illuminate/Database/Schema/Builder.php(506): Illuminate/Database/Schema/Builder->build(Object(Illuminate/Database/Schema/Blueprint))
#5 E:/laravel_project/passport-api/vendor/laravel/framework/src/Illuminate/Support/Facades/Facade.php(363): Illuminate/Database/Schema/Builder->create('oauth_clients', Object(Closure))
#6 E:/laravel_project/passport-api/database/migrations/2026_03_26_130941_create_oauth_clients_table.php(14): Illuminate/Support/Facades/Facade::__callStatic('create', Array)
#7 E:/laravel_project/passport-api/vendor/laravel/framework/src/Illuminate/Database/Migrations/Migrator.php(517): Illuminate/Database/Migrations/Migration@anonymous->up()
#8 E:/laravel_project/passport-api/vendor/laravel/framework/src/Illuminate/Database/Migrations/Migrator.php(442): Illuminate/Database/Migrations/Migrator->runMethod(Object(Illuminate/Database/MySqlConnection), Object(Illuminate/Database/Migrations/Migration@anonymous), 'up')
#9 E:/laravel_project/passport-api/vendor/laravel/framework/src/Illuminate/Database/Migrations/Migrator.php(451): Illuminate/Database/Migrations/Migrator->Illuminate/Database/Migrations/{closure}()
#10 E:/laravel_project/passport-api/vendor/laravel/framework/src/Illuminate/Database/Migrations/Migrator.php(253): Illuminate/Database/Migrations/Migrator->runMigration(Object(Illuminate/Database/Migrations/Migration@anonymous), 'up')
#11 E:/laravel_project/passport-api/vendor/laravel/framework/src/Illuminate/Console/View/Components/Task.php(41): Illuminate/Database/Migrations/Migrator->Illuminate/Database/Migrations/{closure}()
#12 E:/laravel_project/passport-api/vendor/laravel/framework/src/Illuminate/Database/Migrations/Migrator.php(814): Illuminate/Console/View/Components/Task->render('2026_03_26_1309...', Object(Closure))
#13 E:/laravel_project/passport-api/vendor/laravel/framework/src/Illuminate/Database/Migrations/Migrator.php(253): Illuminate/Database/Migrations/Migrator->write('Illuminate//Cons...', '2026_03_26_1309...', Object(Closure))
#14 E:/laravel_project/passport-api/vendor/laravel/framework/src/Illuminate/Database/Migrations/Migrator.php(211): Illuminate/Database/Migrations/Migrator->runUp('E://laravel_proj...', 1, false)
#15 E:/laravel_project/passport-api/vendor/laravel/framework/src/Illuminate/Database/Migrations/Migrator.php(138): Illuminate/Database/Migrations/Migrator->runPending(Array, Array)
#16 E:/laravel_project/passport-api/vendor/laravel/framework/src/Illuminate/Database/Console/Migrations/MigrateCommand.php(116): Illuminate/Database/Migrations/Migrator->run(Array, Array)
#17 E:/laravel_project/passport-api/vendor/laravel/framework/src/Illuminate/Database/Migrations/Migrator.php(671): Illuminate/Database/Console/Migrations/MigrateCommand->Illuminate/Database/Console/Migrations/{closure}()
#18 E:/laravel_project/passport-api/vendor/laravel/framework/src/Illuminate/Database/Console/Migrations/MigrateCommand.php(109): Illuminate/Database/Migrations/Migrator->usingConnection(NULL, Object(Closure))
#19 E:/laravel_project/passport-api/vendor/laravel/framework/src/Illuminate/Database/Console/Migrations/MigrateCommand.php(88): Illuminate/Database/Console/Migrations/MigrateCommand->runMigrations()
#20 E:/laravel_project/passport-api/vendor/laravel/framework/src/Illuminate/Container/BoundMethod.php(36): Illuminate/Database/Console/Migrations/MigrateCommand->handle()
#21 E:/laravel_project/passport-api/vendor/laravel/framework/src/Illuminate/Container/Util.php(43): Illuminate/Container/BoundMethod::Illuminate/Container/{closure}()
#22 E:/laravel_project/passport-api/vendor/laravel/framework/src/Illuminate/Container/BoundMethod.php(96): Illuminate/Container/Util::unwrapIfClosure(Object(Closure))
#23 E:/laravel_project/passport-api/vendor/laravel/framework/src/Illuminate/Container/BoundMethod.php(35): Illuminate/Container/BoundMethod::callBoundMethod(Object(Illuminate/Foundation/Application), Array, Object(Closure))
#24 E:/laravel_project/passport-api/vendor/laravel/framework/src/Illuminate/Container/Container.php(799): Illuminate/Container/BoundMethod::call(Object(Illuminate/Foundation/Application), Array, Array, NULL)
#25 E:/laravel_project/passport-api/vendor/laravel/framework/src/Illuminate/Console/Command.php(211): Illuminate/Container/Container->call(Array)
#26 E:/laravel_project/passport-api/vendor/symfony/console/Command/Command.php(341): Illuminate/Console/Command->execute(Object(Symfony/Component/Console/Input/ArrayInput), Object(Illuminate/Console/OutputStyle))
#27 E:/laravel_project/passport-api/vendor/laravel/framework/src/Illuminate/Console/Command.php(180): Symfony/Component/Console/Command/Command->run(Object(Symfony/Component/Console/Input/ArrayInput), Object(Illuminate/Console/OutputStyle))
#28 E:/laravel_project/passport-api/vendor/laravel/framework/src/Illuminate/Console/Concerns/CallsCommands.php(68): Illuminate/Console/Command->run(Object(Symfony/Component/Console/Input/ArrayInput), Object(Illuminate/Console/OutputStyle))
#29 E:/laravel_project/passport-api/vendor/laravel/framework/src/Illuminate/Console/Concerns/CallsCommands.php(29): Illuminate/Console/Command->runCommand('migrate', Array, Object(Illuminate/Console/OutputStyle))
#30 E:/laravel_project/passport-api/vendor/laravel/framework/src/Illuminate/Database/Console/Migrations/FreshCommand.php(88): Illuminate/Console/Command->call('migrate', Array)
#31 E:/laravel_project/passport-api/vendor/laravel/framework/src/Illuminate/Container/BoundMethod.php(36): Illuminate/Database/Console/Migrations/FreshCommand->handle()
#32 E:/laravel_project/passport-api/vendor/laravel/framework/src/Illuminate/Container/Util.php(43): Illuminate/Container/BoundMethod::Illuminate/Container/{closure}()
#33 E:/laravel_project/passport-api/vendor/laravel/framework/src/Illuminate/Container/BoundMethod.php(96): Illuminate/Container/Util::unwrapIfClosure(Object(Closure))
#34 E:/laravel_project/passport-api/vendor/laravel/framework/src/Illuminate/Container/BoundMethod.php(35): Illuminate/Container/BoundMethod::callBoundMethod(Object(Illuminate/Foundation/Application), Array, Object(Closure))
#35 E:/laravel_project/passport-api/vendor/laravel/framework/src/Illuminate/Container/Container.php(799): Illuminate/Container/BoundMethod::call(Object(Illuminate/Foundation/Application), Array, Array, NULL)
#36 E:/laravel_project/passport-api/vendor/laravel/framework/src/Illuminate/Console/Command.php(211): Illuminate/Container/Container->call(Array)
#37 E:/laravel_project/passport-api/vendor/symfony/console/Command/Command.php(341): Illuminate/Console/Command->execute(Object(Symfony/Component/Console/Input/ArgvInput), Object(Illuminate/Console/OutputStyle))
#38 E:/laravel_project/passport-api/vendor/laravel/framework/src/Illuminate/Console/Command.php(180): Symfony/Component/Console/Command/Command->run(Object(Symfony/Component/Console/Input/ArgvInput), Object(Illuminate/Console/OutputStyle))
#39 E:/laravel_project/passport-api/vendor/symfony/console/Application.php(1117): Illuminate/Console/Command->run(Object(Symfony/Component/Console/Input/ArgvInput), Object(Symfony/Component/Console/Output/ConsoleOutput))
#40 E:/laravel_project/passport-api/vendor/symfony/console/Application.php(356): Symfony/Component/Console/Application->doRunCommand(Object(Illuminate/Database/Console/Migrations/FreshCommand), Object(Symfony/Component/Console/Input/ArgvInput), Object(Symfony/Component/Console/Output/ConsoleOutput))
#41 E:/laravel_project/passport-api/vendor/symfony/console/Application.php(195): Symfony/Component/Console/Application->doRun(Object(Symfony/Component/Console/Input/ArgvInput), Object(Symfony/Component/Console/Output/ConsoleOutput))
#42 E:/laravel_project/passport-api/vendor/laravel/framework/src/Illuminate/Foundation/Console/Kernel.php(198): Symfony/Component/Console/Application->run(Object(Symfony/Component/Console/Input/ArgvInput), Object(Symfony/Component/Console/Output/ConsoleOutput))
#43 E:/laravel_project/passport-api/vendor/laravel/framework/src/Illuminate/Foundation/Application.php(1235): Illuminate/Foundation/Console/Kernel->handle(Object(Symfony/Component/Console/Input/ArgvInput), Object(Symfony/Component/Console/Output/ConsoleOutput))
#44 E:/laravel_project/passport-api/artisan(16): Illuminate/Foundation/Application->handleCommand(Object(Symfony/Component/Console/Input/ArgvInput))
#45 {main}

[previous exception] [object] (PDOException(code: 42S01): SQLSTATE[42S01]: Base table or view already exists: 1050 Table 'oauth_clients' already exists at E:/laravel_project/passport-api/vendor/laravel/framework/src/Illuminate/Database/Connection.php:584)
[stacktrace]
#0 E:/laravel_project/passport-api/vendor/laravel/framework/src/Illuminate/Database/Connection.php(584): PDOStatement->execute()
#1 E:/laravel_project/passport-api/vendor/laravel/framework/src/Illuminate/Database/Connection.php(827): Illuminate/Database/Connection->Illuminate/Database/{closure}('create table `o...', Array)
#2 E:/laravel_project/passport-api/vendor/laravel/framework/src/Illuminate/Database/Connection.php(794): Illuminate/Database/Connection->runQueryCallback('create table `o...', Array, Object(Closure))
#3 E:/laravel_project/passport-api/vendor/laravel/framework/src/Illuminate/Database/Connection.php(573): Illuminate/Database/Connection->run('create table `o...', Array, Object(Closure))
#4 E:/laravel_project/passport-api/vendor/laravel/framework/src/Illuminate/Database/Schema/Blueprint.php(121): Illuminate/Database/Connection->statement('create table `o...')
#5 E:/laravel_project/passport-api/vendor/laravel/framework/src/Illuminate/Database/Schema/Builder.php(686): Illuminate/Database/Schema/Blueprint->build()
#6 E:/laravel_project/passport-api/vendor/laravel/framework/src/Illuminate/Database/Schema/Builder.php(506): Illuminate/Database/Schema/Builder->build(Object(Illuminate/Database/Schema/Blueprint))
#7 E:/laravel_project/passport-api/vendor/laravel/framework/src/Illuminate/Support/Facades/Facade.php(363): Illuminate/Database/Schema/Builder->create('oauth_clients', Object(Closure))
#8 E:/laravel_project/passport-api/database/migrations/2026_03_26_130941_create_oauth_clients_table.php(14): Illuminate/Support/Facades/Facade::__callStatic('create', Array)
#9 E:/laravel_project/passport-api/vendor/laravel/framework/src/Illuminate/Database/Migrations/Migrator.php(517): Illuminate/Database/Migrations/Migration@anonymous->up()
#10 E:/laravel_project/passport-api/vendor/laravel/framework/src/Illuminate/Database/Migrations/Migrator.php(442): Illuminate/Database/Migrations/Migrator->runMethod(Object(Illuminate/Database/MySqlConnection), Object(Illuminate/Database/Migrations/Migration@anonymous), 'up')
#11 E:/laravel_project/passport-api/vendor/laravel/framework/src/Illuminate/Database/Migrations/Migrator.php(451): Illuminate/Database/Migrations/Migrator->Illuminate/Database/Migrations/{closure}()
#12 E:/laravel_project/passport-api/vendor/laravel/framework/src/Illuminate/Database/Migrations/Migrator.php(253): Illuminate/Database/Migrations/Migrator->runMigration(Object(Illuminate/Database/Migrations/Migration@anonymous), 'up')
#13 E:/laravel_project/passport-api/vendor/laravel/framework/src/Illuminate/Console/View/Components/Task.php(41): Illuminate/Database/Migrations/Migrator->Illuminate/Database/Migrations/{closure}()
#14 E:/laravel_project/passport-api/vendor/laravel/framework/src/Illuminate/Database/Migrations/Migrator.php(814): Illuminate/Console/View/Components/Task->render('2026_03_26_1309...', Object(Closure))
#15 E:/laravel_project/passport-api/vendor/laravel/framework/src/Illuminate/Database/Migrations/Migrator.php(253): Illuminate/Database/Migrations/Migrator->write('Illuminate//Cons...', '2026_03_26_1309...', Object(Closure))
#16 E:/laravel_project/passport-api/vendor/laravel/framework/src/Illuminate/Database/Migrations/Migrator.php(211): Illuminate/Database/Migrations/Migrator->runUp('E://laravel_proj...', 1, false)
#17 E:/laravel_project/passport-api/vendor/laravel/framework/src/Illuminate/Database/Migrations/Migrator.php(138): Illuminate/Database/Migrations/Migrator->runPending(Array, Array)
#18 E:/laravel_project/passport-api/vendor/laravel/framework/src/Illuminate/Database/Console/Migrations/MigrateCommand.php(116): Illuminate/Database/Migrations/Migrator->run(Array, Array)
#19 E:/laravel_project/passport-api/vendor/laravel/framework/src/Illuminate/Database/Migrations/Migrator.php(671): Illuminate/Database/Console/Migrations/MigrateCommand->Illuminate/Database/Console/Migrations/{closure}()
#20 E:/laravel_project/passport-api/vendor/laravel/framework/src/Illuminate/Database/Console/Migrations/MigrateCommand.php(109): Illuminate/Database/Migrations/Migrator->usingConnection(NULL, Object(Closure))
#21 E:/laravel_project/passport-api/vendor/laravel/framework/src/Illuminate/Database/Console/Migrations/MigrateCommand.php(88): Illuminate/Database/Console/Migrations/MigrateCommand->runMigrations()
#22 E:/laravel_project/passport-api/vendor/laravel/framework/src/Illuminate/Container/BoundMethod.php(36): Illuminate/Database/Console/Migrations/MigrateCommand->handle()
#23 E:/laravel_project/passport-api/vendor/laravel/framework/src/Illuminate/Container/Util.php(43): Illuminate/Container/BoundMethod::Illuminate/Container/{closure}()
#24 E:/laravel_project/passport-api/vendor/laravel/framework/src/Illuminate/Container/BoundMethod.php(96): Illuminate/Container/Util::unwrapIfClosure(Object(Closure))
#25 E:/laravel_project/passport-api/vendor/laravel/framework/src/Illuminate/Container/BoundMethod.php(35): Illuminate/Container/BoundMethod::callBoundMethod(Object(Illuminate/Foundation/Application), Array, Object(Closure))
#26 E:/laravel_project/passport-api/vendor/laravel/framework/src/Illuminate/Container/Container.php(799): Illuminate/Container/BoundMethod::call(Object(Illuminate/Foundation/Application), Array, Array, NULL)
#27 E:/laravel_project/passport-api/vendor/laravel/framework/src/Illuminate/Console/Command.php(211): Illuminate/Container/Container->call(Array)
#28 E:/laravel_project/passport-api/vendor/symfony/console/Command/Command.php(341): Illuminate/Console/Command->execute(Object(Symfony/Component/Console/Input/ArrayInput), Object(Illuminate/Console/OutputStyle))
#29 E:/laravel_project/passport-api/vendor/laravel/framework/src/Illuminate/Console/Command.php(180): Symfony/Component/Console/Command/Command->run(Object(Symfony/Component/Console/Input/ArrayInput), Object(Illuminate/Console/OutputStyle))
#30 E:/laravel_project/passport-api/vendor/laravel/framework/src/Illuminate/Console/Concerns/CallsCommands.php(68): Illuminate/Console/Command->run(Object(Symfony/Component/Console/Input/ArrayInput), Object(Illuminate/Console/OutputStyle))
#31 E:/laravel_project/passport-api/vendor/laravel/framework/src/Illuminate/Console/Concerns/CallsCommands.php(29): Illuminate/Console/Command->runCommand('migrate', Array, Object(Illuminate/Console/OutputStyle))
#32 E:/laravel_project/passport-api/vendor/laravel/framework/src/Illuminate/Database/Console/Migrations/FreshCommand.php(88): Illuminate/Console/Command->call('migrate', Array)
#33 E:/laravel_project/passport-api/vendor/laravel/framework/src/Illuminate/Container/BoundMethod.php(36): Illuminate/Database/Console/Migrations/FreshCommand->handle()
#34 E:/laravel_project/passport-api/vendor/laravel/framework/src/Illuminate/Container/Util.php(43): Illuminate/Container/BoundMethod::Illuminate/Container/{closure}()
#35 E:/laravel_project/passport-api/vendor/laravel/framework/src/Illuminate/Container/BoundMethod.php(96): Illuminate/Container/Util::unwrapIfClosure(Object(Closure))
#36 E:/laravel_project/passport-api/vendor/laravel/framework/src/Illuminate/Container/BoundMethod.php(35): Illuminate/Container/BoundMethod::callBoundMethod(Object(Illuminate/Foundation/Application), Array, Object(Closure))
#37 E:/laravel_project/passport-api/vendor/laravel/framework/src/Illuminate/Container/Container.php(799): Illuminate/Container/BoundMethod::call(Object(Illuminate/Foundation/Application), Array, Array, NULL)
#38 E:/laravel_project/passport-api/vendor/laravel/framework/src/Illuminate/Console/Command.php(211): Illuminate/Container/Container->call(Array)
#39 E:/laravel_project/passport-api/vendor/symfony/console/Command/Command.php(341): Illuminate/Console/Command->execute(Object(Symfony/Component/Console/Input/ArgvInput), Object(Illuminate/Console/OutputStyle))
#40 E:/laravel_project/passport-api/vendor/laravel/framework/src/Illuminate/Console/Command.php(180): Symfony/Component/Console/Command/Command->run(Object(Symfony/Component/Console/Input/ArgvInput), Object(Illuminate/Console/OutputStyle))
#41 E:/laravel_project/passport-api/vendor/symfony/console/Application.php(1117): Illuminate/Console/Command->run(Object(Symfony/Component/Console/Input/ArgvInput), Object(Symfony/Component/Console/Output/ConsoleOutput))
#42 E:/laravel_project/passport-api/vendor/symfony/console/Application.php(356): Symfony/Component/Console/Application->doRunCommand(Object(Illuminate/Database/Console/Migrations/FreshCommand), Object(Symfony/Component/Console/Input/ArgvInput), Object(Symfony/Component/Console/Output/ConsoleOutput))
#43 E:/laravel_project/passport-api/vendor/symfony/console/Application.php(195): Symfony/Component/Console/Application->doRun(Object(Symfony/Component/Console/Input/ArgvInput), Object(Symfony/Component/Console/Output/ConsoleOutput))
#44 E:/laravel_project/passport-api/vendor/laravel/framework/src/Illuminate/Foundation/Console/Kernel.php(198): Symfony/Component/Console/Application->run(Object(Symfony/Component/Console/Input/ArgvInput), Object(Symfony/Component/Console/Output/ConsoleOutput))
#45 E:/laravel_project/passport-api/vendor/laravel/framework/src/Illuminate/Foundation/Application.php(1235): Illuminate/Foundation/Console/Kernel->handle(Object(Symfony/Component/Console/Input/ArgvInput), Object(Symfony/Component/Console/Output/ConsoleOutput))
#46 E:/laravel_project/passport-api/artisan(16): Illuminate/Foundation/Application->handleCommand(Object(Symfony/Component/Console/Input/ArgvInput))
#47 {main}
"} 
[2026-03-26 13:22:39] local.ERROR: SQLSTATE[42S01]: Base table or view already exists: 1050 Table 'oauth_device_codes' already exists (Connection: mysql, Host: 127.0.0.1, Port: 3306, Database: laravel_passport, SQL: create table `oauth_device_codes` (`id` char(80) not null, `user_id` bigint unsigned null, `client_id` char(36) not null, `user_code` char(8) not null, `scopes` text not null, `revoked` tinyint(1) not null, `user_approved_at` datetime null, `last_polled_at` datetime null, `expires_at` datetime null, primary key (`id`)) default character set utf8mb4 collate 'utf8mb4_unicode_ci') {"exception":"[object] (Illuminate\\Database\\QueryException(code: 42S01): SQLSTATE[42S01]: Base table or view already exists: 1050 Table 'oauth_device_codes' already exists (Connection: mysql, Host: 127.0.0.1, Port: 3306, Database: laravel_passport, SQL: create table `oauth_device_codes` (`id` char(80) not null, `user_id` bigint unsigned null, `client_id` char(36) not null, `user_code` char(8) not null, `scopes` text not null, `revoked` tinyint(1) not null, `user_approved_at` datetime null, `last_polled_at` datetime null, `expires_at` datetime null, primary key (`id`)) default character set utf8mb4 collate 'utf8mb4_unicode_ci') at E:/laravel_project/passport-api/vendor/laravel/framework/src/Illuminate/Database/Connection.php:838)
[stacktrace]
#0 E:/laravel_project/passport-api/vendor/laravel/framework/src/Illuminate/Database/Connection.php(794): Illuminate/Database/Connection->runQueryCallback('create table `o...', Array, Object(Closure))
#1 E:/laravel_project/passport-api/vendor/laravel/framework/src/Illuminate/Database/Connection.php(573): Illuminate/Database/Connection->run('create table `o...', Array, Object(Closure))
#2 E:/laravel_project/passport-api/vendor/laravel/framework/src/Illuminate/Database/Schema/Blueprint.php(121): Illuminate/Database/Connection->statement('create table `o...')
#3 E:/laravel_project/passport-api/vendor/laravel/framework/src/Illuminate/Database/Schema/Builder.php(686): Illuminate/Database/Schema/Blueprint->build()
#4 E:/laravel_project/passport-api/vendor/laravel/framework/src/Illuminate/Database/Schema/Builder.php(506): Illuminate/Database/Schema/Builder->build(Object(Illuminate/Database/Schema/Blueprint))
#5 E:/laravel_project/passport-api/vendor/laravel/framework/src/Illuminate/Support/Facades/Facade.php(363): Illuminate/Database/Schema/Builder->create('oauth_device_co...', Object(Closure))
#6 E:/laravel_project/passport-api/database/migrations/2026_03_26_130942_create_oauth_device_codes_table.php(14): Illuminate/Support/Facades/Facade::__callStatic('create', Array)
#7 E:/laravel_project/passport-api/vendor/laravel/framework/src/Illuminate/Database/Migrations/Migrator.php(517): Illuminate/Database/Migrations/Migration@anonymous->up()
#8 E:/laravel_project/passport-api/vendor/laravel/framework/src/Illuminate/Database/Migrations/Migrator.php(442): Illuminate/Database/Migrations/Migrator->runMethod(Object(Illuminate/Database/MySqlConnection), Object(Illuminate/Database/Migrations/Migration@anonymous), 'up')
#9 E:/laravel_project/passport-api/vendor/laravel/framework/src/Illuminate/Database/Migrations/Migrator.php(451): Illuminate/Database/Migrations/Migrator->Illuminate/Database/Migrations/{closure}()
#10 E:/laravel_project/passport-api/vendor/laravel/framework/src/Illuminate/Database/Migrations/Migrator.php(253): Illuminate/Database/Migrations/Migrator->runMigration(Object(Illuminate/Database/Migrations/Migration@anonymous), 'up')
#11 E:/laravel_project/passport-api/vendor/laravel/framework/src/Illuminate/Console/View/Components/Task.php(41): Illuminate/Database/Migrations/Migrator->Illuminate/Database/Migrations/{closure}()
#12 E:/laravel_project/passport-api/vendor/laravel/framework/src/Illuminate/Database/Migrations/Migrator.php(814): Illuminate/Console/View/Components/Task->render('2026_03_26_1309...', Object(Closure))
#13 E:/laravel_project/passport-api/vendor/laravel/framework/src/Illuminate/Database/Migrations/Migrator.php(253): Illuminate/Database/Migrations/Migrator->write('Illuminate//Cons...', '2026_03_26_1309...', Object(Closure))
#14 E:/laravel_project/passport-api/vendor/laravel/framework/src/Illuminate/Database/Migrations/Migrator.php(211): Illuminate/Database/Migrations/Migrator->runUp('E://laravel_proj...', 1, false)
#15 E:/laravel_project/passport-api/vendor/laravel/framework/src/Illuminate/Database/Migrations/Migrator.php(138): Illuminate/Database/Migrations/Migrator->runPending(Array, Array)
#16 E:/laravel_project/passport-api/vendor/laravel/framework/src/Illuminate/Database/Console/Migrations/MigrateCommand.php(116): Illuminate/Database/Migrations/Migrator->run(Array, Array)
#17 E:/laravel_project/passport-api/vendor/laravel/framework/src/Illuminate/Database/Migrations/Migrator.php(671): Illuminate/Database/Console/Migrations/MigrateCommand->Illuminate/Database/Console/Migrations/{closure}()
#18 E:/laravel_project/passport-api/vendor/laravel/framework/src/Illuminate/Database/Console/Migrations/MigrateCommand.php(109): Illuminate/Database/Migrations/Migrator->usingConnection(NULL, Object(Closure))
#19 E:/laravel_project/passport-api/vendor/laravel/framework/src/Illuminate/Database/Console/Migrations/MigrateCommand.php(88): Illuminate/Database/Console/Migrations/MigrateCommand->runMigrations()
#20 E:/laravel_project/passport-api/vendor/laravel/framework/src/Illuminate/Container/BoundMethod.php(36): Illuminate/Database/Console/Migrations/MigrateCommand->handle()
#21 E:/laravel_project/passport-api/vendor/laravel/framework/src/Illuminate/Container/Util.php(43): Illuminate/Container/BoundMethod::Illuminate/Container/{closure}()
#22 E:/laravel_project/passport-api/vendor/laravel/framework/src/Illuminate/Container/BoundMethod.php(96): Illuminate/Container/Util::unwrapIfClosure(Object(Closure))
#23 E:/laravel_project/passport-api/vendor/laravel/framework/src/Illuminate/Container/BoundMethod.php(35): Illuminate/Container/BoundMethod::callBoundMethod(Object(Illuminate/Foundation/Application), Array, Object(Closure))
#24 E:/laravel_project/passport-api/vendor/laravel/framework/src/Illuminate/Container/Container.php(799): Illuminate/Container/BoundMethod::call(Object(Illuminate/Foundation/Application), Array, Array, NULL)
#25 E:/laravel_project/passport-api/vendor/laravel/framework/src/Illuminate/Console/Command.php(211): Illuminate/Container/Container->call(Array)
#26 E:/laravel_project/passport-api/vendor/symfony/console/Command/Command.php(341): Illuminate/Console/Command->execute(Object(Symfony/Component/Console/Input/ArrayInput), Object(Illuminate/Console/OutputStyle))
#27 E:/laravel_project/passport-api/vendor/laravel/framework/src/Illuminate/Console/Command.php(180): Symfony/Component/Console/Command/Command->run(Object(Symfony/Component/Console/Input/ArrayInput), Object(Illuminate/Console/OutputStyle))
#28 E:/laravel_project/passport-api/vendor/laravel/framework/src/Illuminate/Console/Concerns/CallsCommands.php(68): Illuminate/Console/Command->run(Object(Symfony/Component/Console/Input/ArrayInput), Object(Illuminate/Console/OutputStyle))
#29 E:/laravel_project/passport-api/vendor/laravel/framework/src/Illuminate/Console/Concerns/CallsCommands.php(29): Illuminate/Console/Command->runCommand('migrate', Array, Object(Illuminate/Console/OutputStyle))
#30 E:/laravel_project/passport-api/vendor/laravel/framework/src/Illuminate/Database/Console/Migrations/FreshCommand.php(88): Illuminate/Console/Command->call('migrate', Array)
#31 E:/laravel_project/passport-api/vendor/laravel/framework/src/Illuminate/Container/BoundMethod.php(36): Illuminate/Database/Console/Migrations/FreshCommand->handle()
#32 E:/laravel_project/passport-api/vendor/laravel/framework/src/Illuminate/Container/Util.php(43): Illuminate/Container/BoundMethod::Illuminate/Container/{closure}()
#33 E:/laravel_project/passport-api/vendor/laravel/framework/src/Illuminate/Container/BoundMethod.php(96): Illuminate/Container/Util::unwrapIfClosure(Object(Closure))
#34 E:/laravel_project/passport-api/vendor/laravel/framework/src/Illuminate/Container/BoundMethod.php(35): Illuminate/Container/BoundMethod::callBoundMethod(Object(Illuminate/Foundation/Application), Array, Object(Closure))
#35 E:/laravel_project/passport-api/vendor/laravel/framework/src/Illuminate/Container/Container.php(799): Illuminate/Container/BoundMethod::call(Object(Illuminate/Foundation/Application), Array, Array, NULL)
#36 E:/laravel_project/passport-api/vendor/laravel/framework/src/Illuminate/Console/Command.php(211): Illuminate/Container/Container->call(Array)
#37 E:/laravel_project/passport-api/vendor/symfony/console/Command/Command.php(341): Illuminate/Console/Command->execute(Object(Symfony/Component/Console/Input/ArgvInput), Object(Illuminate/Console/OutputStyle))
#38 E:/laravel_project/passport-api/vendor/laravel/framework/src/Illuminate/Console/Command.php(180): Symfony/Component/Console/Command/Command->run(Object(Symfony/Component/Console/Input/ArgvInput), Object(Illuminate/Console/OutputStyle))
#39 E:/laravel_project/passport-api/vendor/symfony/console/Application.php(1117): Illuminate/Console/Command->run(Object(Symfony/Component/Console/Input/ArgvInput), Object(Symfony/Component/Console/Output/ConsoleOutput))
#40 E:/laravel_project/passport-api/vendor/symfony/console/Application.php(356): Symfony/Component/Console/Application->doRunCommand(Object(Illuminate/Database/Console/Migrations/FreshCommand), Object(Symfony/Component/Console/Input/ArgvInput), Object(Symfony/Component/Console/Output/ConsoleOutput))
#41 E:/laravel_project/passport-api/vendor/symfony/console/Application.php(195): Symfony/Component/Console/Application->doRun(Object(Symfony/Component/Console/Input/ArgvInput), Object(Symfony/Component/Console/Output/ConsoleOutput))
#42 E:/laravel_project/passport-api/vendor/laravel/framework/src/Illuminate/Foundation/Console/Kernel.php(198): Symfony/Component/Console/Application->run(Object(Symfony/Component/Console/Input/ArgvInput), Object(Symfony/Component/Console/Output/ConsoleOutput))
#43 E:/laravel_project/passport-api/vendor/laravel/framework/src/Illuminate/Foundation/Application.php(1235): Illuminate/Foundation/Console/Kernel->handle(Object(Symfony/Component/Console/Input/ArgvInput), Object(Symfony/Component/Console/Output/ConsoleOutput))
#44 E:/laravel_project/passport-api/artisan(16): Illuminate/Foundation/Application->handleCommand(Object(Symfony/Component/Console/Input/ArgvInput))
#45 {main}

[previous exception] [object] (PDOException(code: 42S01): SQLSTATE[42S01]: Base table or view already exists: 1050 Table 'oauth_device_codes' already exists at E:/laravel_project/passport-api/vendor/laravel/framework/src/Illuminate/Database/Connection.php:584)
[stacktrace]
#0 E:/laravel_project/passport-api/vendor/laravel/framework/src/Illuminate/Database/Connection.php(584): PDOStatement->execute()
#1 E:/laravel_project/passport-api/vendor/laravel/framework/src/Illuminate/Database/Connection.php(827): Illuminate/Database/Connection->Illuminate/Database/{closure}('create table `o...', Array)
#2 E:/laravel_project/passport-api/vendor/laravel/framework/src/Illuminate/Database/Connection.php(794): Illuminate/Database/Connection->runQueryCallback('create table `o...', Array, Object(Closure))
#3 E:/laravel_project/passport-api/vendor/laravel/framework/src/Illuminate/Database/Connection.php(573): Illuminate/Database/Connection->run('create table `o...', Array, Object(Closure))
#4 E:/laravel_project/passport-api/vendor/laravel/framework/src/Illuminate/Database/Schema/Blueprint.php(121): Illuminate/Database/Connection->statement('create table `o...')
#5 E:/laravel_project/passport-api/vendor/laravel/framework/src/Illuminate/Database/Schema/Builder.php(686): Illuminate/Database/Schema/Blueprint->build()
#6 E:/laravel_project/passport-api/vendor/laravel/framework/src/Illuminate/Database/Schema/Builder.php(506): Illuminate/Database/Schema/Builder->build(Object(Illuminate/Database/Schema/Blueprint))
#7 E:/laravel_project/passport-api/vendor/laravel/framework/src/Illuminate/Support/Facades/Facade.php(363): Illuminate/Database/Schema/Builder->create('oauth_device_co...', Object(Closure))
#8 E:/laravel_project/passport-api/database/migrations/2026_03_26_130942_create_oauth_device_codes_table.php(14): Illuminate/Support/Facades/Facade::__callStatic('create', Array)
#9 E:/laravel_project/passport-api/vendor/laravel/framework/src/Illuminate/Database/Migrations/Migrator.php(517): Illuminate/Database/Migrations/Migration@anonymous->up()
#10 E:/laravel_project/passport-api/vendor/laravel/framework/src/Illuminate/Database/Migrations/Migrator.php(442): Illuminate/Database/Migrations/Migrator->runMethod(Object(Illuminate/Database/MySqlConnection), Object(Illuminate/Database/Migrations/Migration@anonymous), 'up')
#11 E:/laravel_project/passport-api/vendor/laravel/framework/src/Illuminate/Database/Migrations/Migrator.php(451): Illuminate/Database/Migrations/Migrator->Illuminate/Database/Migrations/{closure}()
#12 E:/laravel_project/passport-api/vendor/laravel/framework/src/Illuminate/Database/Migrations/Migrator.php(253): Illuminate/Database/Migrations/Migrator->runMigration(Object(Illuminate/Database/Migrations/Migration@anonymous), 'up')
#13 E:/laravel_project/passport-api/vendor/laravel/framework/src/Illuminate/Console/View/Components/Task.php(41): Illuminate/Database/Migrations/Migrator->Illuminate/Database/Migrations/{closure}()
#14 E:/laravel_project/passport-api/vendor/laravel/framework/src/Illuminate/Database/Migrations/Migrator.php(814): Illuminate/Console/View/Components/Task->render('2026_03_26_1309...', Object(Closure))
#15 E:/laravel_project/passport-api/vendor/laravel/framework/src/Illuminate/Database/Migrations/Migrator.php(253): Illuminate/Database/Migrations/Migrator->write('Illuminate//Cons...', '2026_03_26_1309...', Object(Closure))
#16 E:/laravel_project/passport-api/vendor/laravel/framework/src/Illuminate/Database/Migrations/Migrator.php(211): Illuminate/Database/Migrations/Migrator->runUp('E://laravel_proj...', 1, false)
#17 E:/laravel_project/passport-api/vendor/laravel/framework/src/Illuminate/Database/Migrations/Migrator.php(138): Illuminate/Database/Migrations/Migrator->runPending(Array, Array)
#18 E:/laravel_project/passport-api/vendor/laravel/framework/src/Illuminate/Database/Console/Migrations/MigrateCommand.php(116): Illuminate/Database/Migrations/Migrator->run(Array, Array)
#19 E:/laravel_project/passport-api/vendor/laravel/framework/src/Illuminate/Database/Migrations/Migrator.php(671): Illuminate/Database/Console/Migrations/MigrateCommand->Illuminate/Database/Console/Migrations/{closure}()
#20 E:/laravel_project/passport-api/vendor/laravel/framework/src/Illuminate/Database/Console/Migrations/MigrateCommand.php(109): Illuminate/Database/Migrations/Migrator->usingConnection(NULL, Object(Closure))
#21 E:/laravel_project/passport-api/vendor/laravel/framework/src/Illuminate/Database/Console/Migrations/MigrateCommand.php(88): Illuminate/Database/Console/Migrations/MigrateCommand->runMigrations()
#22 E:/laravel_project/passport-api/vendor/laravel/framework/src/Illuminate/Container/BoundMethod.php(36): Illuminate/Database/Console/Migrations/MigrateCommand->handle()
#23 E:/laravel_project/passport-api/vendor/laravel/framework/src/Illuminate/Container/Util.php(43): Illuminate/Container/BoundMethod::Illuminate/Container/{closure}()
#24 E:/laravel_project/passport-api/vendor/laravel/framework/src/Illuminate/Container/BoundMethod.php(96): Illuminate/Container/Util::unwrapIfClosure(Object(Closure))
#25 E:/laravel_project/passport-api/vendor/laravel/framework/src/Illuminate/Container/BoundMethod.php(35): Illuminate/Container/BoundMethod::callBoundMethod(Object(Illuminate/Foundation/Application), Array, Object(Closure))
#26 E:/laravel_project/passport-api/vendor/laravel/framework/src/Illuminate/Container/Container.php(799): Illuminate/Container/BoundMethod::call(Object(Illuminate/Foundation/Application), Array, Array, NULL)
#27 E:/laravel_project/passport-api/vendor/laravel/framework/src/Illuminate/Console/Command.php(211): Illuminate/Container/Container->call(Array)
#28 E:/laravel_project/passport-api/vendor/symfony/console/Command/Command.php(341): Illuminate/Console/Command->execute(Object(Symfony/Component/Console/Input/ArrayInput), Object(Illuminate/Console/OutputStyle))
#29 E:/laravel_project/passport-api/vendor/laravel/framework/src/Illuminate/Console/Command.php(180): Symfony/Component/Console/Command/Command->run(Object(Symfony/Component/Console/Input/ArrayInput), Object(Illuminate/Console/OutputStyle))
#30 E:/laravel_project/passport-api/vendor/laravel/framework/src/Illuminate/Console/Concerns/CallsCommands.php(68): Illuminate/Console/Command->run(Object(Symfony/Component/Console/Input/ArrayInput), Object(Illuminate/Console/OutputStyle))
#31 E:/laravel_project/passport-api/vendor/laravel/framework/src/Illuminate/Console/Concerns/CallsCommands.php(29): Illuminate/Console/Command->runCommand('migrate', Array, Object(Illuminate/Console/OutputStyle))
#32 E:/laravel_project/passport-api/vendor/laravel/framework/src/Illuminate/Database/Console/Migrations/FreshCommand.php(88): Illuminate/Console/Command->call('migrate', Array)
#33 E:/laravel_project/passport-api/vendor/laravel/framework/src/Illuminate/Container/BoundMethod.php(36): Illuminate/Database/Console/Migrations/FreshCommand->handle()
#34 E:/laravel_project/passport-api/vendor/laravel/framework/src/Illuminate/Container/Util.php(43): Illuminate/Container/BoundMethod::Illuminate/Container/{closure}()
#35 E:/laravel_project/passport-api/vendor/laravel/framework/src/Illuminate/Container/BoundMethod.php(96): Illuminate/Container/Util::unwrapIfClosure(Object(Closure))
#36 E:/laravel_project/passport-api/vendor/laravel/framework/src/Illuminate/Container/BoundMethod.php(35): Illuminate/Container/BoundMethod::callBoundMethod(Object(Illuminate/Foundation/Application), Array, Object(Closure))
#37 E:/laravel_project/passport-api/vendor/laravel/framework/src/Illuminate/Container/Container.php(799): Illuminate/Container/BoundMethod::call(Object(Illuminate/Foundation/Application), Array, Array, NULL)
#38 E:/laravel_project/passport-api/vendor/laravel/framework/src/Illuminate/Console/Command.php(211): Illuminate/Container/Container->call(Array)
#39 E:/laravel_project/passport-api/vendor/symfony/console/Command/Command.php(341): Illuminate/Console/Command->execute(Object(Symfony/Component/Console/Input/ArgvInput), Object(Illuminate/Console/OutputStyle))
#40 E:/laravel_project/passport-api/vendor/laravel/framework/src/Illuminate/Console/Command.php(180): Symfony/Component/Console/Command/Command->run(Object(Symfony/Component/Console/Input/ArgvInput), Object(Illuminate/Console/OutputStyle))
#41 E:/laravel_project/passport-api/vendor/symfony/console/Application.php(1117): Illuminate/Console/Command->run(Object(Symfony/Component/Console/Input/ArgvInput), Object(Symfony/Component/Console/Output/ConsoleOutput))
#42 E:/laravel_project/passport-api/vendor/symfony/console/Application.php(356): Symfony/Component/Console/Application->doRunCommand(Object(Illuminate/Database/Console/Migrations/FreshCommand), Object(Symfony/Component/Console/Input/ArgvInput), Object(Symfony/Component/Console/Output/ConsoleOutput))
#43 E:/laravel_project/passport-api/vendor/symfony/console/Application.php(195): Symfony/Component/Console/Application->doRun(Object(Symfony/Component/Console/Input/ArgvInput), Object(Symfony/Component/Console/Output/ConsoleOutput))
#44 E:/laravel_project/passport-api/vendor/laravel/framework/src/Illuminate/Foundation/Console/Kernel.php(198): Symfony/Component/Console/Application->run(Object(Symfony/Component/Console/Input/ArgvInput), Object(Symfony/Component/Console/Output/ConsoleOutput))
#45 E:/laravel_project/passport-api/vendor/laravel/framework/src/Illuminate/Foundation/Application.php(1235): Illuminate/Foundation/Console/Kernel->handle(Object(Symfony/Component/Console/Input/ArgvInput), Object(Symfony/Component/Console/Output/ConsoleOutput))
#46 E:/laravel_project/passport-api/artisan(16): Illuminate/Foundation/Application->handleCommand(Object(Symfony/Component/Console/Input/ArgvInput))
#47 {main}
"} 
[2026-03-26 13:33:03] local.ERROR: syntax error, unexpected token "class" {"exception":"[object] (Symfony\\Component\\ErrorHandler\\Error\\FatalError(code: 0): syntax error, unexpected token \"class\" at E:/laravel_project/passport-api/app/Models/User.php:12)
[stacktrace]
#0 {main}
"} 
[2026-03-26 13:33:16] local.ERROR: syntax error, unexpected token "class", expecting "," or ";" {"exception":"[object] (Symfony\\Component\\ErrorHandler\\Error\\FatalError(code: 0): syntax error, unexpected token \"class\", expecting \",\" or \";\" at E:/laravel_project/passport-api/app/Models/User.php:12)
[stacktrace]
#0 {main}
"} 
[2026-03-26 14:53:02] local.ERROR: syntax error, unexpected end of file {"exception":"[object] (ParseError(code: 0): syntax error, unexpected end of file at E:/laravel_project/passport-api/routes/api.php:18)
[stacktrace]
#0 E:/laravel_project/passport-api/vendor/laravel/framework/src/Illuminate/Routing/Router.php(526): Illuminate/Routing/RouteFileRegistrar->register('E://laravel_proj...')
#1 E:/laravel_project/passport-api/vendor/laravel/framework/src/Illuminate/Routing/Router.php(480): Illuminate/Routing/Router->loadRoutes('E://laravel_proj...')
#2 E:/laravel_project/passport-api/vendor/laravel/framework/src/Illuminate/Routing/RouteRegistrar.php(212): Illuminate/Routing/Router->group(Array, 'E://laravel_proj...')
#3 E:/laravel_project/passport-api/vendor/laravel/framework/src/Illuminate/Foundation/Configuration/ApplicationBuilder.php(214): Illuminate/Routing/RouteRegistrar->group('E://laravel_proj...')
#4 E:/laravel_project/passport-api/vendor/laravel/framework/src/Illuminate/Container/BoundMethod.php(36): Illuminate/Foundation/Configuration/ApplicationBuilder->Illuminate/Foundation/Configuration/{closure}()
#5 E:/laravel_project/passport-api/vendor/laravel/framework/src/Illuminate/Container/Util.php(43): Illuminate/Container/BoundMethod::Illuminate/Container/{closure}()
#6 E:/laravel_project/passport-api/vendor/laravel/framework/src/Illuminate/Container/BoundMethod.php(84): Illuminate/Container/Util::unwrapIfClosure(Object(Closure))
#7 E:/laravel_project/passport-api/vendor/laravel/framework/src/Illuminate/Container/BoundMethod.php(35): Illuminate/Container/BoundMethod::callBoundMethod(Object(Illuminate/Foundation/Application), Object(Closure), Object(Closure))
#8 E:/laravel_project/passport-api/vendor/laravel/framework/src/Illuminate/Container/Container.php(799): Illuminate/Container/BoundMethod::call(Object(Illuminate/Foundation/Application), Object(Closure), Array, NULL)
#9 E:/laravel_project/passport-api/vendor/laravel/framework/src/Illuminate/Foundation/Support/Providers/RouteServiceProvider.php(162): Illuminate/Container/Container->call(Object(Closure))
#10 E:/laravel_project/passport-api/vendor/laravel/framework/src/Illuminate/Foundation/Support/Providers/RouteServiceProvider.php(59): Illuminate/Foundation/Support/Providers/RouteServiceProvider->loadRoutes()
#11 E:/laravel_project/passport-api/vendor/laravel/framework/src/Illuminate/Container/BoundMethod.php(36): Illuminate/Foundation/Support/Providers/RouteServiceProvider->Illuminate/Foundation/Support/Providers/{closure}()
#12 E:/laravel_project/passport-api/vendor/laravel/framework/src/Illuminate/Container/Util.php(43): Illuminate/Container/BoundMethod::Illuminate/Container/{closure}()
#13 E:/laravel_project/passport-api/vendor/laravel/framework/src/Illuminate/Container/BoundMethod.php(84): Illuminate/Container/Util::unwrapIfClosure(Object(Closure))
#14 E:/laravel_project/passport-api/vendor/laravel/framework/src/Illuminate/Container/BoundMethod.php(35): Illuminate/Container/BoundMethod::callBoundMethod(Object(Illuminate/Foundation/Application), Object(Closure), Object(Closure))
#15 E:/laravel_project/passport-api/vendor/laravel/framework/src/Illuminate/Container/Container.php(799): Illuminate/Container/BoundMethod::call(Object(Illuminate/Foundation/Application), Object(Closure), Array, NULL)
#16 E:/laravel_project/passport-api/vendor/laravel/framework/src/Illuminate/Support/ServiceProvider.php(150): Illuminate/Container/Container->call(Object(Closure))
#17 E:/laravel_project/passport-api/vendor/laravel/framework/src/Illuminate/Foundation/Application.php(1154): Illuminate/Support/ServiceProvider->callBootedCallbacks()
#18 E:/laravel_project/passport-api/vendor/laravel/framework/src/Illuminate/Foundation/Application.php(1132): Illuminate/Foundation/Application->bootProvider(Object(Illuminate/Foundation/Support/Providers/RouteServiceProvider))
#19 [internal function]: Illuminate/Foundation/Application->Illuminate/Foundation/{closure}(Object(Illuminate/Foundation/Support/Providers/RouteServiceProvider), 'Illuminate//Foun...')
#20 E:/laravel_project/passport-api/vendor/laravel/framework/src/Illuminate/Foundation/Application.php(1131): array_walk(Array, Object(Closure))
#21 E:/laravel_project/passport-api/vendor/laravel/framework/src/Illuminate/Foundation/Bootstrap/BootProviders.php(17): Illuminate/Foundation/Application->boot()
#22 E:/laravel_project/passport-api/vendor/laravel/framework/src/Illuminate/Foundation/Application.php(342): Illuminate/Foundation/Bootstrap/BootProviders->bootstrap(Object(Illuminate/Foundation/Application))
#23 E:/laravel_project/passport-api/vendor/laravel/framework/src/Illuminate/Foundation/Console/Kernel.php(494): Illuminate/Foundation/Application->bootstrapWith(Array)
#24 E:/laravel_project/passport-api/vendor/laravel/framework/src/Illuminate/Foundation/Console/Kernel.php(196): Illuminate/Foundation/Console/Kernel->bootstrap()
#25 Command line code(1): Illuminate/Foundation/Console/Kernel->handle(Object(Symfony/Component/Console/Input/ArgvInput), Object(Symfony/Component/Console/Output/ConsoleOutput))
#26 {main}
"} 
[2026-03-26 14:53:07] local.ERROR: syntax error, unexpected end of file {"exception":"[object] (ParseError(code: 0): syntax error, unexpected end of file at E:/laravel_project/passport-api/routes/api.php:18)
[stacktrace]
#0 E:/laravel_project/passport-api/vendor/laravel/framework/src/Illuminate/Routing/Router.php(526): Illuminate/Routing/RouteFileRegistrar->register('E://laravel_proj...')
#1 E:/laravel_project/passport-api/vendor/laravel/framework/src/Illuminate/Routing/Router.php(480): Illuminate/Routing/Router->loadRoutes('E://laravel_proj...')
#2 E:/laravel_project/passport-api/vendor/laravel/framework/src/Illuminate/Routing/RouteRegistrar.php(212): Illuminate/Routing/Router->group(Array, 'E://laravel_proj...')
#3 E:/laravel_project/passport-api/vendor/laravel/framework/src/Illuminate/Foundation/Configuration/ApplicationBuilder.php(214): Illuminate/Routing/RouteRegistrar->group('E://laravel_proj...')
#4 E:/laravel_project/passport-api/vendor/laravel/framework/src/Illuminate/Container/BoundMethod.php(36): Illuminate/Foundation/Configuration/ApplicationBuilder->Illuminate/Foundation/Configuration/{closure}()
#5 E:/laravel_project/passport-api/vendor/laravel/framework/src/Illuminate/Container/Util.php(43): Illuminate/Container/BoundMethod::Illuminate/Container/{closure}()
#6 E:/laravel_project/passport-api/vendor/laravel/framework/src/Illuminate/Container/BoundMethod.php(84): Illuminate/Container/Util::unwrapIfClosure(Object(Closure))
#7 E:/laravel_project/passport-api/vendor/laravel/framework/src/Illuminate/Container/BoundMethod.php(35): Illuminate/Container/BoundMethod::callBoundMethod(Object(Illuminate/Foundation/Application), Object(Closure), Object(Closure))
#8 E:/laravel_project/passport-api/vendor/laravel/framework/src/Illuminate/Container/Container.php(799): Illuminate/Container/BoundMethod::call(Object(Illuminate/Foundation/Application), Object(Closure), Array, NULL)
#9 E:/laravel_project/passport-api/vendor/laravel/framework/src/Illuminate/Foundation/Support/Providers/RouteServiceProvider.php(162): Illuminate/Container/Container->call(Object(Closure))
#10 E:/laravel_project/passport-api/vendor/laravel/framework/src/Illuminate/Foundation/Support/Providers/RouteServiceProvider.php(59): Illuminate/Foundation/Support/Providers/RouteServiceProvider->loadRoutes()
#11 E:/laravel_project/passport-api/vendor/laravel/framework/src/Illuminate/Container/BoundMethod.php(36): Illuminate/Foundation/Support/Providers/RouteServiceProvider->Illuminate/Foundation/Support/Providers/{closure}()
#12 E:/laravel_project/passport-api/vendor/laravel/framework/src/Illuminate/Container/Util.php(43): Illuminate/Container/BoundMethod::Illuminate/Container/{closure}()
#13 E:/laravel_project/passport-api/vendor/laravel/framework/src/Illuminate/Container/BoundMethod.php(84): Illuminate/Container/Util::unwrapIfClosure(Object(Closure))
#14 E:/laravel_project/passport-api/vendor/laravel/framework/src/Illuminate/Container/BoundMethod.php(35): Illuminate/Container/BoundMethod::callBoundMethod(Object(Illuminate/Foundation/Application), Object(Closure), Object(Closure))
#15 E:/laravel_project/passport-api/vendor/laravel/framework/src/Illuminate/Container/Container.php(799): Illuminate/Container/BoundMethod::call(Object(Illuminate/Foundation/Application), Object(Closure), Array, NULL)
#16 E:/laravel_project/passport-api/vendor/laravel/framework/src/Illuminate/Support/ServiceProvider.php(150): Illuminate/Container/Container->call(Object(Closure))
#17 E:/laravel_project/passport-api/vendor/laravel/framework/src/Illuminate/Foundation/Application.php(1154): Illuminate/Support/ServiceProvider->callBootedCallbacks()
#18 E:/laravel_project/passport-api/vendor/laravel/framework/src/Illuminate/Foundation/Application.php(1132): Illuminate/Foundation/Application->bootProvider(Object(Illuminate/Foundation/Support/Providers/RouteServiceProvider))
#19 [internal function]: Illuminate/Foundation/Application->Illuminate/Foundation/{closure}(Object(Illuminate/Foundation/Support/Providers/RouteServiceProvider), 'Illuminate//Foun...')
#20 E:/laravel_project/passport-api/vendor/laravel/framework/src/Illuminate/Foundation/Application.php(1131): array_walk(Array, Object(Closure))
#21 E:/laravel_project/passport-api/vendor/laravel/framework/src/Illuminate/Foundation/Bootstrap/BootProviders.php(17): Illuminate/Foundation/Application->boot()
#22 E:/laravel_project/passport-api/vendor/laravel/framework/src/Illuminate/Foundation/Application.php(342): Illuminate/Foundation/Bootstrap/BootProviders->bootstrap(Object(Illuminate/Foundation/Application))
#23 E:/laravel_project/passport-api/vendor/laravel/framework/src/Illuminate/Foundation/Console/Kernel.php(494): Illuminate/Foundation/Application->bootstrapWith(Array)
#24 E:/laravel_project/passport-api/vendor/laravel/framework/src/Illuminate/Foundation/Console/Kernel.php(196): Illuminate/Foundation/Console/Kernel->bootstrap()
#25 Command line code(1): Illuminate/Foundation/Console/Kernel->handle(Object(Symfony/Component/Console/Input/ArgvInput), Object(Symfony/Component/Console/Output/ConsoleOutput))
#26 {main}
"} 
[2026-03-26 14:53:07] local.ERROR: syntax error, unexpected end of file {"exception":"[object] (ParseError(code: 0): syntax error, unexpected end of file at E:/laravel_project/passport-api/routes/api.php:18)
[stacktrace]
#0 E:/laravel_project/passport-api/vendor/laravel/framework/src/Illuminate/Routing/Router.php(526): Illuminate/Routing/RouteFileRegistrar->register('E://laravel_proj...')
#1 E:/laravel_project/passport-api/vendor/laravel/framework/src/Illuminate/Routing/Router.php(480): Illuminate/Routing/Router->loadRoutes('E://laravel_proj...')
#2 E:/laravel_project/passport-api/vendor/laravel/framework/src/Illuminate/Routing/RouteRegistrar.php(212): Illuminate/Routing/Router->group(Array, 'E://laravel_proj...')
#3 E:/laravel_project/passport-api/vendor/laravel/framework/src/Illuminate/Foundation/Configuration/ApplicationBuilder.php(214): Illuminate/Routing/RouteRegistrar->group('E://laravel_proj...')
#4 E:/laravel_project/passport-api/vendor/laravel/framework/src/Illuminate/Container/BoundMethod.php(36): Illuminate/Foundation/Configuration/ApplicationBuilder->Illuminate/Foundation/Configuration/{closure}()
#5 E:/laravel_project/passport-api/vendor/laravel/framework/src/Illuminate/Container/Util.php(43): Illuminate/Container/BoundMethod::Illuminate/Container/{closure}()
#6 E:/laravel_project/passport-api/vendor/laravel/framework/src/Illuminate/Container/BoundMethod.php(84): Illuminate/Container/Util::unwrapIfClosure(Object(Closure))
#7 E:/laravel_project/passport-api/vendor/laravel/framework/src/Illuminate/Container/BoundMethod.php(35): Illuminate/Container/BoundMethod::callBoundMethod(Object(Illuminate/Foundation/Application), Object(Closure), Object(Closure))
#8 E:/laravel_project/passport-api/vendor/laravel/framework/src/Illuminate/Container/Container.php(799): Illuminate/Container/BoundMethod::call(Object(Illuminate/Foundation/Application), Object(Closure), Array, NULL)
#9 E:/laravel_project/passport-api/vendor/laravel/framework/src/Illuminate/Foundation/Support/Providers/RouteServiceProvider.php(162): Illuminate/Container/Container->call(Object(Closure))
#10 E:/laravel_project/passport-api/vendor/laravel/framework/src/Illuminate/Foundation/Support/Providers/RouteServiceProvider.php(59): Illuminate/Foundation/Support/Providers/RouteServiceProvider->loadRoutes()
#11 E:/laravel_project/passport-api/vendor/laravel/framework/src/Illuminate/Container/BoundMethod.php(36): Illuminate/Foundation/Support/Providers/RouteServiceProvider->Illuminate/Foundation/Support/Providers/{closure}()
#12 E:/laravel_project/passport-api/vendor/laravel/framework/src/Illuminate/Container/Util.php(43): Illuminate/Container/BoundMethod::Illuminate/Container/{closure}()
#13 E:/laravel_project/passport-api/vendor/laravel/framework/src/Illuminate/Container/BoundMethod.php(84): Illuminate/Container/Util::unwrapIfClosure(Object(Closure))
#14 E:/laravel_project/passport-api/vendor/laravel/framework/src/Illuminate/Container/BoundMethod.php(35): Illuminate/Container/BoundMethod::callBoundMethod(Object(Illuminate/Foundation/Application), Object(Closure), Object(Closure))
#15 E:/laravel_project/passport-api/vendor/laravel/framework/src/Illuminate/Container/Container.php(799): Illuminate/Container/BoundMethod::call(Object(Illuminate/Foundation/Application), Object(Closure), Array, NULL)
#16 E:/laravel_project/passport-api/vendor/laravel/framework/src/Illuminate/Support/ServiceProvider.php(150): Illuminate/Container/Container->call(Object(Closure))
#17 E:/laravel_project/passport-api/vendor/laravel/framework/src/Illuminate/Foundation/Application.php(1154): Illuminate/Support/ServiceProvider->callBootedCallbacks()
#18 E:/laravel_project/passport-api/vendor/laravel/framework/src/Illuminate/Foundation/Application.php(1132): Illuminate/Foundation/Application->bootProvider(Object(Illuminate/Foundation/Support/Providers/RouteServiceProvider))
#19 [internal function]: Illuminate/Foundation/Application->Illuminate/Foundation/{closure}(Object(Illuminate/Foundation/Support/Providers/RouteServiceProvider), 'Illuminate//Foun...')
#20 E:/laravel_project/passport-api/vendor/laravel/framework/src/Illuminate/Foundation/Application.php(1131): array_walk(Array, Object(Closure))
#21 E:/laravel_project/passport-api/vendor/laravel/framework/src/Illuminate/Foundation/Bootstrap/BootProviders.php(17): Illuminate/Foundation/Application->boot()
#22 E:/laravel_project/passport-api/vendor/laravel/framework/src/Illuminate/Foundation/Application.php(342): Illuminate/Foundation/Bootstrap/BootProviders->bootstrap(Object(Illuminate/Foundation/Application))
#23 E:/laravel_project/passport-api/vendor/laravel/framework/src/Illuminate/Foundation/Console/Kernel.php(494): Illuminate/Foundation/Application->bootstrapWith(Array)
#24 E:/laravel_project/passport-api/vendor/laravel/framework/src/Illuminate/Foundation/Console/Kernel.php(196): Illuminate/Foundation/Console/Kernel->bootstrap()
#25 Command line code(1): Illuminate/Foundation/Console/Kernel->handle(Object(Symfony/Component/Console/Input/ArgvInput), Object(Symfony/Component/Console/Output/ConsoleOutput))
#26 {main}
"} 
[2026-03-26 14:53:07] local.ERROR: syntax error, unexpected end of file {"exception":"[object] (ParseError(code: 0): syntax error, unexpected end of file at E:/laravel_project/passport-api/routes/api.php:18)
[stacktrace]
#0 E:/laravel_project/passport-api/vendor/laravel/framework/src/Illuminate/Routing/Router.php(526): Illuminate/Routing/RouteFileRegistrar->register('E://laravel_proj...')
#1 E:/laravel_project/passport-api/vendor/laravel/framework/src/Illuminate/Routing/Router.php(480): Illuminate/Routing/Router->loadRoutes('E://laravel_proj...')
#2 E:/laravel_project/passport-api/vendor/laravel/framework/src/Illuminate/Routing/RouteRegistrar.php(212): Illuminate/Routing/Router->group(Array, 'E://laravel_proj...')
#3 E:/laravel_project/passport-api/vendor/laravel/framework/src/Illuminate/Foundation/Configuration/ApplicationBuilder.php(214): Illuminate/Routing/RouteRegistrar->group('E://laravel_proj...')
#4 E:/laravel_project/passport-api/vendor/laravel/framework/src/Illuminate/Container/BoundMethod.php(36): Illuminate/Foundation/Configuration/ApplicationBuilder->Illuminate/Foundation/Configuration/{closure}()
#5 E:/laravel_project/passport-api/vendor/laravel/framework/src/Illuminate/Container/Util.php(43): Illuminate/Container/BoundMethod::Illuminate/Container/{closure}()
#6 E:/laravel_project/passport-api/vendor/laravel/framework/src/Illuminate/Container/BoundMethod.php(84): Illuminate/Container/Util::unwrapIfClosure(Object(Closure))
#7 E:/laravel_project/passport-api/vendor/laravel/framework/src/Illuminate/Container/BoundMethod.php(35): Illuminate/Container/BoundMethod::callBoundMethod(Object(Illuminate/Foundation/Application), Object(Closure), Object(Closure))
#8 E:/laravel_project/passport-api/vendor/laravel/framework/src/Illuminate/Container/Container.php(799): Illuminate/Container/BoundMethod::call(Object(Illuminate/Foundation/Application), Object(Closure), Array, NULL)
#9 E:/laravel_project/passport-api/vendor/laravel/framework/src/Illuminate/Foundation/Support/Providers/RouteServiceProvider.php(162): Illuminate/Container/Container->call(Object(Closure))
#10 E:/laravel_project/passport-api/vendor/laravel/framework/src/Illuminate/Foundation/Support/Providers/RouteServiceProvider.php(59): Illuminate/Foundation/Support/Providers/RouteServiceProvider->loadRoutes()
#11 E:/laravel_project/passport-api/vendor/laravel/framework/src/Illuminate/Container/BoundMethod.php(36): Illuminate/Foundation/Support/Providers/RouteServiceProvider->Illuminate/Foundation/Support/Providers/{closure}()
#12 E:/laravel_project/passport-api/vendor/laravel/framework/src/Illuminate/Container/Util.php(43): Illuminate/Container/BoundMethod::Illuminate/Container/{closure}()
#13 E:/laravel_project/passport-api/vendor/laravel/framework/src/Illuminate/Container/BoundMethod.php(84): Illuminate/Container/Util::unwrapIfClosure(Object(Closure))
#14 E:/laravel_project/passport-api/vendor/laravel/framework/src/Illuminate/Container/BoundMethod.php(35): Illuminate/Container/BoundMethod::callBoundMethod(Object(Illuminate/Foundation/Application), Object(Closure), Object(Closure))
#15 E:/laravel_project/passport-api/vendor/laravel/framework/src/Illuminate/Container/Container.php(799): Illuminate/Container/BoundMethod::call(Object(Illuminate/Foundation/Application), Object(Closure), Array, NULL)
#16 E:/laravel_project/passport-api/vendor/laravel/framework/src/Illuminate/Support/ServiceProvider.php(150): Illuminate/Container/Container->call(Object(Closure))
#17 E:/laravel_project/passport-api/vendor/laravel/framework/src/Illuminate/Foundation/Application.php(1154): Illuminate/Support/ServiceProvider->callBootedCallbacks()
#18 E:/laravel_project/passport-api/vendor/laravel/framework/src/Illuminate/Foundation/Application.php(1132): Illuminate/Foundation/Application->bootProvider(Object(Illuminate/Foundation/Support/Providers/RouteServiceProvider))
#19 [internal function]: Illuminate/Foundation/Application->Illuminate/Foundation/{closure}(Object(Illuminate/Foundation/Support/Providers/RouteServiceProvider), 'Illuminate//Foun...')
#20 E:/laravel_project/passport-api/vendor/laravel/framework/src/Illuminate/Foundation/Application.php(1131): array_walk(Array, Object(Closure))
#21 E:/laravel_project/passport-api/vendor/laravel/framework/src/Illuminate/Foundation/Bootstrap/BootProviders.php(17): Illuminate/Foundation/Application->boot()
#22 E:/laravel_project/passport-api/vendor/laravel/framework/src/Illuminate/Foundation/Application.php(342): Illuminate/Foundation/Bootstrap/BootProviders->bootstrap(Object(Illuminate/Foundation/Application))
#23 E:/laravel_project/passport-api/vendor/laravel/framework/src/Illuminate/Foundation/Console/Kernel.php(494): Illuminate/Foundation/Application->bootstrapWith(Array)
#24 E:/laravel_project/passport-api/vendor/laravel/framework/src/Illuminate/Foundation/Console/Kernel.php(196): Illuminate/Foundation/Console/Kernel->bootstrap()
#25 Command line code(1): Illuminate/Foundation/Console/Kernel->handle(Object(Symfony/Component/Console/Input/ArgvInput), Object(Symfony/Component/Console/Output/ConsoleOutput))
#26 {main}
"} 
[2026-03-26 14:53:13] local.ERROR: syntax error, unexpected end of file {"exception":"[object] (ParseError(code: 0): syntax error, unexpected end of file at E:/laravel_project/passport-api/routes/api.php:18)
[stacktrace]
#0 E:/laravel_project/passport-api/vendor/laravel/framework/src/Illuminate/Routing/Router.php(526): Illuminate/Routing/RouteFileRegistrar->register('E://laravel_proj...')
#1 E:/laravel_project/passport-api/vendor/laravel/framework/src/Illuminate/Routing/Router.php(480): Illuminate/Routing/Router->loadRoutes('E://laravel_proj...')
#2 E:/laravel_project/passport-api/vendor/laravel/framework/src/Illuminate/Routing/RouteRegistrar.php(212): Illuminate/Routing/Router->group(Array, 'E://laravel_proj...')
#3 E:/laravel_project/passport-api/vendor/laravel/framework/src/Illuminate/Foundation/Configuration/ApplicationBuilder.php(214): Illuminate/Routing/RouteRegistrar->group('E://laravel_proj...')
#4 E:/laravel_project/passport-api/vendor/laravel/framework/src/Illuminate/Container/BoundMethod.php(36): Illuminate/Foundation/Configuration/ApplicationBuilder->Illuminate/Foundation/Configuration/{closure}()
#5 E:/laravel_project/passport-api/vendor/laravel/framework/src/Illuminate/Container/Util.php(43): Illuminate/Container/BoundMethod::Illuminate/Container/{closure}()
#6 E:/laravel_project/passport-api/vendor/laravel/framework/src/Illuminate/Container/BoundMethod.php(84): Illuminate/Container/Util::unwrapIfClosure(Object(Closure))
#7 E:/laravel_project/passport-api/vendor/laravel/framework/src/Illuminate/Container/BoundMethod.php(35): Illuminate/Container/BoundMethod::callBoundMethod(Object(Illuminate/Foundation/Application), Object(Closure), Object(Closure))
#8 E:/laravel_project/passport-api/vendor/laravel/framework/src/Illuminate/Container/Container.php(799): Illuminate/Container/BoundMethod::call(Object(Illuminate/Foundation/Application), Object(Closure), Array, NULL)
#9 E:/laravel_project/passport-api/vendor/laravel/framework/src/Illuminate/Foundation/Support/Providers/RouteServiceProvider.php(162): Illuminate/Container/Container->call(Object(Closure))
#10 E:/laravel_project/passport-api/vendor/laravel/framework/src/Illuminate/Foundation/Support/Providers/RouteServiceProvider.php(59): Illuminate/Foundation/Support/Providers/RouteServiceProvider->loadRoutes()
#11 E:/laravel_project/passport-api/vendor/laravel/framework/src/Illuminate/Container/BoundMethod.php(36): Illuminate/Foundation/Support/Providers/RouteServiceProvider->Illuminate/Foundation/Support/Providers/{closure}()
#12 E:/laravel_project/passport-api/vendor/laravel/framework/src/Illuminate/Container/Util.php(43): Illuminate/Container/BoundMethod::Illuminate/Container/{closure}()
#13 E:/laravel_project/passport-api/vendor/laravel/framework/src/Illuminate/Container/BoundMethod.php(84): Illuminate/Container/Util::unwrapIfClosure(Object(Closure))
#14 E:/laravel_project/passport-api/vendor/laravel/framework/src/Illuminate/Container/BoundMethod.php(35): Illuminate/Container/BoundMethod::callBoundMethod(Object(Illuminate/Foundation/Application), Object(Closure), Object(Closure))
#15 E:/laravel_project/passport-api/vendor/laravel/framework/src/Illuminate/Container/Container.php(799): Illuminate/Container/BoundMethod::call(Object(Illuminate/Foundation/Application), Object(Closure), Array, NULL)
#16 E:/laravel_project/passport-api/vendor/laravel/framework/src/Illuminate/Support/ServiceProvider.php(150): Illuminate/Container/Container->call(Object(Closure))
#17 E:/laravel_project/passport-api/vendor/laravel/framework/src/Illuminate/Foundation/Application.php(1154): Illuminate/Support/ServiceProvider->callBootedCallbacks()
#18 E:/laravel_project/passport-api/vendor/laravel/framework/src/Illuminate/Foundation/Application.php(1132): Illuminate/Foundation/Application->bootProvider(Object(Illuminate/Foundation/Support/Providers/RouteServiceProvider))
#19 [internal function]: Illuminate/Foundation/Application->Illuminate/Foundation/{closure}(Object(Illuminate/Foundation/Support/Providers/RouteServiceProvider), 'Illuminate//Foun...')
#20 E:/laravel_project/passport-api/vendor/laravel/framework/src/Illuminate/Foundation/Application.php(1131): array_walk(Array, Object(Closure))
#21 E:/laravel_project/passport-api/vendor/laravel/framework/src/Illuminate/Foundation/Bootstrap/BootProviders.php(17): Illuminate/Foundation/Application->boot()
#22 E:/laravel_project/passport-api/vendor/laravel/framework/src/Illuminate/Foundation/Application.php(342): Illuminate/Foundation/Bootstrap/BootProviders->bootstrap(Object(Illuminate/Foundation/Application))
#23 E:/laravel_project/passport-api/vendor/laravel/framework/src/Illuminate/Foundation/Console/Kernel.php(494): Illuminate/Foundation/Application->bootstrapWith(Array)
#24 E:/laravel_project/passport-api/vendor/laravel/framework/src/Illuminate/Foundation/Console/Kernel.php(196): Illuminate/Foundation/Console/Kernel->bootstrap()
#25 Command line code(1): Illuminate/Foundation/Console/Kernel->handle(Object(Symfony/Component/Console/Input/ArgvInput), Object(Symfony/Component/Console/Output/ConsoleOutput))
#26 {main}
"} 
[2026-03-26 14:53:24] local.ERROR: syntax error, unexpected end of file {"exception":"[object] (ParseError(code: 0): syntax error, unexpected end of file at E:/laravel_project/passport-api/routes/api.php:18)
[stacktrace]
#0 E:/laravel_project/passport-api/vendor/laravel/framework/src/Illuminate/Routing/Router.php(526): Illuminate/Routing/RouteFileRegistrar->register('E://laravel_proj...')
#1 E:/laravel_project/passport-api/vendor/laravel/framework/src/Illuminate/Routing/Router.php(480): Illuminate/Routing/Router->loadRoutes('E://laravel_proj...')
#2 E:/laravel_project/passport-api/vendor/laravel/framework/src/Illuminate/Routing/RouteRegistrar.php(212): Illuminate/Routing/Router->group(Array, 'E://laravel_proj...')
#3 E:/laravel_project/passport-api/vendor/laravel/framework/src/Illuminate/Foundation/Configuration/ApplicationBuilder.php(214): Illuminate/Routing/RouteRegistrar->group('E://laravel_proj...')
#4 E:/laravel_project/passport-api/vendor/laravel/framework/src/Illuminate/Container/BoundMethod.php(36): Illuminate/Foundation/Configuration/ApplicationBuilder->Illuminate/Foundation/Configuration/{closure}()
#5 E:/laravel_project/passport-api/vendor/laravel/framework/src/Illuminate/Container/Util.php(43): Illuminate/Container/BoundMethod::Illuminate/Container/{closure}()
#6 E:/laravel_project/passport-api/vendor/laravel/framework/src/Illuminate/Container/BoundMethod.php(84): Illuminate/Container/Util::unwrapIfClosure(Object(Closure))
#7 E:/laravel_project/passport-api/vendor/laravel/framework/src/Illuminate/Container/BoundMethod.php(35): Illuminate/Container/BoundMethod::callBoundMethod(Object(Illuminate/Foundation/Application), Object(Closure), Object(Closure))
#8 E:/laravel_project/passport-api/vendor/laravel/framework/src/Illuminate/Container/Container.php(799): Illuminate/Container/BoundMethod::call(Object(Illuminate/Foundation/Application), Object(Closure), Array, NULL)
#9 E:/laravel_project/passport-api/vendor/laravel/framework/src/Illuminate/Foundation/Support/Providers/RouteServiceProvider.php(162): Illuminate/Container/Container->call(Object(Closure))
#10 E:/laravel_project/passport-api/vendor/laravel/framework/src/Illuminate/Foundation/Support/Providers/RouteServiceProvider.php(59): Illuminate/Foundation/Support/Providers/RouteServiceProvider->loadRoutes()
#11 E:/laravel_project/passport-api/vendor/laravel/framework/src/Illuminate/Container/BoundMethod.php(36): Illuminate/Foundation/Support/Providers/RouteServiceProvider->Illuminate/Foundation/Support/Providers/{closure}()
#12 E:/laravel_project/passport-api/vendor/laravel/framework/src/Illuminate/Container/Util.php(43): Illuminate/Container/BoundMethod::Illuminate/Container/{closure}()
#13 E:/laravel_project/passport-api/vendor/laravel/framework/src/Illuminate/Container/BoundMethod.php(84): Illuminate/Container/Util::unwrapIfClosure(Object(Closure))
#14 E:/laravel_project/passport-api/vendor/laravel/framework/src/Illuminate/Container/BoundMethod.php(35): Illuminate/Container/BoundMethod::callBoundMethod(Object(Illuminate/Foundation/Application), Object(Closure), Object(Closure))
#15 E:/laravel_project/passport-api/vendor/laravel/framework/src/Illuminate/Container/Container.php(799): Illuminate/Container/BoundMethod::call(Object(Illuminate/Foundation/Application), Object(Closure), Array, NULL)
#16 E:/laravel_project/passport-api/vendor/laravel/framework/src/Illuminate/Support/ServiceProvider.php(150): Illuminate/Container/Container->call(Object(Closure))
#17 E:/laravel_project/passport-api/vendor/laravel/framework/src/Illuminate/Foundation/Application.php(1154): Illuminate/Support/ServiceProvider->callBootedCallbacks()
#18 E:/laravel_project/passport-api/vendor/laravel/framework/src/Illuminate/Foundation/Application.php(1132): Illuminate/Foundation/Application->bootProvider(Object(Illuminate/Foundation/Support/Providers/RouteServiceProvider))
#19 [internal function]: Illuminate/Foundation/Application->Illuminate/Foundation/{closure}(Object(Illuminate/Foundation/Support/Providers/RouteServiceProvider), 'Illuminate//Foun...')
#20 E:/laravel_project/passport-api/vendor/laravel/framework/src/Illuminate/Foundation/Application.php(1131): array_walk(Array, Object(Closure))
#21 E:/laravel_project/passport-api/vendor/laravel/framework/src/Illuminate/Foundation/Bootstrap/BootProviders.php(17): Illuminate/Foundation/Application->boot()
#22 E:/laravel_project/passport-api/vendor/laravel/framework/src/Illuminate/Foundation/Application.php(342): Illuminate/Foundation/Bootstrap/BootProviders->bootstrap(Object(Illuminate/Foundation/Application))
#23 E:/laravel_project/passport-api/vendor/laravel/framework/src/Illuminate/Foundation/Console/Kernel.php(494): Illuminate/Foundation/Application->bootstrapWith(Array)
#24 E:/laravel_project/passport-api/vendor/laravel/framework/src/Illuminate/Foundation/Console/Kernel.php(196): Illuminate/Foundation/Console/Kernel->bootstrap()
#25 Command line code(1): Illuminate/Foundation/Console/Kernel->handle(Object(Symfony/Component/Console/Input/ArgvInput), Object(Symfony/Component/Console/Output/ConsoleOutput))
#26 {main}
"} 
[2026-03-26 14:55:07] local.ERROR: syntax error, unexpected end of file {"exception":"[object] (ParseError(code: 0): syntax error, unexpected end of file at E:/laravel_project/passport-api/routes/api.php:19)
[stacktrace]
#0 E:/laravel_project/passport-api/vendor/laravel/framework/src/Illuminate/Routing/Router.php(526): Illuminate/Routing/RouteFileRegistrar->register('E://laravel_proj...')
#1 E:/laravel_project/passport-api/vendor/laravel/framework/src/Illuminate/Routing/Router.php(480): Illuminate/Routing/Router->loadRoutes('E://laravel_proj...')
#2 E:/laravel_project/passport-api/vendor/laravel/framework/src/Illuminate/Routing/RouteRegistrar.php(212): Illuminate/Routing/Router->group(Array, 'E://laravel_proj...')
#3 E:/laravel_project/passport-api/vendor/laravel/framework/src/Illuminate/Foundation/Configuration/ApplicationBuilder.php(214): Illuminate/Routing/RouteRegistrar->group('E://laravel_proj...')
#4 E:/laravel_project/passport-api/vendor/laravel/framework/src/Illuminate/Container/BoundMethod.php(36): Illuminate/Foundation/Configuration/ApplicationBuilder->Illuminate/Foundation/Configuration/{closure}()
#5 E:/laravel_project/passport-api/vendor/laravel/framework/src/Illuminate/Container/Util.php(43): Illuminate/Container/BoundMethod::Illuminate/Container/{closure}()
#6 E:/laravel_project/passport-api/vendor/laravel/framework/src/Illuminate/Container/BoundMethod.php(84): Illuminate/Container/Util::unwrapIfClosure(Object(Closure))
#7 E:/laravel_project/passport-api/vendor/laravel/framework/src/Illuminate/Container/BoundMethod.php(35): Illuminate/Container/BoundMethod::callBoundMethod(Object(Illuminate/Foundation/Application), Object(Closure), Object(Closure))
#8 E:/laravel_project/passport-api/vendor/laravel/framework/src/Illuminate/Container/Container.php(799): Illuminate/Container/BoundMethod::call(Object(Illuminate/Foundation/Application), Object(Closure), Array, NULL)
#9 E:/laravel_project/passport-api/vendor/laravel/framework/src/Illuminate/Foundation/Support/Providers/RouteServiceProvider.php(162): Illuminate/Container/Container->call(Object(Closure))
#10 E:/laravel_project/passport-api/vendor/laravel/framework/src/Illuminate/Foundation/Support/Providers/RouteServiceProvider.php(59): Illuminate/Foundation/Support/Providers/RouteServiceProvider->loadRoutes()
#11 E:/laravel_project/passport-api/vendor/laravel/framework/src/Illuminate/Container/BoundMethod.php(36): Illuminate/Foundation/Support/Providers/RouteServiceProvider->Illuminate/Foundation/Support/Providers/{closure}()
#12 E:/laravel_project/passport-api/vendor/laravel/framework/src/Illuminate/Container/Util.php(43): Illuminate/Container/BoundMethod::Illuminate/Container/{closure}()
#13 E:/laravel_project/passport-api/vendor/laravel/framework/src/Illuminate/Container/BoundMethod.php(84): Illuminate/Container/Util::unwrapIfClosure(Object(Closure))
#14 E:/laravel_project/passport-api/vendor/laravel/framework/src/Illuminate/Container/BoundMethod.php(35): Illuminate/Container/BoundMethod::callBoundMethod(Object(Illuminate/Foundation/Application), Object(Closure), Object(Closure))
#15 E:/laravel_project/passport-api/vendor/laravel/framework/src/Illuminate/Container/Container.php(799): Illuminate/Container/BoundMethod::call(Object(Illuminate/Foundation/Application), Object(Closure), Array, NULL)
#16 E:/laravel_project/passport-api/vendor/laravel/framework/src/Illuminate/Support/ServiceProvider.php(150): Illuminate/Container/Container->call(Object(Closure))
#17 E:/laravel_project/passport-api/vendor/laravel/framework/src/Illuminate/Foundation/Application.php(1154): Illuminate/Support/ServiceProvider->callBootedCallbacks()
#18 E:/laravel_project/passport-api/vendor/laravel/framework/src/Illuminate/Foundation/Application.php(1132): Illuminate/Foundation/Application->bootProvider(Object(Illuminate/Foundation/Support/Providers/RouteServiceProvider))
#19 [internal function]: Illuminate/Foundation/Application->Illuminate/Foundation/{closure}(Object(Illuminate/Foundation/Support/Providers/RouteServiceProvider), 'Illuminate//Foun...')
#20 E:/laravel_project/passport-api/vendor/laravel/framework/src/Illuminate/Foundation/Application.php(1131): array_walk(Array, Object(Closure))
#21 E:/laravel_project/passport-api/vendor/laravel/framework/src/Illuminate/Foundation/Bootstrap/BootProviders.php(17): Illuminate/Foundation/Application->boot()
#22 E:/laravel_project/passport-api/vendor/laravel/framework/src/Illuminate/Foundation/Application.php(342): Illuminate/Foundation/Bootstrap/BootProviders->bootstrap(Object(Illuminate/Foundation/Application))
#23 E:/laravel_project/passport-api/vendor/laravel/framework/src/Illuminate/Foundation/Console/Kernel.php(494): Illuminate/Foundation/Application->bootstrapWith(Array)
#24 E:/laravel_project/passport-api/vendor/laravel/framework/src/Illuminate/Foundation/Console/Kernel.php(196): Illuminate/Foundation/Console/Kernel->bootstrap()
#25 Command line code(1): Illuminate/Foundation/Console/Kernel->handle(Object(Symfony/Component/Console/Input/ArgvInput), Object(Symfony/Component/Console/Output/ConsoleOutput))
#26 {main}
"} 
[2026-03-26 14:55:07] local.ERROR: syntax error, unexpected end of file {"exception":"[object] (ParseError(code: 0): syntax error, unexpected end of file at E:/laravel_project/passport-api/routes/api.php:19)
[stacktrace]
#0 E:/laravel_project/passport-api/vendor/laravel/framework/src/Illuminate/Routing/Router.php(526): Illuminate/Routing/RouteFileRegistrar->register('E://laravel_proj...')
#1 E:/laravel_project/passport-api/vendor/laravel/framework/src/Illuminate/Routing/Router.php(480): Illuminate/Routing/Router->loadRoutes('E://laravel_proj...')
#2 E:/laravel_project/passport-api/vendor/laravel/framework/src/Illuminate/Routing/RouteRegistrar.php(212): Illuminate/Routing/Router->group(Array, 'E://laravel_proj...')
#3 E:/laravel_project/passport-api/vendor/laravel/framework/src/Illuminate/Foundation/Configuration/ApplicationBuilder.php(214): Illuminate/Routing/RouteRegistrar->group('E://laravel_proj...')
#4 E:/laravel_project/passport-api/vendor/laravel/framework/src/Illuminate/Container/BoundMethod.php(36): Illuminate/Foundation/Configuration/ApplicationBuilder->Illuminate/Foundation/Configuration/{closure}()
#5 E:/laravel_project/passport-api/vendor/laravel/framework/src/Illuminate/Container/Util.php(43): Illuminate/Container/BoundMethod::Illuminate/Container/{closure}()
#6 E:/laravel_project/passport-api/vendor/laravel/framework/src/Illuminate/Container/BoundMethod.php(84): Illuminate/Container/Util::unwrapIfClosure(Object(Closure))
#7 E:/laravel_project/passport-api/vendor/laravel/framework/src/Illuminate/Container/BoundMethod.php(35): Illuminate/Container/BoundMethod::callBoundMethod(Object(Illuminate/Foundation/Application), Object(Closure), Object(Closure))
#8 E:/laravel_project/passport-api/vendor/laravel/framework/src/Illuminate/Container/Container.php(799): Illuminate/Container/BoundMethod::call(Object(Illuminate/Foundation/Application), Object(Closure), Array, NULL)
#9 E:/laravel_project/passport-api/vendor/laravel/framework/src/Illuminate/Foundation/Support/Providers/RouteServiceProvider.php(162): Illuminate/Container/Container->call(Object(Closure))
#10 E:/laravel_project/passport-api/vendor/laravel/framework/src/Illuminate/Foundation/Support/Providers/RouteServiceProvider.php(59): Illuminate/Foundation/Support/Providers/RouteServiceProvider->loadRoutes()
#11 E:/laravel_project/passport-api/vendor/laravel/framework/src/Illuminate/Container/BoundMethod.php(36): Illuminate/Foundation/Support/Providers/RouteServiceProvider->Illuminate/Foundation/Support/Providers/{closure}()
#12 E:/laravel_project/passport-api/vendor/laravel/framework/src/Illuminate/Container/Util.php(43): Illuminate/Container/BoundMethod::Illuminate/Container/{closure}()
#13 E:/laravel_project/passport-api/vendor/laravel/framework/src/Illuminate/Container/BoundMethod.php(84): Illuminate/Container/Util::unwrapIfClosure(Object(Closure))
#14 E:/laravel_project/passport-api/vendor/laravel/framework/src/Illuminate/Container/BoundMethod.php(35): Illuminate/Container/BoundMethod::callBoundMethod(Object(Illuminate/Foundation/Application), Object(Closure), Object(Closure))
#15 E:/laravel_project/passport-api/vendor/laravel/framework/src/Illuminate/Container/Container.php(799): Illuminate/Container/BoundMethod::call(Object(Illuminate/Foundation/Application), Object(Closure), Array, NULL)
#16 E:/laravel_project/passport-api/vendor/laravel/framework/src/Illuminate/Support/ServiceProvider.php(150): Illuminate/Container/Container->call(Object(Closure))
#17 E:/laravel_project/passport-api/vendor/laravel/framework/src/Illuminate/Foundation/Application.php(1154): Illuminate/Support/ServiceProvider->callBootedCallbacks()
#18 E:/laravel_project/passport-api/vendor/laravel/framework/src/Illuminate/Foundation/Application.php(1132): Illuminate/Foundation/Application->bootProvider(Object(Illuminate/Foundation/Support/Providers/RouteServiceProvider))
#19 [internal function]: Illuminate/Foundation/Application->Illuminate/Foundation/{closure}(Object(Illuminate/Foundation/Support/Providers/RouteServiceProvider), 'Illuminate//Foun...')
#20 E:/laravel_project/passport-api/vendor/laravel/framework/src/Illuminate/Foundation/Application.php(1131): array_walk(Array, Object(Closure))
#21 E:/laravel_project/passport-api/vendor/laravel/framework/src/Illuminate/Foundation/Bootstrap/BootProviders.php(17): Illuminate/Foundation/Application->boot()
#22 E:/laravel_project/passport-api/vendor/laravel/framework/src/Illuminate/Foundation/Application.php(342): Illuminate/Foundation/Bootstrap/BootProviders->bootstrap(Object(Illuminate/Foundation/Application))
#23 E:/laravel_project/passport-api/vendor/laravel/framework/src/Illuminate/Foundation/Console/Kernel.php(494): Illuminate/Foundation/Application->bootstrapWith(Array)
#24 E:/laravel_project/passport-api/vendor/laravel/framework/src/Illuminate/Foundation/Console/Kernel.php(196): Illuminate/Foundation/Console/Kernel->bootstrap()
#25 Command line code(1): Illuminate/Foundation/Console/Kernel->handle(Object(Symfony/Component/Console/Input/ArgvInput), Object(Symfony/Component/Console/Output/ConsoleOutput))
#26 {main}
"} 
[2026-03-26 14:55:07] local.ERROR: syntax error, unexpected end of file {"exception":"[object] (ParseError(code: 0): syntax error, unexpected end of file at E:/laravel_project/passport-api/routes/api.php:19)
[stacktrace]
#0 E:/laravel_project/passport-api/vendor/laravel/framework/src/Illuminate/Routing/Router.php(526): Illuminate/Routing/RouteFileRegistrar->register('E://laravel_proj...')
#1 E:/laravel_project/passport-api/vendor/laravel/framework/src/Illuminate/Routing/Router.php(480): Illuminate/Routing/Router->loadRoutes('E://laravel_proj...')
#2 E:/laravel_project/passport-api/vendor/laravel/framework/src/Illuminate/Routing/RouteRegistrar.php(212): Illuminate/Routing/Router->group(Array, 'E://laravel_proj...')
#3 E:/laravel_project/passport-api/vendor/laravel/framework/src/Illuminate/Foundation/Configuration/ApplicationBuilder.php(214): Illuminate/Routing/RouteRegistrar->group('E://laravel_proj...')
#4 E:/laravel_project/passport-api/vendor/laravel/framework/src/Illuminate/Container/BoundMethod.php(36): Illuminate/Foundation/Configuration/ApplicationBuilder->Illuminate/Foundation/Configuration/{closure}()
#5 E:/laravel_project/passport-api/vendor/laravel/framework/src/Illuminate/Container/Util.php(43): Illuminate/Container/BoundMethod::Illuminate/Container/{closure}()
#6 E:/laravel_project/passport-api/vendor/laravel/framework/src/Illuminate/Container/BoundMethod.php(84): Illuminate/Container/Util::unwrapIfClosure(Object(Closure))
#7 E:/laravel_project/passport-api/vendor/laravel/framework/src/Illuminate/Container/BoundMethod.php(35): Illuminate/Container/BoundMethod::callBoundMethod(Object(Illuminate/Foundation/Application), Object(Closure), Object(Closure))
#8 E:/laravel_project/passport-api/vendor/laravel/framework/src/Illuminate/Container/Container.php(799): Illuminate/Container/BoundMethod::call(Object(Illuminate/Foundation/Application), Object(Closure), Array, NULL)
#9 E:/laravel_project/passport-api/vendor/laravel/framework/src/Illuminate/Foundation/Support/Providers/RouteServiceProvider.php(162): Illuminate/Container/Container->call(Object(Closure))
#10 E:/laravel_project/passport-api/vendor/laravel/framework/src/Illuminate/Foundation/Support/Providers/RouteServiceProvider.php(59): Illuminate/Foundation/Support/Providers/RouteServiceProvider->loadRoutes()
#11 E:/laravel_project/passport-api/vendor/laravel/framework/src/Illuminate/Container/BoundMethod.php(36): Illuminate/Foundation/Support/Providers/RouteServiceProvider->Illuminate/Foundation/Support/Providers/{closure}()
#12 E:/laravel_project/passport-api/vendor/laravel/framework/src/Illuminate/Container/Util.php(43): Illuminate/Container/BoundMethod::Illuminate/Container/{closure}()
#13 E:/laravel_project/passport-api/vendor/laravel/framework/src/Illuminate/Container/BoundMethod.php(84): Illuminate/Container/Util::unwrapIfClosure(Object(Closure))
#14 E:/laravel_project/passport-api/vendor/laravel/framework/src/Illuminate/Container/BoundMethod.php(35): Illuminate/Container/BoundMethod::callBoundMethod(Object(Illuminate/Foundation/Application), Object(Closure), Object(Closure))
#15 E:/laravel_project/passport-api/vendor/laravel/framework/src/Illuminate/Container/Container.php(799): Illuminate/Container/BoundMethod::call(Object(Illuminate/Foundation/Application), Object(Closure), Array, NULL)
#16 E:/laravel_project/passport-api/vendor/laravel/framework/src/Illuminate/Support/ServiceProvider.php(150): Illuminate/Container/Container->call(Object(Closure))
#17 E:/laravel_project/passport-api/vendor/laravel/framework/src/Illuminate/Foundation/Application.php(1154): Illuminate/Support/ServiceProvider->callBootedCallbacks()
#18 E:/laravel_project/passport-api/vendor/laravel/framework/src/Illuminate/Foundation/Application.php(1132): Illuminate/Foundation/Application->bootProvider(Object(Illuminate/Foundation/Support/Providers/RouteServiceProvider))
#19 [internal function]: Illuminate/Foundation/Application->Illuminate/Foundation/{closure}(Object(Illuminate/Foundation/Support/Providers/RouteServiceProvider), 'Illuminate//Foun...')
#20 E:/laravel_project/passport-api/vendor/laravel/framework/src/Illuminate/Foundation/Application.php(1131): array_walk(Array, Object(Closure))
#21 E:/laravel_project/passport-api/vendor/laravel/framework/src/Illuminate/Foundation/Bootstrap/BootProviders.php(17): Illuminate/Foundation/Application->boot()
#22 E:/laravel_project/passport-api/vendor/laravel/framework/src/Illuminate/Foundation/Application.php(342): Illuminate/Foundation/Bootstrap/BootProviders->bootstrap(Object(Illuminate/Foundation/Application))
#23 E:/laravel_project/passport-api/vendor/laravel/framework/src/Illuminate/Foundation/Console/Kernel.php(494): Illuminate/Foundation/Application->bootstrapWith(Array)
#24 E:/laravel_project/passport-api/vendor/laravel/framework/src/Illuminate/Foundation/Console/Kernel.php(196): Illuminate/Foundation/Console/Kernel->bootstrap()
#25 Command line code(1): Illuminate/Foundation/Console/Kernel->handle(Object(Symfony/Component/Console/Input/ArgvInput), Object(Symfony/Component/Console/Output/ConsoleOutput))
#26 {main}
"} 
[2026-03-26 14:55:19] local.ERROR: syntax error, unexpected end of file {"exception":"[object] (ParseError(code: 0): syntax error, unexpected end of file at E:/laravel_project/passport-api/routes/api.php:21)
[stacktrace]
#0 E:/laravel_project/passport-api/vendor/laravel/framework/src/Illuminate/Routing/Router.php(526): Illuminate/Routing/RouteFileRegistrar->register('E://laravel_proj...')
#1 E:/laravel_project/passport-api/vendor/laravel/framework/src/Illuminate/Routing/Router.php(480): Illuminate/Routing/Router->loadRoutes('E://laravel_proj...')
#2 E:/laravel_project/passport-api/vendor/laravel/framework/src/Illuminate/Routing/RouteRegistrar.php(212): Illuminate/Routing/Router->group(Array, 'E://laravel_proj...')
#3 E:/laravel_project/passport-api/vendor/laravel/framework/src/Illuminate/Foundation/Configuration/ApplicationBuilder.php(214): Illuminate/Routing/RouteRegistrar->group('E://laravel_proj...')
#4 E:/laravel_project/passport-api/vendor/laravel/framework/src/Illuminate/Container/BoundMethod.php(36): Illuminate/Foundation/Configuration/ApplicationBuilder->Illuminate/Foundation/Configuration/{closure}()
#5 E:/laravel_project/passport-api/vendor/laravel/framework/src/Illuminate/Container/Util.php(43): Illuminate/Container/BoundMethod::Illuminate/Container/{closure}()
#6 E:/laravel_project/passport-api/vendor/laravel/framework/src/Illuminate/Container/BoundMethod.php(84): Illuminate/Container/Util::unwrapIfClosure(Object(Closure))
#7 E:/laravel_project/passport-api/vendor/laravel/framework/src/Illuminate/Container/BoundMethod.php(35): Illuminate/Container/BoundMethod::callBoundMethod(Object(Illuminate/Foundation/Application), Object(Closure), Object(Closure))
#8 E:/laravel_project/passport-api/vendor/laravel/framework/src/Illuminate/Container/Container.php(799): Illuminate/Container/BoundMethod::call(Object(Illuminate/Foundation/Application), Object(Closure), Array, NULL)
#9 E:/laravel_project/passport-api/vendor/laravel/framework/src/Illuminate/Foundation/Support/Providers/RouteServiceProvider.php(162): Illuminate/Container/Container->call(Object(Closure))
#10 E:/laravel_project/passport-api/vendor/laravel/framework/src/Illuminate/Foundation/Support/Providers/RouteServiceProvider.php(59): Illuminate/Foundation/Support/Providers/RouteServiceProvider->loadRoutes()
#11 E:/laravel_project/passport-api/vendor/laravel/framework/src/Illuminate/Container/BoundMethod.php(36): Illuminate/Foundation/Support/Providers/RouteServiceProvider->Illuminate/Foundation/Support/Providers/{closure}()
#12 E:/laravel_project/passport-api/vendor/laravel/framework/src/Illuminate/Container/Util.php(43): Illuminate/Container/BoundMethod::Illuminate/Container/{closure}()
#13 E:/laravel_project/passport-api/vendor/laravel/framework/src/Illuminate/Container/BoundMethod.php(84): Illuminate/Container/Util::unwrapIfClosure(Object(Closure))
#14 E:/laravel_project/passport-api/vendor/laravel/framework/src/Illuminate/Container/BoundMethod.php(35): Illuminate/Container/BoundMethod::callBoundMethod(Object(Illuminate/Foundation/Application), Object(Closure), Object(Closure))
#15 E:/laravel_project/passport-api/vendor/laravel/framework/src/Illuminate/Container/Container.php(799): Illuminate/Container/BoundMethod::call(Object(Illuminate/Foundation/Application), Object(Closure), Array, NULL)
#16 E:/laravel_project/passport-api/vendor/laravel/framework/src/Illuminate/Support/ServiceProvider.php(150): Illuminate/Container/Container->call(Object(Closure))
#17 E:/laravel_project/passport-api/vendor/laravel/framework/src/Illuminate/Foundation/Application.php(1154): Illuminate/Support/ServiceProvider->callBootedCallbacks()
#18 E:/laravel_project/passport-api/vendor/laravel/framework/src/Illuminate/Foundation/Application.php(1132): Illuminate/Foundation/Application->bootProvider(Object(Illuminate/Foundation/Support/Providers/RouteServiceProvider))
#19 [internal function]: Illuminate/Foundation/Application->Illuminate/Foundation/{closure}(Object(Illuminate/Foundation/Support/Providers/RouteServiceProvider), 'Illuminate//Foun...')
#20 E:/laravel_project/passport-api/vendor/laravel/framework/src/Illuminate/Foundation/Application.php(1131): array_walk(Array, Object(Closure))
#21 E:/laravel_project/passport-api/vendor/laravel/framework/src/Illuminate/Foundation/Bootstrap/BootProviders.php(17): Illuminate/Foundation/Application->boot()
#22 E:/laravel_project/passport-api/vendor/laravel/framework/src/Illuminate/Foundation/Application.php(342): Illuminate/Foundation/Bootstrap/BootProviders->bootstrap(Object(Illuminate/Foundation/Application))
#23 E:/laravel_project/passport-api/vendor/laravel/framework/src/Illuminate/Foundation/Console/Kernel.php(494): Illuminate/Foundation/Application->bootstrapWith(Array)
#24 E:/laravel_project/passport-api/vendor/laravel/framework/src/Illuminate/Foundation/Console/Kernel.php(196): Illuminate/Foundation/Console/Kernel->bootstrap()
#25 Command line code(1): Illuminate/Foundation/Console/Kernel->handle(Object(Symfony/Component/Console/Input/ArgvInput), Object(Symfony/Component/Console/Output/ConsoleOutput))
#26 {main}
"} 
[2026-03-26 14:55:36] local.ERROR: syntax error, unexpected end of file {"exception":"[object] (ParseError(code: 0): syntax error, unexpected end of file at E:/laravel_project/passport-api/routes/api.php:21)
[stacktrace]
#0 E:/laravel_project/passport-api/vendor/laravel/framework/src/Illuminate/Routing/Router.php(526): Illuminate/Routing/RouteFileRegistrar->register('E://laravel_proj...')
#1 E:/laravel_project/passport-api/vendor/laravel/framework/src/Illuminate/Routing/Router.php(480): Illuminate/Routing/Router->loadRoutes('E://laravel_proj...')
#2 E:/laravel_project/passport-api/vendor/laravel/framework/src/Illuminate/Routing/RouteRegistrar.php(212): Illuminate/Routing/Router->group(Array, 'E://laravel_proj...')
#3 E:/laravel_project/passport-api/vendor/laravel/framework/src/Illuminate/Foundation/Configuration/ApplicationBuilder.php(214): Illuminate/Routing/RouteRegistrar->group('E://laravel_proj...')
#4 E:/laravel_project/passport-api/vendor/laravel/framework/src/Illuminate/Container/BoundMethod.php(36): Illuminate/Foundation/Configuration/ApplicationBuilder->Illuminate/Foundation/Configuration/{closure}()
#5 E:/laravel_project/passport-api/vendor/laravel/framework/src/Illuminate/Container/Util.php(43): Illuminate/Container/BoundMethod::Illuminate/Container/{closure}()
#6 E:/laravel_project/passport-api/vendor/laravel/framework/src/Illuminate/Container/BoundMethod.php(84): Illuminate/Container/Util::unwrapIfClosure(Object(Closure))
#7 E:/laravel_project/passport-api/vendor/laravel/framework/src/Illuminate/Container/BoundMethod.php(35): Illuminate/Container/BoundMethod::callBoundMethod(Object(Illuminate/Foundation/Application), Object(Closure), Object(Closure))
#8 E:/laravel_project/passport-api/vendor/laravel/framework/src/Illuminate/Container/Container.php(799): Illuminate/Container/BoundMethod::call(Object(Illuminate/Foundation/Application), Object(Closure), Array, NULL)
#9 E:/laravel_project/passport-api/vendor/laravel/framework/src/Illuminate/Foundation/Support/Providers/RouteServiceProvider.php(162): Illuminate/Container/Container->call(Object(Closure))
#10 E:/laravel_project/passport-api/vendor/laravel/framework/src/Illuminate/Foundation/Support/Providers/RouteServiceProvider.php(59): Illuminate/Foundation/Support/Providers/RouteServiceProvider->loadRoutes()
#11 E:/laravel_project/passport-api/vendor/laravel/framework/src/Illuminate/Container/BoundMethod.php(36): Illuminate/Foundation/Support/Providers/RouteServiceProvider->Illuminate/Foundation/Support/Providers/{closure}()
#12 E:/laravel_project/passport-api/vendor/laravel/framework/src/Illuminate/Container/Util.php(43): Illuminate/Container/BoundMethod::Illuminate/Container/{closure}()
#13 E:/laravel_project/passport-api/vendor/laravel/framework/src/Illuminate/Container/BoundMethod.php(84): Illuminate/Container/Util::unwrapIfClosure(Object(Closure))
#14 E:/laravel_project/passport-api/vendor/laravel/framework/src/Illuminate/Container/BoundMethod.php(35): Illuminate/Container/BoundMethod::callBoundMethod(Object(Illuminate/Foundation/Application), Object(Closure), Object(Closure))
#15 E:/laravel_project/passport-api/vendor/laravel/framework/src/Illuminate/Container/Container.php(799): Illuminate/Container/BoundMethod::call(Object(Illuminate/Foundation/Application), Object(Closure), Array, NULL)
#16 E:/laravel_project/passport-api/vendor/laravel/framework/src/Illuminate/Support/ServiceProvider.php(150): Illuminate/Container/Container->call(Object(Closure))
#17 E:/laravel_project/passport-api/vendor/laravel/framework/src/Illuminate/Foundation/Application.php(1154): Illuminate/Support/ServiceProvider->callBootedCallbacks()
#18 E:/laravel_project/passport-api/vendor/laravel/framework/src/Illuminate/Foundation/Application.php(1132): Illuminate/Foundation/Application->bootProvider(Object(Illuminate/Foundation/Support/Providers/RouteServiceProvider))
#19 [internal function]: Illuminate/Foundation/Application->Illuminate/Foundation/{closure}(Object(Illuminate/Foundation/Support/Providers/RouteServiceProvider), 'Illuminate//Foun...')
#20 E:/laravel_project/passport-api/vendor/laravel/framework/src/Illuminate/Foundation/Application.php(1131): array_walk(Array, Object(Closure))
#21 E:/laravel_project/passport-api/vendor/laravel/framework/src/Illuminate/Foundation/Bootstrap/BootProviders.php(17): Illuminate/Foundation/Application->boot()
#22 E:/laravel_project/passport-api/vendor/laravel/framework/src/Illuminate/Foundation/Application.php(342): Illuminate/Foundation/Bootstrap/BootProviders->bootstrap(Object(Illuminate/Foundation/Application))
#23 E:/laravel_project/passport-api/vendor/laravel/framework/src/Illuminate/Foundation/Console/Kernel.php(494): Illuminate/Foundation/Application->bootstrapWith(Array)
#24 E:/laravel_project/passport-api/vendor/laravel/framework/src/Illuminate/Foundation/Console/Kernel.php(196): Illuminate/Foundation/Console/Kernel->bootstrap()
#25 Command line code(1): Illuminate/Foundation/Console/Kernel->handle(Object(Symfony/Component/Console/Input/ArgvInput), Object(Symfony/Component/Console/Output/ConsoleOutput))
#26 {main}
"} 
[2026-03-26 14:56:07] local.ERROR: syntax error, unexpected end of file {"exception":"[object] (ParseError(code: 0): syntax error, unexpected end of file at E:/laravel_project/passport-api/routes/api.php:21)
[stacktrace]
#0 E:/laravel_project/passport-api/vendor/laravel/framework/src/Illuminate/Routing/Router.php(526): Illuminate/Routing/RouteFileRegistrar->register('E://laravel_proj...')
#1 E:/laravel_project/passport-api/vendor/laravel/framework/src/Illuminate/Routing/Router.php(480): Illuminate/Routing/Router->loadRoutes('E://laravel_proj...')
#2 E:/laravel_project/passport-api/vendor/laravel/framework/src/Illuminate/Routing/RouteRegistrar.php(212): Illuminate/Routing/Router->group(Array, 'E://laravel_proj...')
#3 E:/laravel_project/passport-api/vendor/laravel/framework/src/Illuminate/Foundation/Configuration/ApplicationBuilder.php(214): Illuminate/Routing/RouteRegistrar->group('E://laravel_proj...')
#4 E:/laravel_project/passport-api/vendor/laravel/framework/src/Illuminate/Container/BoundMethod.php(36): Illuminate/Foundation/Configuration/ApplicationBuilder->Illuminate/Foundation/Configuration/{closure}()
#5 E:/laravel_project/passport-api/vendor/laravel/framework/src/Illuminate/Container/Util.php(43): Illuminate/Container/BoundMethod::Illuminate/Container/{closure}()
#6 E:/laravel_project/passport-api/vendor/laravel/framework/src/Illuminate/Container/BoundMethod.php(84): Illuminate/Container/Util::unwrapIfClosure(Object(Closure))
#7 E:/laravel_project/passport-api/vendor/laravel/framework/src/Illuminate/Container/BoundMethod.php(35): Illuminate/Container/BoundMethod::callBoundMethod(Object(Illuminate/Foundation/Application), Object(Closure), Object(Closure))
#8 E:/laravel_project/passport-api/vendor/laravel/framework/src/Illuminate/Container/Container.php(799): Illuminate/Container/BoundMethod::call(Object(Illuminate/Foundation/Application), Object(Closure), Array, NULL)
#9 E:/laravel_project/passport-api/vendor/laravel/framework/src/Illuminate/Foundation/Support/Providers/RouteServiceProvider.php(162): Illuminate/Container/Container->call(Object(Closure))
#10 E:/laravel_project/passport-api/vendor/laravel/framework/src/Illuminate/Foundation/Support/Providers/RouteServiceProvider.php(59): Illuminate/Foundation/Support/Providers/RouteServiceProvider->loadRoutes()
#11 E:/laravel_project/passport-api/vendor/laravel/framework/src/Illuminate/Container/BoundMethod.php(36): Illuminate/Foundation/Support/Providers/RouteServiceProvider->Illuminate/Foundation/Support/Providers/{closure}()
#12 E:/laravel_project/passport-api/vendor/laravel/framework/src/Illuminate/Container/Util.php(43): Illuminate/Container/BoundMethod::Illuminate/Container/{closure}()
#13 E:/laravel_project/passport-api/vendor/laravel/framework/src/Illuminate/Container/BoundMethod.php(84): Illuminate/Container/Util::unwrapIfClosure(Object(Closure))
#14 E:/laravel_project/passport-api/vendor/laravel/framework/src/Illuminate/Container/BoundMethod.php(35): Illuminate/Container/BoundMethod::callBoundMethod(Object(Illuminate/Foundation/Application), Object(Closure), Object(Closure))
#15 E:/laravel_project/passport-api/vendor/laravel/framework/src/Illuminate/Container/Container.php(799): Illuminate/Container/BoundMethod::call(Object(Illuminate/Foundation/Application), Object(Closure), Array, NULL)
#16 E:/laravel_project/passport-api/vendor/laravel/framework/src/Illuminate/Support/ServiceProvider.php(150): Illuminate/Container/Container->call(Object(Closure))
#17 E:/laravel_project/passport-api/vendor/laravel/framework/src/Illuminate/Foundation/Application.php(1154): Illuminate/Support/ServiceProvider->callBootedCallbacks()
#18 E:/laravel_project/passport-api/vendor/laravel/framework/src/Illuminate/Foundation/Application.php(1132): Illuminate/Foundation/Application->bootProvider(Object(Illuminate/Foundation/Support/Providers/RouteServiceProvider))
#19 [internal function]: Illuminate/Foundation/Application->Illuminate/Foundation/{closure}(Object(Illuminate/Foundation/Support/Providers/RouteServiceProvider), 'Illuminate//Foun...')
#20 E:/laravel_project/passport-api/vendor/laravel/framework/src/Illuminate/Foundation/Application.php(1131): array_walk(Array, Object(Closure))
#21 E:/laravel_project/passport-api/vendor/laravel/framework/src/Illuminate/Foundation/Bootstrap/BootProviders.php(17): Illuminate/Foundation/Application->boot()
#22 E:/laravel_project/passport-api/vendor/laravel/framework/src/Illuminate/Foundation/Application.php(342): Illuminate/Foundation/Bootstrap/BootProviders->bootstrap(Object(Illuminate/Foundation/Application))
#23 E:/laravel_project/passport-api/vendor/laravel/framework/src/Illuminate/Foundation/Console/Kernel.php(494): Illuminate/Foundation/Application->bootstrapWith(Array)
#24 E:/laravel_project/passport-api/vendor/laravel/framework/src/Illuminate/Foundation/Console/Kernel.php(196): Illuminate/Foundation/Console/Kernel->bootstrap()
#25 Command line code(1): Illuminate/Foundation/Console/Kernel->handle(Object(Symfony/Component/Console/Input/ArgvInput), Object(Symfony/Component/Console/Output/ConsoleOutput))
#26 {main}
"} 
[2026-03-26 14:56:07] local.ERROR: syntax error, unexpected end of file {"exception":"[object] (ParseError(code: 0): syntax error, unexpected end of file at E:/laravel_project/passport-api/routes/api.php:21)
[stacktrace]
#0 E:/laravel_project/passport-api/vendor/laravel/framework/src/Illuminate/Routing/Router.php(526): Illuminate/Routing/RouteFileRegistrar->register('E://laravel_proj...')
#1 E:/laravel_project/passport-api/vendor/laravel/framework/src/Illuminate/Routing/Router.php(480): Illuminate/Routing/Router->loadRoutes('E://laravel_proj...')
#2 E:/laravel_project/passport-api/vendor/laravel/framework/src/Illuminate/Routing/RouteRegistrar.php(212): Illuminate/Routing/Router->group(Array, 'E://laravel_proj...')
#3 E:/laravel_project/passport-api/vendor/laravel/framework/src/Illuminate/Foundation/Configuration/ApplicationBuilder.php(214): Illuminate/Routing/RouteRegistrar->group('E://laravel_proj...')
#4 E:/laravel_project/passport-api/vendor/laravel/framework/src/Illuminate/Container/BoundMethod.php(36): Illuminate/Foundation/Configuration/ApplicationBuilder->Illuminate/Foundation/Configuration/{closure}()
#5 E:/laravel_project/passport-api/vendor/laravel/framework/src/Illuminate/Container/Util.php(43): Illuminate/Container/BoundMethod::Illuminate/Container/{closure}()
#6 E:/laravel_project/passport-api/vendor/laravel/framework/src/Illuminate/Container/BoundMethod.php(84): Illuminate/Container/Util::unwrapIfClosure(Object(Closure))
#7 E:/laravel_project/passport-api/vendor/laravel/framework/src/Illuminate/Container/BoundMethod.php(35): Illuminate/Container/BoundMethod::callBoundMethod(Object(Illuminate/Foundation/Application), Object(Closure), Object(Closure))
#8 E:/laravel_project/passport-api/vendor/laravel/framework/src/Illuminate/Container/Container.php(799): Illuminate/Container/BoundMethod::call(Object(Illuminate/Foundation/Application), Object(Closure), Array, NULL)
#9 E:/laravel_project/passport-api/vendor/laravel/framework/src/Illuminate/Foundation/Support/Providers/RouteServiceProvider.php(162): Illuminate/Container/Container->call(Object(Closure))
#10 E:/laravel_project/passport-api/vendor/laravel/framework/src/Illuminate/Foundation/Support/Providers/RouteServiceProvider.php(59): Illuminate/Foundation/Support/Providers/RouteServiceProvider->loadRoutes()
#11 E:/laravel_project/passport-api/vendor/laravel/framework/src/Illuminate/Container/BoundMethod.php(36): Illuminate/Foundation/Support/Providers/RouteServiceProvider->Illuminate/Foundation/Support/Providers/{closure}()
#12 E:/laravel_project/passport-api/vendor/laravel/framework/src/Illuminate/Container/Util.php(43): Illuminate/Container/BoundMethod::Illuminate/Container/{closure}()
#13 E:/laravel_project/passport-api/vendor/laravel/framework/src/Illuminate/Container/BoundMethod.php(84): Illuminate/Container/Util::unwrapIfClosure(Object(Closure))
#14 E:/laravel_project/passport-api/vendor/laravel/framework/src/Illuminate/Container/BoundMethod.php(35): Illuminate/Container/BoundMethod::callBoundMethod(Object(Illuminate/Foundation/Application), Object(Closure), Object(Closure))
#15 E:/laravel_project/passport-api/vendor/laravel/framework/src/Illuminate/Container/Container.php(799): Illuminate/Container/BoundMethod::call(Object(Illuminate/Foundation/Application), Object(Closure), Array, NULL)
#16 E:/laravel_project/passport-api/vendor/laravel/framework/src/Illuminate/Support/ServiceProvider.php(150): Illuminate/Container/Container->call(Object(Closure))
#17 E:/laravel_project/passport-api/vendor/laravel/framework/src/Illuminate/Foundation/Application.php(1154): Illuminate/Support/ServiceProvider->callBootedCallbacks()
#18 E:/laravel_project/passport-api/vendor/laravel/framework/src/Illuminate/Foundation/Application.php(1132): Illuminate/Foundation/Application->bootProvider(Object(Illuminate/Foundation/Support/Providers/RouteServiceProvider))
#19 [internal function]: Illuminate/Foundation/Application->Illuminate/Foundation/{closure}(Object(Illuminate/Foundation/Support/Providers/RouteServiceProvider), 'Illuminate//Foun...')
#20 E:/laravel_project/passport-api/vendor/laravel/framework/src/Illuminate/Foundation/Application.php(1131): array_walk(Array, Object(Closure))
#21 E:/laravel_project/passport-api/vendor/laravel/framework/src/Illuminate/Foundation/Bootstrap/BootProviders.php(17): Illuminate/Foundation/Application->boot()
#22 E:/laravel_project/passport-api/vendor/laravel/framework/src/Illuminate/Foundation/Application.php(342): Illuminate/Foundation/Bootstrap/BootProviders->bootstrap(Object(Illuminate/Foundation/Application))
#23 E:/laravel_project/passport-api/vendor/laravel/framework/src/Illuminate/Foundation/Console/Kernel.php(494): Illuminate/Foundation/Application->bootstrapWith(Array)
#24 E:/laravel_project/passport-api/vendor/laravel/framework/src/Illuminate/Foundation/Console/Kernel.php(196): Illuminate/Foundation/Console/Kernel->bootstrap()
#25 Command line code(1): Illuminate/Foundation/Console/Kernel->handle(Object(Symfony/Component/Console/Input/ArgvInput), Object(Symfony/Component/Console/Output/ConsoleOutput))
#26 {main}
"} 
[2026-03-26 14:56:23] local.ERROR: syntax error, unexpected token ")", expecting "{" {"exception":"[object] (ParseError(code: 0): syntax error, unexpected token \")\", expecting \"{\" at E:/laravel_project/passport-api/routes/api.php:14)
[stacktrace]
#0 E:/laravel_project/passport-api/vendor/laravel/framework/src/Illuminate/Routing/Router.php(526): Illuminate/Routing/RouteFileRegistrar->register('E://laravel_proj...')
#1 E:/laravel_project/passport-api/vendor/laravel/framework/src/Illuminate/Routing/Router.php(480): Illuminate/Routing/Router->loadRoutes('E://laravel_proj...')
#2 E:/laravel_project/passport-api/vendor/laravel/framework/src/Illuminate/Routing/RouteRegistrar.php(212): Illuminate/Routing/Router->group(Array, 'E://laravel_proj...')
#3 E:/laravel_project/passport-api/vendor/laravel/framework/src/Illuminate/Foundation/Configuration/ApplicationBuilder.php(214): Illuminate/Routing/RouteRegistrar->group('E://laravel_proj...')
#4 E:/laravel_project/passport-api/vendor/laravel/framework/src/Illuminate/Container/BoundMethod.php(36): Illuminate/Foundation/Configuration/ApplicationBuilder->Illuminate/Foundation/Configuration/{closure}()
#5 E:/laravel_project/passport-api/vendor/laravel/framework/src/Illuminate/Container/Util.php(43): Illuminate/Container/BoundMethod::Illuminate/Container/{closure}()
#6 E:/laravel_project/passport-api/vendor/laravel/framework/src/Illuminate/Container/BoundMethod.php(84): Illuminate/Container/Util::unwrapIfClosure(Object(Closure))
#7 E:/laravel_project/passport-api/vendor/laravel/framework/src/Illuminate/Container/BoundMethod.php(35): Illuminate/Container/BoundMethod::callBoundMethod(Object(Illuminate/Foundation/Application), Object(Closure), Object(Closure))
#8 E:/laravel_project/passport-api/vendor/laravel/framework/src/Illuminate/Container/Container.php(799): Illuminate/Container/BoundMethod::call(Object(Illuminate/Foundation/Application), Object(Closure), Array, NULL)
#9 E:/laravel_project/passport-api/vendor/laravel/framework/src/Illuminate/Foundation/Support/Providers/RouteServiceProvider.php(162): Illuminate/Container/Container->call(Object(Closure))
#10 E:/laravel_project/passport-api/vendor/laravel/framework/src/Illuminate/Foundation/Support/Providers/RouteServiceProvider.php(59): Illuminate/Foundation/Support/Providers/RouteServiceProvider->loadRoutes()
#11 E:/laravel_project/passport-api/vendor/laravel/framework/src/Illuminate/Container/BoundMethod.php(36): Illuminate/Foundation/Support/Providers/RouteServiceProvider->Illuminate/Foundation/Support/Providers/{closure}()
#12 E:/laravel_project/passport-api/vendor/laravel/framework/src/Illuminate/Container/Util.php(43): Illuminate/Container/BoundMethod::Illuminate/Container/{closure}()
#13 E:/laravel_project/passport-api/vendor/laravel/framework/src/Illuminate/Container/BoundMethod.php(84): Illuminate/Container/Util::unwrapIfClosure(Object(Closure))
#14 E:/laravel_project/passport-api/vendor/laravel/framework/src/Illuminate/Container/BoundMethod.php(35): Illuminate/Container/BoundMethod::callBoundMethod(Object(Illuminate/Foundation/Application), Object(Closure), Object(Closure))
#15 E:/laravel_project/passport-api/vendor/laravel/framework/src/Illuminate/Container/Container.php(799): Illuminate/Container/BoundMethod::call(Object(Illuminate/Foundation/Application), Object(Closure), Array, NULL)
#16 E:/laravel_project/passport-api/vendor/laravel/framework/src/Illuminate/Support/ServiceProvider.php(150): Illuminate/Container/Container->call(Object(Closure))
#17 E:/laravel_project/passport-api/vendor/laravel/framework/src/Illuminate/Foundation/Application.php(1154): Illuminate/Support/ServiceProvider->callBootedCallbacks()
#18 E:/laravel_project/passport-api/vendor/laravel/framework/src/Illuminate/Foundation/Application.php(1132): Illuminate/Foundation/Application->bootProvider(Object(Illuminate/Foundation/Support/Providers/RouteServiceProvider))
#19 [internal function]: Illuminate/Foundation/Application->Illuminate/Foundation/{closure}(Object(Illuminate/Foundation/Support/Providers/RouteServiceProvider), 'Illuminate//Foun...')
#20 E:/laravel_project/passport-api/vendor/laravel/framework/src/Illuminate/Foundation/Application.php(1131): array_walk(Array, Object(Closure))
#21 E:/laravel_project/passport-api/vendor/laravel/framework/src/Illuminate/Foundation/Bootstrap/BootProviders.php(17): Illuminate/Foundation/Application->boot()
#22 E:/laravel_project/passport-api/vendor/laravel/framework/src/Illuminate/Foundation/Application.php(342): Illuminate/Foundation/Bootstrap/BootProviders->bootstrap(Object(Illuminate/Foundation/Application))
#23 E:/laravel_project/passport-api/vendor/laravel/framework/src/Illuminate/Foundation/Console/Kernel.php(494): Illuminate/Foundation/Application->bootstrapWith(Array)
#24 E:/laravel_project/passport-api/vendor/laravel/framework/src/Illuminate/Foundation/Console/Kernel.php(196): Illuminate/Foundation/Console/Kernel->bootstrap()
#25 Command line code(1): Illuminate/Foundation/Console/Kernel->handle(Object(Symfony/Component/Console/Input/ArgvInput), Object(Symfony/Component/Console/Output/ConsoleOutput))
#26 {main}
"} 
[2026-03-26 14:56:44] local.ERROR: syntax error, unexpected end of file {"exception":"[object] (ParseError(code: 0): syntax error, unexpected end of file at E:/laravel_project/passport-api/routes/api.php:23)
[stacktrace]
#0 E:/laravel_project/passport-api/vendor/laravel/framework/src/Illuminate/Routing/Router.php(526): Illuminate/Routing/RouteFileRegistrar->register('E://laravel_proj...')
#1 E:/laravel_project/passport-api/vendor/laravel/framework/src/Illuminate/Routing/Router.php(480): Illuminate/Routing/Router->loadRoutes('E://laravel_proj...')
#2 E:/laravel_project/passport-api/vendor/laravel/framework/src/Illuminate/Routing/RouteRegistrar.php(212): Illuminate/Routing/Router->group(Array, 'E://laravel_proj...')
#3 E:/laravel_project/passport-api/vendor/laravel/framework/src/Illuminate/Foundation/Configuration/ApplicationBuilder.php(214): Illuminate/Routing/RouteRegistrar->group('E://laravel_proj...')
#4 E:/laravel_project/passport-api/vendor/laravel/framework/src/Illuminate/Container/BoundMethod.php(36): Illuminate/Foundation/Configuration/ApplicationBuilder->Illuminate/Foundation/Configuration/{closure}()
#5 E:/laravel_project/passport-api/vendor/laravel/framework/src/Illuminate/Container/Util.php(43): Illuminate/Container/BoundMethod::Illuminate/Container/{closure}()
#6 E:/laravel_project/passport-api/vendor/laravel/framework/src/Illuminate/Container/BoundMethod.php(84): Illuminate/Container/Util::unwrapIfClosure(Object(Closure))
#7 E:/laravel_project/passport-api/vendor/laravel/framework/src/Illuminate/Container/BoundMethod.php(35): Illuminate/Container/BoundMethod::callBoundMethod(Object(Illuminate/Foundation/Application), Object(Closure), Object(Closure))
#8 E:/laravel_project/passport-api/vendor/laravel/framework/src/Illuminate/Container/Container.php(799): Illuminate/Container/BoundMethod::call(Object(Illuminate/Foundation/Application), Object(Closure), Array, NULL)
#9 E:/laravel_project/passport-api/vendor/laravel/framework/src/Illuminate/Foundation/Support/Providers/RouteServiceProvider.php(162): Illuminate/Container/Container->call(Object(Closure))
#10 E:/laravel_project/passport-api/vendor/laravel/framework/src/Illuminate/Foundation/Support/Providers/RouteServiceProvider.php(59): Illuminate/Foundation/Support/Providers/RouteServiceProvider->loadRoutes()
#11 E:/laravel_project/passport-api/vendor/laravel/framework/src/Illuminate/Container/BoundMethod.php(36): Illuminate/Foundation/Support/Providers/RouteServiceProvider->Illuminate/Foundation/Support/Providers/{closure}()
#12 E:/laravel_project/passport-api/vendor/laravel/framework/src/Illuminate/Container/Util.php(43): Illuminate/Container/BoundMethod::Illuminate/Container/{closure}()
#13 E:/laravel_project/passport-api/vendor/laravel/framework/src/Illuminate/Container/BoundMethod.php(84): Illuminate/Container/Util::unwrapIfClosure(Object(Closure))
#14 E:/laravel_project/passport-api/vendor/laravel/framework/src/Illuminate/Container/BoundMethod.php(35): Illuminate/Container/BoundMethod::callBoundMethod(Object(Illuminate/Foundation/Application), Object(Closure), Object(Closure))
#15 E:/laravel_project/passport-api/vendor/laravel/framework/src/Illuminate/Container/Container.php(799): Illuminate/Container/BoundMethod::call(Object(Illuminate/Foundation/Application), Object(Closure), Array, NULL)
#16 E:/laravel_project/passport-api/vendor/laravel/framework/src/Illuminate/Support/ServiceProvider.php(150): Illuminate/Container/Container->call(Object(Closure))
#17 E:/laravel_project/passport-api/vendor/laravel/framework/src/Illuminate/Foundation/Application.php(1154): Illuminate/Support/ServiceProvider->callBootedCallbacks()
#18 E:/laravel_project/passport-api/vendor/laravel/framework/src/Illuminate/Foundation/Application.php(1132): Illuminate/Foundation/Application->bootProvider(Object(Illuminate/Foundation/Support/Providers/RouteServiceProvider))
#19 [internal function]: Illuminate/Foundation/Application->Illuminate/Foundation/{closure}(Object(Illuminate/Foundation/Support/Providers/RouteServiceProvider), 'Illuminate//Foun...')
#20 E:/laravel_project/passport-api/vendor/laravel/framework/src/Illuminate/Foundation/Application.php(1131): array_walk(Array, Object(Closure))
#21 E:/laravel_project/passport-api/vendor/laravel/framework/src/Illuminate/Foundation/Bootstrap/BootProviders.php(17): Illuminate/Foundation/Application->boot()
#22 E:/laravel_project/passport-api/vendor/laravel/framework/src/Illuminate/Foundation/Application.php(342): Illuminate/Foundation/Bootstrap/BootProviders->bootstrap(Object(Illuminate/Foundation/Application))
#23 E:/laravel_project/passport-api/vendor/laravel/framework/src/Illuminate/Foundation/Console/Kernel.php(494): Illuminate/Foundation/Application->bootstrapWith(Array)
#24 E:/laravel_project/passport-api/vendor/laravel/framework/src/Illuminate/Foundation/Console/Kernel.php(196): Illuminate/Foundation/Console/Kernel->bootstrap()
#25 Command line code(1): Illuminate/Foundation/Console/Kernel->handle(Object(Symfony/Component/Console/Input/ArgvInput), Object(Symfony/Component/Console/Output/ConsoleOutput))
#26 {main}
"} 
[2026-03-26 14:57:07] local.ERROR: syntax error, unexpected end of file {"exception":"[object] (ParseError(code: 0): syntax error, unexpected end of file at E:/laravel_project/passport-api/routes/api.php:23)
[stacktrace]
#0 E:/laravel_project/passport-api/vendor/laravel/framework/src/Illuminate/Routing/Router.php(526): Illuminate/Routing/RouteFileRegistrar->register('E://laravel_proj...')
#1 E:/laravel_project/passport-api/vendor/laravel/framework/src/Illuminate/Routing/Router.php(480): Illuminate/Routing/Router->loadRoutes('E://laravel_proj...')
#2 E:/laravel_project/passport-api/vendor/laravel/framework/src/Illuminate/Routing/RouteRegistrar.php(212): Illuminate/Routing/Router->group(Array, 'E://laravel_proj...')
#3 E:/laravel_project/passport-api/vendor/laravel/framework/src/Illuminate/Foundation/Configuration/ApplicationBuilder.php(214): Illuminate/Routing/RouteRegistrar->group('E://laravel_proj...')
#4 E:/laravel_project/passport-api/vendor/laravel/framework/src/Illuminate/Container/BoundMethod.php(36): Illuminate/Foundation/Configuration/ApplicationBuilder->Illuminate/Foundation/Configuration/{closure}()
#5 E:/laravel_project/passport-api/vendor/laravel/framework/src/Illuminate/Container/Util.php(43): Illuminate/Container/BoundMethod::Illuminate/Container/{closure}()
#6 E:/laravel_project/passport-api/vendor/laravel/framework/src/Illuminate/Container/BoundMethod.php(84): Illuminate/Container/Util::unwrapIfClosure(Object(Closure))
#7 E:/laravel_project/passport-api/vendor/laravel/framework/src/Illuminate/Container/BoundMethod.php(35): Illuminate/Container/BoundMethod::callBoundMethod(Object(Illuminate/Foundation/Application), Object(Closure), Object(Closure))
#8 E:/laravel_project/passport-api/vendor/laravel/framework/src/Illuminate/Container/Container.php(799): Illuminate/Container/BoundMethod::call(Object(Illuminate/Foundation/Application), Object(Closure), Array, NULL)
#9 E:/laravel_project/passport-api/vendor/laravel/framework/src/Illuminate/Foundation/Support/Providers/RouteServiceProvider.php(162): Illuminate/Container/Container->call(Object(Closure))
#10 E:/laravel_project/passport-api/vendor/laravel/framework/src/Illuminate/Foundation/Support/Providers/RouteServiceProvider.php(59): Illuminate/Foundation/Support/Providers/RouteServiceProvider->loadRoutes()
#11 E:/laravel_project/passport-api/vendor/laravel/framework/src/Illuminate/Container/BoundMethod.php(36): Illuminate/Foundation/Support/Providers/RouteServiceProvider->Illuminate/Foundation/Support/Providers/{closure}()
#12 E:/laravel_project/passport-api/vendor/laravel/framework/src/Illuminate/Container/Util.php(43): Illuminate/Container/BoundMethod::Illuminate/Container/{closure}()
#13 E:/laravel_project/passport-api/vendor/laravel/framework/src/Illuminate/Container/BoundMethod.php(84): Illuminate/Container/Util::unwrapIfClosure(Object(Closure))
#14 E:/laravel_project/passport-api/vendor/laravel/framework/src/Illuminate/Container/BoundMethod.php(35): Illuminate/Container/BoundMethod::callBoundMethod(Object(Illuminate/Foundation/Application), Object(Closure), Object(Closure))
#15 E:/laravel_project/passport-api/vendor/laravel/framework/src/Illuminate/Container/Container.php(799): Illuminate/Container/BoundMethod::call(Object(Illuminate/Foundation/Application), Object(Closure), Array, NULL)
#16 E:/laravel_project/passport-api/vendor/laravel/framework/src/Illuminate/Support/ServiceProvider.php(150): Illuminate/Container/Container->call(Object(Closure))
#17 E:/laravel_project/passport-api/vendor/laravel/framework/src/Illuminate/Foundation/Application.php(1154): Illuminate/Support/ServiceProvider->callBootedCallbacks()
#18 E:/laravel_project/passport-api/vendor/laravel/framework/src/Illuminate/Foundation/Application.php(1132): Illuminate/Foundation/Application->bootProvider(Object(Illuminate/Foundation/Support/Providers/RouteServiceProvider))
#19 [internal function]: Illuminate/Foundation/Application->Illuminate/Foundation/{closure}(Object(Illuminate/Foundation/Support/Providers/RouteServiceProvider), 'Illuminate//Foun...')
#20 E:/laravel_project/passport-api/vendor/laravel/framework/src/Illuminate/Foundation/Application.php(1131): array_walk(Array, Object(Closure))
#21 E:/laravel_project/passport-api/vendor/laravel/framework/src/Illuminate/Foundation/Bootstrap/BootProviders.php(17): Illuminate/Foundation/Application->boot()
#22 E:/laravel_project/passport-api/vendor/laravel/framework/src/Illuminate/Foundation/Application.php(342): Illuminate/Foundation/Bootstrap/BootProviders->bootstrap(Object(Illuminate/Foundation/Application))
#23 E:/laravel_project/passport-api/vendor/laravel/framework/src/Illuminate/Foundation/Console/Kernel.php(494): Illuminate/Foundation/Application->bootstrapWith(Array)
#24 E:/laravel_project/passport-api/vendor/laravel/framework/src/Illuminate/Foundation/Console/Kernel.php(196): Illuminate/Foundation/Console/Kernel->bootstrap()
#25 Command line code(1): Illuminate/Foundation/Console/Kernel->handle(Object(Symfony/Component/Console/Input/ArgvInput), Object(Symfony/Component/Console/Output/ConsoleOutput))
#26 {main}
"} 
[2026-03-26 14:57:07] local.ERROR: syntax error, unexpected end of file {"exception":"[object] (ParseError(code: 0): syntax error, unexpected end of file at E:/laravel_project/passport-api/routes/api.php:23)
[stacktrace]
#0 E:/laravel_project/passport-api/vendor/laravel/framework/src/Illuminate/Routing/Router.php(526): Illuminate/Routing/RouteFileRegistrar->register('E://laravel_proj...')
#1 E:/laravel_project/passport-api/vendor/laravel/framework/src/Illuminate/Routing/Router.php(480): Illuminate/Routing/Router->loadRoutes('E://laravel_proj...')
#2 E:/laravel_project/passport-api/vendor/laravel/framework/src/Illuminate/Routing/RouteRegistrar.php(212): Illuminate/Routing/Router->group(Array, 'E://laravel_proj...')
#3 E:/laravel_project/passport-api/vendor/laravel/framework/src/Illuminate/Foundation/Configuration/ApplicationBuilder.php(214): Illuminate/Routing/RouteRegistrar->group('E://laravel_proj...')
#4 E:/laravel_project/passport-api/vendor/laravel/framework/src/Illuminate/Container/BoundMethod.php(36): Illuminate/Foundation/Configuration/ApplicationBuilder->Illuminate/Foundation/Configuration/{closure}()
#5 E:/laravel_project/passport-api/vendor/laravel/framework/src/Illuminate/Container/Util.php(43): Illuminate/Container/BoundMethod::Illuminate/Container/{closure}()
#6 E:/laravel_project/passport-api/vendor/laravel/framework/src/Illuminate/Container/BoundMethod.php(84): Illuminate/Container/Util::unwrapIfClosure(Object(Closure))
#7 E:/laravel_project/passport-api/vendor/laravel/framework/src/Illuminate/Container/BoundMethod.php(35): Illuminate/Container/BoundMethod::callBoundMethod(Object(Illuminate/Foundation/Application), Object(Closure), Object(Closure))
#8 E:/laravel_project/passport-api/vendor/laravel/framework/src/Illuminate/Container/Container.php(799): Illuminate/Container/BoundMethod::call(Object(Illuminate/Foundation/Application), Object(Closure), Array, NULL)
#9 E:/laravel_project/passport-api/vendor/laravel/framework/src/Illuminate/Foundation/Support/Providers/RouteServiceProvider.php(162): Illuminate/Container/Container->call(Object(Closure))
#10 E:/laravel_project/passport-api/vendor/laravel/framework/src/Illuminate/Foundation/Support/Providers/RouteServiceProvider.php(59): Illuminate/Foundation/Support/Providers/RouteServiceProvider->loadRoutes()
#11 E:/laravel_project/passport-api/vendor/laravel/framework/src/Illuminate/Container/BoundMethod.php(36): Illuminate/Foundation/Support/Providers/RouteServiceProvider->Illuminate/Foundation/Support/Providers/{closure}()
#12 E:/laravel_project/passport-api/vendor/laravel/framework/src/Illuminate/Container/Util.php(43): Illuminate/Container/BoundMethod::Illuminate/Container/{closure}()
#13 E:/laravel_project/passport-api/vendor/laravel/framework/src/Illuminate/Container/BoundMethod.php(84): Illuminate/Container/Util::unwrapIfClosure(Object(Closure))
#14 E:/laravel_project/passport-api/vendor/laravel/framework/src/Illuminate/Container/BoundMethod.php(35): Illuminate/Container/BoundMethod::callBoundMethod(Object(Illuminate/Foundation/Application), Object(Closure), Object(Closure))
#15 E:/laravel_project/passport-api/vendor/laravel/framework/src/Illuminate/Container/Container.php(799): Illuminate/Container/BoundMethod::call(Object(Illuminate/Foundation/Application), Object(Closure), Array, NULL)
#16 E:/laravel_project/passport-api/vendor/laravel/framework/src/Illuminate/Support/ServiceProvider.php(150): Illuminate/Container/Container->call(Object(Closure))
#17 E:/laravel_project/passport-api/vendor/laravel/framework/src/Illuminate/Foundation/Application.php(1154): Illuminate/Support/ServiceProvider->callBootedCallbacks()
#18 E:/laravel_project/passport-api/vendor/laravel/framework/src/Illuminate/Foundation/Application.php(1132): Illuminate/Foundation/Application->bootProvider(Object(Illuminate/Foundation/Support/Providers/RouteServiceProvider))
#19 [internal function]: Illuminate/Foundation/Application->Illuminate/Foundation/{closure}(Object(Illuminate/Foundation/Support/Providers/RouteServiceProvider), 'Illuminate//Foun...')
#20 E:/laravel_project/passport-api/vendor/laravel/framework/src/Illuminate/Foundation/Application.php(1131): array_walk(Array, Object(Closure))
#21 E:/laravel_project/passport-api/vendor/laravel/framework/src/Illuminate/Foundation/Bootstrap/BootProviders.php(17): Illuminate/Foundation/Application->boot()
#22 E:/laravel_project/passport-api/vendor/laravel/framework/src/Illuminate/Foundation/Application.php(342): Illuminate/Foundation/Bootstrap/BootProviders->bootstrap(Object(Illuminate/Foundation/Application))
#23 E:/laravel_project/passport-api/vendor/laravel/framework/src/Illuminate/Foundation/Console/Kernel.php(494): Illuminate/Foundation/Application->bootstrapWith(Array)
#24 E:/laravel_project/passport-api/vendor/laravel/framework/src/Illuminate/Foundation/Console/Kernel.php(196): Illuminate/Foundation/Console/Kernel->bootstrap()
#25 Command line code(1): Illuminate/Foundation/Console/Kernel->handle(Object(Symfony/Component/Console/Input/ArgvInput), Object(Symfony/Component/Console/Output/ConsoleOutput))
#26 {main}
"} 
[2026-03-26 14:57:07] local.ERROR: syntax error, unexpected end of file {"exception":"[object] (ParseError(code: 0): syntax error, unexpected end of file at E:/laravel_project/passport-api/routes/api.php:23)
[stacktrace]
#0 E:/laravel_project/passport-api/vendor/laravel/framework/src/Illuminate/Routing/Router.php(526): Illuminate/Routing/RouteFileRegistrar->register('E://laravel_proj...')
#1 E:/laravel_project/passport-api/vendor/laravel/framework/src/Illuminate/Routing/Router.php(480): Illuminate/Routing/Router->loadRoutes('E://laravel_proj...')
#2 E:/laravel_project/passport-api/vendor/laravel/framework/src/Illuminate/Routing/RouteRegistrar.php(212): Illuminate/Routing/Router->group(Array, 'E://laravel_proj...')
#3 E:/laravel_project/passport-api/vendor/laravel/framework/src/Illuminate/Foundation/Configuration/ApplicationBuilder.php(214): Illuminate/Routing/RouteRegistrar->group('E://laravel_proj...')
#4 E:/laravel_project/passport-api/vendor/laravel/framework/src/Illuminate/Container/BoundMethod.php(36): Illuminate/Foundation/Configuration/ApplicationBuilder->Illuminate/Foundation/Configuration/{closure}()
#5 E:/laravel_project/passport-api/vendor/laravel/framework/src/Illuminate/Container/Util.php(43): Illuminate/Container/BoundMethod::Illuminate/Container/{closure}()
#6 E:/laravel_project/passport-api/vendor/laravel/framework/src/Illuminate/Container/BoundMethod.php(84): Illuminate/Container/Util::unwrapIfClosure(Object(Closure))
#7 E:/laravel_project/passport-api/vendor/laravel/framework/src/Illuminate/Container/BoundMethod.php(35): Illuminate/Container/BoundMethod::callBoundMethod(Object(Illuminate/Foundation/Application), Object(Closure), Object(Closure))
#8 E:/laravel_project/passport-api/vendor/laravel/framework/src/Illuminate/Container/Container.php(799): Illuminate/Container/BoundMethod::call(Object(Illuminate/Foundation/Application), Object(Closure), Array, NULL)
#9 E:/laravel_project/passport-api/vendor/laravel/framework/src/Illuminate/Foundation/Support/Providers/RouteServiceProvider.php(162): Illuminate/Container/Container->call(Object(Closure))
#10 E:/laravel_project/passport-api/vendor/laravel/framework/src/Illuminate/Foundation/Support/Providers/RouteServiceProvider.php(59): Illuminate/Foundation/Support/Providers/RouteServiceProvider->loadRoutes()
#11 E:/laravel_project/passport-api/vendor/laravel/framework/src/Illuminate/Container/BoundMethod.php(36): Illuminate/Foundation/Support/Providers/RouteServiceProvider->Illuminate/Foundation/Support/Providers/{closure}()
#12 E:/laravel_project/passport-api/vendor/laravel/framework/src/Illuminate/Container/Util.php(43): Illuminate/Container/BoundMethod::Illuminate/Container/{closure}()
#13 E:/laravel_project/passport-api/vendor/laravel/framework/src/Illuminate/Container/BoundMethod.php(84): Illuminate/Container/Util::unwrapIfClosure(Object(Closure))
#14 E:/laravel_project/passport-api/vendor/laravel/framework/src/Illuminate/Container/BoundMethod.php(35): Illuminate/Container/BoundMethod::callBoundMethod(Object(Illuminate/Foundation/Application), Object(Closure), Object(Closure))
#15 E:/laravel_project/passport-api/vendor/laravel/framework/src/Illuminate/Container/Container.php(799): Illuminate/Container/BoundMethod::call(Object(Illuminate/Foundation/Application), Object(Closure), Array, NULL)
#16 E:/laravel_project/passport-api/vendor/laravel/framework/src/Illuminate/Support/ServiceProvider.php(150): Illuminate/Container/Container->call(Object(Closure))
#17 E:/laravel_project/passport-api/vendor/laravel/framework/src/Illuminate/Foundation/Application.php(1154): Illuminate/Support/ServiceProvider->callBootedCallbacks()
#18 E:/laravel_project/passport-api/vendor/laravel/framework/src/Illuminate/Foundation/Application.php(1132): Illuminate/Foundation/Application->bootProvider(Object(Illuminate/Foundation/Support/Providers/RouteServiceProvider))
#19 [internal function]: Illuminate/Foundation/Application->Illuminate/Foundation/{closure}(Object(Illuminate/Foundation/Support/Providers/RouteServiceProvider), 'Illuminate//Foun...')
#20 E:/laravel_project/passport-api/vendor/laravel/framework/src/Illuminate/Foundation/Application.php(1131): array_walk(Array, Object(Closure))
#21 E:/laravel_project/passport-api/vendor/laravel/framework/src/Illuminate/Foundation/Bootstrap/BootProviders.php(17): Illuminate/Foundation/Application->boot()
#22 E:/laravel_project/passport-api/vendor/laravel/framework/src/Illuminate/Foundation/Application.php(342): Illuminate/Foundation/Bootstrap/BootProviders->bootstrap(Object(Illuminate/Foundation/Application))
#23 E:/laravel_project/passport-api/vendor/laravel/framework/src/Illuminate/Foundation/Console/Kernel.php(494): Illuminate/Foundation/Application->bootstrapWith(Array)
#24 E:/laravel_project/passport-api/vendor/laravel/framework/src/Illuminate/Foundation/Console/Kernel.php(196): Illuminate/Foundation/Console/Kernel->bootstrap()
#25 Command line code(1): Illuminate/Foundation/Console/Kernel->handle(Object(Symfony/Component/Console/Input/ArgvInput), Object(Symfony/Component/Console/Output/ConsoleOutput))
#26 {main}
"} 
[2026-03-26 14:57:18] local.ERROR: syntax error, unexpected end of file {"exception":"[object] (ParseError(code: 0): syntax error, unexpected end of file at E:/laravel_project/passport-api/routes/api.php:23)
[stacktrace]
#0 E:/laravel_project/passport-api/vendor/laravel/framework/src/Illuminate/Routing/Router.php(526): Illuminate/Routing/RouteFileRegistrar->register('E://laravel_proj...')
#1 E:/laravel_project/passport-api/vendor/laravel/framework/src/Illuminate/Routing/Router.php(480): Illuminate/Routing/Router->loadRoutes('E://laravel_proj...')
#2 E:/laravel_project/passport-api/vendor/laravel/framework/src/Illuminate/Routing/RouteRegistrar.php(212): Illuminate/Routing/Router->group(Array, 'E://laravel_proj...')
#3 E:/laravel_project/passport-api/vendor/laravel/framework/src/Illuminate/Foundation/Configuration/ApplicationBuilder.php(214): Illuminate/Routing/RouteRegistrar->group('E://laravel_proj...')
#4 E:/laravel_project/passport-api/vendor/laravel/framework/src/Illuminate/Container/BoundMethod.php(36): Illuminate/Foundation/Configuration/ApplicationBuilder->Illuminate/Foundation/Configuration/{closure}()
#5 E:/laravel_project/passport-api/vendor/laravel/framework/src/Illuminate/Container/Util.php(43): Illuminate/Container/BoundMethod::Illuminate/Container/{closure}()
#6 E:/laravel_project/passport-api/vendor/laravel/framework/src/Illuminate/Container/BoundMethod.php(84): Illuminate/Container/Util::unwrapIfClosure(Object(Closure))
#7 E:/laravel_project/passport-api/vendor/laravel/framework/src/Illuminate/Container/BoundMethod.php(35): Illuminate/Container/BoundMethod::callBoundMethod(Object(Illuminate/Foundation/Application), Object(Closure), Object(Closure))
#8 E:/laravel_project/passport-api/vendor/laravel/framework/src/Illuminate/Container/Container.php(799): Illuminate/Container/BoundMethod::call(Object(Illuminate/Foundation/Application), Object(Closure), Array, NULL)
#9 E:/laravel_project/passport-api/vendor/laravel/framework/src/Illuminate/Foundation/Support/Providers/RouteServiceProvider.php(162): Illuminate/Container/Container->call(Object(Closure))
#10 E:/laravel_project/passport-api/vendor/laravel/framework/src/Illuminate/Foundation/Support/Providers/RouteServiceProvider.php(59): Illuminate/Foundation/Support/Providers/RouteServiceProvider->loadRoutes()
#11 E:/laravel_project/passport-api/vendor/laravel/framework/src/Illuminate/Container/BoundMethod.php(36): Illuminate/Foundation/Support/Providers/RouteServiceProvider->Illuminate/Foundation/Support/Providers/{closure}()
#12 E:/laravel_project/passport-api/vendor/laravel/framework/src/Illuminate/Container/Util.php(43): Illuminate/Container/BoundMethod::Illuminate/Container/{closure}()
#13 E:/laravel_project/passport-api/vendor/laravel/framework/src/Illuminate/Container/BoundMethod.php(84): Illuminate/Container/Util::unwrapIfClosure(Object(Closure))
#14 E:/laravel_project/passport-api/vendor/laravel/framework/src/Illuminate/Container/BoundMethod.php(35): Illuminate/Container/BoundMethod::callBoundMethod(Object(Illuminate/Foundation/Application), Object(Closure), Object(Closure))
#15 E:/laravel_project/passport-api/vendor/laravel/framework/src/Illuminate/Container/Container.php(799): Illuminate/Container/BoundMethod::call(Object(Illuminate/Foundation/Application), Object(Closure), Array, NULL)
#16 E:/laravel_project/passport-api/vendor/laravel/framework/src/Illuminate/Support/ServiceProvider.php(150): Illuminate/Container/Container->call(Object(Closure))
#17 E:/laravel_project/passport-api/vendor/laravel/framework/src/Illuminate/Foundation/Application.php(1154): Illuminate/Support/ServiceProvider->callBootedCallbacks()
#18 E:/laravel_project/passport-api/vendor/laravel/framework/src/Illuminate/Foundation/Application.php(1132): Illuminate/Foundation/Application->bootProvider(Object(Illuminate/Foundation/Support/Providers/RouteServiceProvider))
#19 [internal function]: Illuminate/Foundation/Application->Illuminate/Foundation/{closure}(Object(Illuminate/Foundation/Support/Providers/RouteServiceProvider), 'Illuminate//Foun...')
#20 E:/laravel_project/passport-api/vendor/laravel/framework/src/Illuminate/Foundation/Application.php(1131): array_walk(Array, Object(Closure))
#21 E:/laravel_project/passport-api/vendor/laravel/framework/src/Illuminate/Foundation/Bootstrap/BootProviders.php(17): Illuminate/Foundation/Application->boot()
#22 E:/laravel_project/passport-api/vendor/laravel/framework/src/Illuminate/Foundation/Application.php(342): Illuminate/Foundation/Bootstrap/BootProviders->bootstrap(Object(Illuminate/Foundation/Application))
#23 E:/laravel_project/passport-api/vendor/laravel/framework/src/Illuminate/Foundation/Console/Kernel.php(494): Illuminate/Foundation/Application->bootstrapWith(Array)
#24 E:/laravel_project/passport-api/vendor/laravel/framework/src/Illuminate/Foundation/Console/Kernel.php(196): Illuminate/Foundation/Console/Kernel->bootstrap()
#25 Command line code(1): Illuminate/Foundation/Console/Kernel->handle(Object(Symfony/Component/Console/Input/ArgvInput), Object(Symfony/Component/Console/Output/ConsoleOutput))
#26 {main}
"} 
[2026-03-26 14:57:24] local.ERROR: syntax error, unexpected end of file {"exception":"[object] (ParseError(code: 0): syntax error, unexpected end of file at E:/laravel_project/passport-api/routes/api.php:23)
[stacktrace]
#0 E:/laravel_project/passport-api/vendor/laravel/framework/src/Illuminate/Routing/Router.php(526): Illuminate/Routing/RouteFileRegistrar->register('E://laravel_proj...')
#1 E:/laravel_project/passport-api/vendor/laravel/framework/src/Illuminate/Routing/Router.php(480): Illuminate/Routing/Router->loadRoutes('E://laravel_proj...')
#2 E:/laravel_project/passport-api/vendor/laravel/framework/src/Illuminate/Routing/RouteRegistrar.php(212): Illuminate/Routing/Router->group(Array, 'E://laravel_proj...')
#3 E:/laravel_project/passport-api/vendor/laravel/framework/src/Illuminate/Foundation/Configuration/ApplicationBuilder.php(214): Illuminate/Routing/RouteRegistrar->group('E://laravel_proj...')
#4 E:/laravel_project/passport-api/vendor/laravel/framework/src/Illuminate/Container/BoundMethod.php(36): Illuminate/Foundation/Configuration/ApplicationBuilder->Illuminate/Foundation/Configuration/{closure}()
#5 E:/laravel_project/passport-api/vendor/laravel/framework/src/Illuminate/Container/Util.php(43): Illuminate/Container/BoundMethod::Illuminate/Container/{closure}()
#6 E:/laravel_project/passport-api/vendor/laravel/framework/src/Illuminate/Container/BoundMethod.php(84): Illuminate/Container/Util::unwrapIfClosure(Object(Closure))
#7 E:/laravel_project/passport-api/vendor/laravel/framework/src/Illuminate/Container/BoundMethod.php(35): Illuminate/Container/BoundMethod::callBoundMethod(Object(Illuminate/Foundation/Application), Object(Closure), Object(Closure))
#8 E:/laravel_project/passport-api/vendor/laravel/framework/src/Illuminate/Container/Container.php(799): Illuminate/Container/BoundMethod::call(Object(Illuminate/Foundation/Application), Object(Closure), Array, NULL)
#9 E:/laravel_project/passport-api/vendor/laravel/framework/src/Illuminate/Foundation/Support/Providers/RouteServiceProvider.php(162): Illuminate/Container/Container->call(Object(Closure))
#10 E:/laravel_project/passport-api/vendor/laravel/framework/src/Illuminate/Foundation/Support/Providers/RouteServiceProvider.php(59): Illuminate/Foundation/Support/Providers/RouteServiceProvider->loadRoutes()
#11 E:/laravel_project/passport-api/vendor/laravel/framework/src/Illuminate/Container/BoundMethod.php(36): Illuminate/Foundation/Support/Providers/RouteServiceProvider->Illuminate/Foundation/Support/Providers/{closure}()
#12 E:/laravel_project/passport-api/vendor/laravel/framework/src/Illuminate/Container/Util.php(43): Illuminate/Container/BoundMethod::Illuminate/Container/{closure}()
#13 E:/laravel_project/passport-api/vendor/laravel/framework/src/Illuminate/Container/BoundMethod.php(84): Illuminate/Container/Util::unwrapIfClosure(Object(Closure))
#14 E:/laravel_project/passport-api/vendor/laravel/framework/src/Illuminate/Container/BoundMethod.php(35): Illuminate/Container/BoundMethod::callBoundMethod(Object(Illuminate/Foundation/Application), Object(Closure), Object(Closure))
#15 E:/laravel_project/passport-api/vendor/laravel/framework/src/Illuminate/Container/Container.php(799): Illuminate/Container/BoundMethod::call(Object(Illuminate/Foundation/Application), Object(Closure), Array, NULL)
#16 E:/laravel_project/passport-api/vendor/laravel/framework/src/Illuminate/Support/ServiceProvider.php(150): Illuminate/Container/Container->call(Object(Closure))
#17 E:/laravel_project/passport-api/vendor/laravel/framework/src/Illuminate/Foundation/Application.php(1154): Illuminate/Support/ServiceProvider->callBootedCallbacks()
#18 E:/laravel_project/passport-api/vendor/laravel/framework/src/Illuminate/Foundation/Application.php(1132): Illuminate/Foundation/Application->bootProvider(Object(Illuminate/Foundation/Support/Providers/RouteServiceProvider))
#19 [internal function]: Illuminate/Foundation/Application->Illuminate/Foundation/{closure}(Object(Illuminate/Foundation/Support/Providers/RouteServiceProvider), 'Illuminate//Foun...')
#20 E:/laravel_project/passport-api/vendor/laravel/framework/src/Illuminate/Foundation/Application.php(1131): array_walk(Array, Object(Closure))
#21 E:/laravel_project/passport-api/vendor/laravel/framework/src/Illuminate/Foundation/Bootstrap/BootProviders.php(17): Illuminate/Foundation/Application->boot()
#22 E:/laravel_project/passport-api/vendor/laravel/framework/src/Illuminate/Foundation/Application.php(342): Illuminate/Foundation/Bootstrap/BootProviders->bootstrap(Object(Illuminate/Foundation/Application))
#23 E:/laravel_project/passport-api/vendor/laravel/framework/src/Illuminate/Foundation/Console/Kernel.php(494): Illuminate/Foundation/Application->bootstrapWith(Array)
#24 E:/laravel_project/passport-api/vendor/laravel/framework/src/Illuminate/Foundation/Console/Kernel.php(196): Illuminate/Foundation/Console/Kernel->bootstrap()
#25 Command line code(1): Illuminate/Foundation/Console/Kernel->handle(Object(Symfony/Component/Console/Input/ArgvInput), Object(Symfony/Component/Console/Output/ConsoleOutput))
#26 {main}
"} 
[2026-03-26 14:57:34] local.ERROR: syntax error, unexpected end of file {"exception":"[object] (ParseError(code: 0): syntax error, unexpected end of file at E:/laravel_project/passport-api/routes/api.php:23)
[stacktrace]
#0 E:/laravel_project/passport-api/vendor/laravel/framework/src/Illuminate/Routing/Router.php(526): Illuminate/Routing/RouteFileRegistrar->register('E://laravel_proj...')
#1 E:/laravel_project/passport-api/vendor/laravel/framework/src/Illuminate/Routing/Router.php(480): Illuminate/Routing/Router->loadRoutes('E://laravel_proj...')
#2 E:/laravel_project/passport-api/vendor/laravel/framework/src/Illuminate/Routing/RouteRegistrar.php(212): Illuminate/Routing/Router->group(Array, 'E://laravel_proj...')
#3 E:/laravel_project/passport-api/vendor/laravel/framework/src/Illuminate/Foundation/Configuration/ApplicationBuilder.php(214): Illuminate/Routing/RouteRegistrar->group('E://laravel_proj...')
#4 E:/laravel_project/passport-api/vendor/laravel/framework/src/Illuminate/Container/BoundMethod.php(36): Illuminate/Foundation/Configuration/ApplicationBuilder->Illuminate/Foundation/Configuration/{closure}()
#5 E:/laravel_project/passport-api/vendor/laravel/framework/src/Illuminate/Container/Util.php(43): Illuminate/Container/BoundMethod::Illuminate/Container/{closure}()
#6 E:/laravel_project/passport-api/vendor/laravel/framework/src/Illuminate/Container/BoundMethod.php(84): Illuminate/Container/Util::unwrapIfClosure(Object(Closure))
#7 E:/laravel_project/passport-api/vendor/laravel/framework/src/Illuminate/Container/BoundMethod.php(35): Illuminate/Container/BoundMethod::callBoundMethod(Object(Illuminate/Foundation/Application), Object(Closure), Object(Closure))
#8 E:/laravel_project/passport-api/vendor/laravel/framework/src/Illuminate/Container/Container.php(799): Illuminate/Container/BoundMethod::call(Object(Illuminate/Foundation/Application), Object(Closure), Array, NULL)
#9 E:/laravel_project/passport-api/vendor/laravel/framework/src/Illuminate/Foundation/Support/Providers/RouteServiceProvider.php(162): Illuminate/Container/Container->call(Object(Closure))
#10 E:/laravel_project/passport-api/vendor/laravel/framework/src/Illuminate/Foundation/Support/Providers/RouteServiceProvider.php(59): Illuminate/Foundation/Support/Providers/RouteServiceProvider->loadRoutes()
#11 E:/laravel_project/passport-api/vendor/laravel/framework/src/Illuminate/Container/BoundMethod.php(36): Illuminate/Foundation/Support/Providers/RouteServiceProvider->Illuminate/Foundation/Support/Providers/{closure}()
#12 E:/laravel_project/passport-api/vendor/laravel/framework/src/Illuminate/Container/Util.php(43): Illuminate/Container/BoundMethod::Illuminate/Container/{closure}()
#13 E:/laravel_project/passport-api/vendor/laravel/framework/src/Illuminate/Container/BoundMethod.php(84): Illuminate/Container/Util::unwrapIfClosure(Object(Closure))
#14 E:/laravel_project/passport-api/vendor/laravel/framework/src/Illuminate/Container/BoundMethod.php(35): Illuminate/Container/BoundMethod::callBoundMethod(Object(Illuminate/Foundation/Application), Object(Closure), Object(Closure))
#15 E:/laravel_project/passport-api/vendor/laravel/framework/src/Illuminate/Container/Container.php(799): Illuminate/Container/BoundMethod::call(Object(Illuminate/Foundation/Application), Object(Closure), Array, NULL)
#16 E:/laravel_project/passport-api/vendor/laravel/framework/src/Illuminate/Support/ServiceProvider.php(150): Illuminate/Container/Container->call(Object(Closure))
#17 E:/laravel_project/passport-api/vendor/laravel/framework/src/Illuminate/Foundation/Application.php(1154): Illuminate/Support/ServiceProvider->callBootedCallbacks()
#18 E:/laravel_project/passport-api/vendor/laravel/framework/src/Illuminate/Foundation/Application.php(1132): Illuminate/Foundation/Application->bootProvider(Object(Illuminate/Foundation/Support/Providers/RouteServiceProvider))
#19 [internal function]: Illuminate/Foundation/Application->Illuminate/Foundation/{closure}(Object(Illuminate/Foundation/Support/Providers/RouteServiceProvider), 'Illuminate//Foun...')
#20 E:/laravel_project/passport-api/vendor/laravel/framework/src/Illuminate/Foundation/Application.php(1131): array_walk(Array, Object(Closure))
#21 E:/laravel_project/passport-api/vendor/laravel/framework/src/Illuminate/Foundation/Bootstrap/BootProviders.php(17): Illuminate/Foundation/Application->boot()
#22 E:/laravel_project/passport-api/vendor/laravel/framework/src/Illuminate/Foundation/Application.php(342): Illuminate/Foundation/Bootstrap/BootProviders->bootstrap(Object(Illuminate/Foundation/Application))
#23 E:/laravel_project/passport-api/vendor/laravel/framework/src/Illuminate/Foundation/Console/Kernel.php(494): Illuminate/Foundation/Application->bootstrapWith(Array)
#24 E:/laravel_project/passport-api/vendor/laravel/framework/src/Illuminate/Foundation/Console/Kernel.php(196): Illuminate/Foundation/Console/Kernel->bootstrap()
#25 Command line code(1): Illuminate/Foundation/Console/Kernel->handle(Object(Symfony/Component/Console/Input/ArgvInput), Object(Symfony/Component/Console/Output/ConsoleOutput))
#26 {main}
"} 
[2026-03-26 14:57:39] local.ERROR: syntax error, unexpected end of file {"exception":"[object] (ParseError(code: 0): syntax error, unexpected end of file at E:/laravel_project/passport-api/routes/api.php:23)
[stacktrace]
#0 E:/laravel_project/passport-api/vendor/laravel/framework/src/Illuminate/Routing/Router.php(526): Illuminate/Routing/RouteFileRegistrar->register('E://laravel_proj...')
#1 E:/laravel_project/passport-api/vendor/laravel/framework/src/Illuminate/Routing/Router.php(480): Illuminate/Routing/Router->loadRoutes('E://laravel_proj...')
#2 E:/laravel_project/passport-api/vendor/laravel/framework/src/Illuminate/Routing/RouteRegistrar.php(212): Illuminate/Routing/Router->group(Array, 'E://laravel_proj...')
#3 E:/laravel_project/passport-api/vendor/laravel/framework/src/Illuminate/Foundation/Configuration/ApplicationBuilder.php(214): Illuminate/Routing/RouteRegistrar->group('E://laravel_proj...')
#4 E:/laravel_project/passport-api/vendor/laravel/framework/src/Illuminate/Container/BoundMethod.php(36): Illuminate/Foundation/Configuration/ApplicationBuilder->Illuminate/Foundation/Configuration/{closure}()
#5 E:/laravel_project/passport-api/vendor/laravel/framework/src/Illuminate/Container/Util.php(43): Illuminate/Container/BoundMethod::Illuminate/Container/{closure}()
#6 E:/laravel_project/passport-api/vendor/laravel/framework/src/Illuminate/Container/BoundMethod.php(84): Illuminate/Container/Util::unwrapIfClosure(Object(Closure))
#7 E:/laravel_project/passport-api/vendor/laravel/framework/src/Illuminate/Container/BoundMethod.php(35): Illuminate/Container/BoundMethod::callBoundMethod(Object(Illuminate/Foundation/Application), Object(Closure), Object(Closure))
#8 E:/laravel_project/passport-api/vendor/laravel/framework/src/Illuminate/Container/Container.php(799): Illuminate/Container/BoundMethod::call(Object(Illuminate/Foundation/Application), Object(Closure), Array, NULL)
#9 E:/laravel_project/passport-api/vendor/laravel/framework/src/Illuminate/Foundation/Support/Providers/RouteServiceProvider.php(162): Illuminate/Container/Container->call(Object(Closure))
#10 E:/laravel_project/passport-api/vendor/laravel/framework/src/Illuminate/Foundation/Support/Providers/RouteServiceProvider.php(59): Illuminate/Foundation/Support/Providers/RouteServiceProvider->loadRoutes()
#11 E:/laravel_project/passport-api/vendor/laravel/framework/src/Illuminate/Container/BoundMethod.php(36): Illuminate/Foundation/Support/Providers/RouteServiceProvider->Illuminate/Foundation/Support/Providers/{closure}()
#12 E:/laravel_project/passport-api/vendor/laravel/framework/src/Illuminate/Container/Util.php(43): Illuminate/Container/BoundMethod::Illuminate/Container/{closure}()
#13 E:/laravel_project/passport-api/vendor/laravel/framework/src/Illuminate/Container/BoundMethod.php(84): Illuminate/Container/Util::unwrapIfClosure(Object(Closure))
#14 E:/laravel_project/passport-api/vendor/laravel/framework/src/Illuminate/Container/BoundMethod.php(35): Illuminate/Container/BoundMethod::callBoundMethod(Object(Illuminate/Foundation/Application), Object(Closure), Object(Closure))
#15 E:/laravel_project/passport-api/vendor/laravel/framework/src/Illuminate/Container/Container.php(799): Illuminate/Container/BoundMethod::call(Object(Illuminate/Foundation/Application), Object(Closure), Array, NULL)
#16 E:/laravel_project/passport-api/vendor/laravel/framework/src/Illuminate/Support/ServiceProvider.php(150): Illuminate/Container/Container->call(Object(Closure))
#17 E:/laravel_project/passport-api/vendor/laravel/framework/src/Illuminate/Foundation/Application.php(1154): Illuminate/Support/ServiceProvider->callBootedCallbacks()
#18 E:/laravel_project/passport-api/vendor/laravel/framework/src/Illuminate/Foundation/Application.php(1132): Illuminate/Foundation/Application->bootProvider(Object(Illuminate/Foundation/Support/Providers/RouteServiceProvider))
#19 [internal function]: Illuminate/Foundation/Application->Illuminate/Foundation/{closure}(Object(Illuminate/Foundation/Support/Providers/RouteServiceProvider), 'Illuminate//Foun...')
#20 E:/laravel_project/passport-api/vendor/laravel/framework/src/Illuminate/Foundation/Application.php(1131): array_walk(Array, Object(Closure))
#21 E:/laravel_project/passport-api/vendor/laravel/framework/src/Illuminate/Foundation/Bootstrap/BootProviders.php(17): Illuminate/Foundation/Application->boot()
#22 E:/laravel_project/passport-api/vendor/laravel/framework/src/Illuminate/Foundation/Application.php(342): Illuminate/Foundation/Bootstrap/BootProviders->bootstrap(Object(Illuminate/Foundation/Application))
#23 E:/laravel_project/passport-api/vendor/laravel/framework/src/Illuminate/Foundation/Console/Kernel.php(494): Illuminate/Foundation/Application->bootstrapWith(Array)
#24 E:/laravel_project/passport-api/vendor/laravel/framework/src/Illuminate/Foundation/Console/Kernel.php(196): Illuminate/Foundation/Console/Kernel->bootstrap()
#25 Command line code(1): Illuminate/Foundation/Console/Kernel->handle(Object(Symfony/Component/Console/Input/ArgvInput), Object(Symfony/Component/Console/Output/ConsoleOutput))
#26 {main}
"} 
[2026-03-26 14:58:07] local.ERROR: syntax error, unexpected end of file {"exception":"[object] (ParseError(code: 0): syntax error, unexpected end of file at E:/laravel_project/passport-api/routes/api.php:24)
[stacktrace]
#0 E:/laravel_project/passport-api/vendor/laravel/framework/src/Illuminate/Routing/Router.php(526): Illuminate/Routing/RouteFileRegistrar->register('E://laravel_proj...')
#1 E:/laravel_project/passport-api/vendor/laravel/framework/src/Illuminate/Routing/Router.php(480): Illuminate/Routing/Router->loadRoutes('E://laravel_proj...')
#2 E:/laravel_project/passport-api/vendor/laravel/framework/src/Illuminate/Routing/RouteRegistrar.php(212): Illuminate/Routing/Router->group(Array, 'E://laravel_proj...')
#3 E:/laravel_project/passport-api/vendor/laravel/framework/src/Illuminate/Foundation/Configuration/ApplicationBuilder.php(214): Illuminate/Routing/RouteRegistrar->group('E://laravel_proj...')
#4 E:/laravel_project/passport-api/vendor/laravel/framework/src/Illuminate/Container/BoundMethod.php(36): Illuminate/Foundation/Configuration/ApplicationBuilder->Illuminate/Foundation/Configuration/{closure}()
#5 E:/laravel_project/passport-api/vendor/laravel/framework/src/Illuminate/Container/Util.php(43): Illuminate/Container/BoundMethod::Illuminate/Container/{closure}()
#6 E:/laravel_project/passport-api/vendor/laravel/framework/src/Illuminate/Container/BoundMethod.php(84): Illuminate/Container/Util::unwrapIfClosure(Object(Closure))
#7 E:/laravel_project/passport-api/vendor/laravel/framework/src/Illuminate/Container/BoundMethod.php(35): Illuminate/Container/BoundMethod::callBoundMethod(Object(Illuminate/Foundation/Application), Object(Closure), Object(Closure))
#8 E:/laravel_project/passport-api/vendor/laravel/framework/src/Illuminate/Container/Container.php(799): Illuminate/Container/BoundMethod::call(Object(Illuminate/Foundation/Application), Object(Closure), Array, NULL)
#9 E:/laravel_project/passport-api/vendor/laravel/framework/src/Illuminate/Foundation/Support/Providers/RouteServiceProvider.php(162): Illuminate/Container/Container->call(Object(Closure))
#10 E:/laravel_project/passport-api/vendor/laravel/framework/src/Illuminate/Foundation/Support/Providers/RouteServiceProvider.php(59): Illuminate/Foundation/Support/Providers/RouteServiceProvider->loadRoutes()
#11 E:/laravel_project/passport-api/vendor/laravel/framework/src/Illuminate/Container/BoundMethod.php(36): Illuminate/Foundation/Support/Providers/RouteServiceProvider->Illuminate/Foundation/Support/Providers/{closure}()
#12 E:/laravel_project/passport-api/vendor/laravel/framework/src/Illuminate/Container/Util.php(43): Illuminate/Container/BoundMethod::Illuminate/Container/{closure}()
#13 E:/laravel_project/passport-api/vendor/laravel/framework/src/Illuminate/Container/BoundMethod.php(84): Illuminate/Container/Util::unwrapIfClosure(Object(Closure))
#14 E:/laravel_project/passport-api/vendor/laravel/framework/src/Illuminate/Container/BoundMethod.php(35): Illuminate/Container/BoundMethod::callBoundMethod(Object(Illuminate/Foundation/Application), Object(Closure), Object(Closure))
#15 E:/laravel_project/passport-api/vendor/laravel/framework/src/Illuminate/Container/Container.php(799): Illuminate/Container/BoundMethod::call(Object(Illuminate/Foundation/Application), Object(Closure), Array, NULL)
#16 E:/laravel_project/passport-api/vendor/laravel/framework/src/Illuminate/Support/ServiceProvider.php(150): Illuminate/Container/Container->call(Object(Closure))
#17 E:/laravel_project/passport-api/vendor/laravel/framework/src/Illuminate/Foundation/Application.php(1154): Illuminate/Support/ServiceProvider->callBootedCallbacks()
#18 E:/laravel_project/passport-api/vendor/laravel/framework/src/Illuminate/Foundation/Application.php(1132): Illuminate/Foundation/Application->bootProvider(Object(Illuminate/Foundation/Support/Providers/RouteServiceProvider))
#19 [internal function]: Illuminate/Foundation/Application->Illuminate/Foundation/{closure}(Object(Illuminate/Foundation/Support/Providers/RouteServiceProvider), 'Illuminate//Foun...')
#20 E:/laravel_project/passport-api/vendor/laravel/framework/src/Illuminate/Foundation/Application.php(1131): array_walk(Array, Object(Closure))
#21 E:/laravel_project/passport-api/vendor/laravel/framework/src/Illuminate/Foundation/Bootstrap/BootProviders.php(17): Illuminate/Foundation/Application->boot()
#22 E:/laravel_project/passport-api/vendor/laravel/framework/src/Illuminate/Foundation/Application.php(342): Illuminate/Foundation/Bootstrap/BootProviders->bootstrap(Object(Illuminate/Foundation/Application))
#23 E:/laravel_project/passport-api/vendor/laravel/framework/src/Illuminate/Foundation/Console/Kernel.php(494): Illuminate/Foundation/Application->bootstrapWith(Array)
#24 E:/laravel_project/passport-api/vendor/laravel/framework/src/Illuminate/Foundation/Console/Kernel.php(196): Illuminate/Foundation/Console/Kernel->bootstrap()
#25 Command line code(1): Illuminate/Foundation/Console/Kernel->handle(Object(Symfony/Component/Console/Input/ArgvInput), Object(Symfony/Component/Console/Output/ConsoleOutput))
#26 {main}
"} 
[2026-03-26 14:58:07] local.ERROR: syntax error, unexpected end of file {"exception":"[object] (ParseError(code: 0): syntax error, unexpected end of file at E:/laravel_project/passport-api/routes/api.php:24)
[stacktrace]
#0 E:/laravel_project/passport-api/vendor/laravel/framework/src/Illuminate/Routing/Router.php(526): Illuminate/Routing/RouteFileRegistrar->register('E://laravel_proj...')
#1 E:/laravel_project/passport-api/vendor/laravel/framework/src/Illuminate/Routing/Router.php(480): Illuminate/Routing/Router->loadRoutes('E://laravel_proj...')
#2 E:/laravel_project/passport-api/vendor/laravel/framework/src/Illuminate/Routing/RouteRegistrar.php(212): Illuminate/Routing/Router->group(Array, 'E://laravel_proj...')
#3 E:/laravel_project/passport-api/vendor/laravel/framework/src/Illuminate/Foundation/Configuration/ApplicationBuilder.php(214): Illuminate/Routing/RouteRegistrar->group('E://laravel_proj...')
#4 E:/laravel_project/passport-api/vendor/laravel/framework/src/Illuminate/Container/BoundMethod.php(36): Illuminate/Foundation/Configuration/ApplicationBuilder->Illuminate/Foundation/Configuration/{closure}()
#5 E:/laravel_project/passport-api/vendor/laravel/framework/src/Illuminate/Container/Util.php(43): Illuminate/Container/BoundMethod::Illuminate/Container/{closure}()
#6 E:/laravel_project/passport-api/vendor/laravel/framework/src/Illuminate/Container/BoundMethod.php(84): Illuminate/Container/Util::unwrapIfClosure(Object(Closure))
#7 E:/laravel_project/passport-api/vendor/laravel/framework/src/Illuminate/Container/BoundMethod.php(35): Illuminate/Container/BoundMethod::callBoundMethod(Object(Illuminate/Foundation/Application), Object(Closure), Object(Closure))
#8 E:/laravel_project/passport-api/vendor/laravel/framework/src/Illuminate/Container/Container.php(799): Illuminate/Container/BoundMethod::call(Object(Illuminate/Foundation/Application), Object(Closure), Array, NULL)
#9 E:/laravel_project/passport-api/vendor/laravel/framework/src/Illuminate/Foundation/Support/Providers/RouteServiceProvider.php(162): Illuminate/Container/Container->call(Object(Closure))
#10 E:/laravel_project/passport-api/vendor/laravel/framework/src/Illuminate/Foundation/Support/Providers/RouteServiceProvider.php(59): Illuminate/Foundation/Support/Providers/RouteServiceProvider->loadRoutes()
#11 E:/laravel_project/passport-api/vendor/laravel/framework/src/Illuminate/Container/BoundMethod.php(36): Illuminate/Foundation/Support/Providers/RouteServiceProvider->Illuminate/Foundation/Support/Providers/{closure}()
#12 E:/laravel_project/passport-api/vendor/laravel/framework/src/Illuminate/Container/Util.php(43): Illuminate/Container/BoundMethod::Illuminate/Container/{closure}()
#13 E:/laravel_project/passport-api/vendor/laravel/framework/src/Illuminate/Container/BoundMethod.php(84): Illuminate/Container/Util::unwrapIfClosure(Object(Closure))
#14 E:/laravel_project/passport-api/vendor/laravel/framework/src/Illuminate/Container/BoundMethod.php(35): Illuminate/Container/BoundMethod::callBoundMethod(Object(Illuminate/Foundation/Application), Object(Closure), Object(Closure))
#15 E:/laravel_project/passport-api/vendor/laravel/framework/src/Illuminate/Container/Container.php(799): Illuminate/Container/BoundMethod::call(Object(Illuminate/Foundation/Application), Object(Closure), Array, NULL)
#16 E:/laravel_project/passport-api/vendor/laravel/framework/src/Illuminate/Support/ServiceProvider.php(150): Illuminate/Container/Container->call(Object(Closure))
#17 E:/laravel_project/passport-api/vendor/laravel/framework/src/Illuminate/Foundation/Application.php(1154): Illuminate/Support/ServiceProvider->callBootedCallbacks()
#18 E:/laravel_project/passport-api/vendor/laravel/framework/src/Illuminate/Foundation/Application.php(1132): Illuminate/Foundation/Application->bootProvider(Object(Illuminate/Foundation/Support/Providers/RouteServiceProvider))
#19 [internal function]: Illuminate/Foundation/Application->Illuminate/Foundation/{closure}(Object(Illuminate/Foundation/Support/Providers/RouteServiceProvider), 'Illuminate//Foun...')
#20 E:/laravel_project/passport-api/vendor/laravel/framework/src/Illuminate/Foundation/Application.php(1131): array_walk(Array, Object(Closure))
#21 E:/laravel_project/passport-api/vendor/laravel/framework/src/Illuminate/Foundation/Bootstrap/BootProviders.php(17): Illuminate/Foundation/Application->boot()
#22 E:/laravel_project/passport-api/vendor/laravel/framework/src/Illuminate/Foundation/Application.php(342): Illuminate/Foundation/Bootstrap/BootProviders->bootstrap(Object(Illuminate/Foundation/Application))
#23 E:/laravel_project/passport-api/vendor/laravel/framework/src/Illuminate/Foundation/Console/Kernel.php(494): Illuminate/Foundation/Application->bootstrapWith(Array)
#24 E:/laravel_project/passport-api/vendor/laravel/framework/src/Illuminate/Foundation/Console/Kernel.php(196): Illuminate/Foundation/Console/Kernel->bootstrap()
#25 Command line code(1): Illuminate/Foundation/Console/Kernel->handle(Object(Symfony/Component/Console/Input/ArgvInput), Object(Symfony/Component/Console/Output/ConsoleOutput))
#26 {main}
"} 
[2026-03-26 14:58:10] local.ERROR: syntax error, unexpected end of file {"exception":"[object] (ParseError(code: 0): syntax error, unexpected end of file at E:/laravel_project/passport-api/routes/api.php:24)
[stacktrace]
#0 E:/laravel_project/passport-api/vendor/laravel/framework/src/Illuminate/Routing/Router.php(526): Illuminate/Routing/RouteFileRegistrar->register('E://laravel_proj...')
#1 E:/laravel_project/passport-api/vendor/laravel/framework/src/Illuminate/Routing/Router.php(480): Illuminate/Routing/Router->loadRoutes('E://laravel_proj...')
#2 E:/laravel_project/passport-api/vendor/laravel/framework/src/Illuminate/Routing/RouteRegistrar.php(212): Illuminate/Routing/Router->group(Array, 'E://laravel_proj...')
#3 E:/laravel_project/passport-api/vendor/laravel/framework/src/Illuminate/Foundation/Configuration/ApplicationBuilder.php(214): Illuminate/Routing/RouteRegistrar->group('E://laravel_proj...')
#4 E:/laravel_project/passport-api/vendor/laravel/framework/src/Illuminate/Container/BoundMethod.php(36): Illuminate/Foundation/Configuration/ApplicationBuilder->Illuminate/Foundation/Configuration/{closure}()
#5 E:/laravel_project/passport-api/vendor/laravel/framework/src/Illuminate/Container/Util.php(43): Illuminate/Container/BoundMethod::Illuminate/Container/{closure}()
#6 E:/laravel_project/passport-api/vendor/laravel/framework/src/Illuminate/Container/BoundMethod.php(84): Illuminate/Container/Util::unwrapIfClosure(Object(Closure))
#7 E:/laravel_project/passport-api/vendor/laravel/framework/src/Illuminate/Container/BoundMethod.php(35): Illuminate/Container/BoundMethod::callBoundMethod(Object(Illuminate/Foundation/Application), Object(Closure), Object(Closure))
#8 E:/laravel_project/passport-api/vendor/laravel/framework/src/Illuminate/Container/Container.php(799): Illuminate/Container/BoundMethod::call(Object(Illuminate/Foundation/Application), Object(Closure), Array, NULL)
#9 E:/laravel_project/passport-api/vendor/laravel/framework/src/Illuminate/Foundation/Support/Providers/RouteServiceProvider.php(162): Illuminate/Container/Container->call(Object(Closure))
#10 E:/laravel_project/passport-api/vendor/laravel/framework/src/Illuminate/Foundation/Support/Providers/RouteServiceProvider.php(59): Illuminate/Foundation/Support/Providers/RouteServiceProvider->loadRoutes()
#11 E:/laravel_project/passport-api/vendor/laravel/framework/src/Illuminate/Container/BoundMethod.php(36): Illuminate/Foundation/Support/Providers/RouteServiceProvider->Illuminate/Foundation/Support/Providers/{closure}()
#12 E:/laravel_project/passport-api/vendor/laravel/framework/src/Illuminate/Container/Util.php(43): Illuminate/Container/BoundMethod::Illuminate/Container/{closure}()
#13 E:/laravel_project/passport-api/vendor/laravel/framework/src/Illuminate/Container/BoundMethod.php(84): Illuminate/Container/Util::unwrapIfClosure(Object(Closure))
#14 E:/laravel_project/passport-api/vendor/laravel/framework/src/Illuminate/Container/BoundMethod.php(35): Illuminate/Container/BoundMethod::callBoundMethod(Object(Illuminate/Foundation/Application), Object(Closure), Object(Closure))
#15 E:/laravel_project/passport-api/vendor/laravel/framework/src/Illuminate/Container/Container.php(799): Illuminate/Container/BoundMethod::call(Object(Illuminate/Foundation/Application), Object(Closure), Array, NULL)
#16 E:/laravel_project/passport-api/vendor/laravel/framework/src/Illuminate/Support/ServiceProvider.php(150): Illuminate/Container/Container->call(Object(Closure))
#17 E:/laravel_project/passport-api/vendor/laravel/framework/src/Illuminate/Foundation/Application.php(1154): Illuminate/Support/ServiceProvider->callBootedCallbacks()
#18 E:/laravel_project/passport-api/vendor/laravel/framework/src/Illuminate/Foundation/Application.php(1132): Illuminate/Foundation/Application->bootProvider(Object(Illuminate/Foundation/Support/Providers/RouteServiceProvider))
#19 [internal function]: Illuminate/Foundation/Application->Illuminate/Foundation/{closure}(Object(Illuminate/Foundation/Support/Providers/RouteServiceProvider), 'Illuminate//Foun...')
#20 E:/laravel_project/passport-api/vendor/laravel/framework/src/Illuminate/Foundation/Application.php(1131): array_walk(Array, Object(Closure))
#21 E:/laravel_project/passport-api/vendor/laravel/framework/src/Illuminate/Foundation/Bootstrap/BootProviders.php(17): Illuminate/Foundation/Application->boot()
#22 E:/laravel_project/passport-api/vendor/laravel/framework/src/Illuminate/Foundation/Application.php(342): Illuminate/Foundation/Bootstrap/BootProviders->bootstrap(Object(Illuminate/Foundation/Application))
#23 E:/laravel_project/passport-api/vendor/laravel/framework/src/Illuminate/Foundation/Console/Kernel.php(494): Illuminate/Foundation/Application->bootstrapWith(Array)
#24 E:/laravel_project/passport-api/vendor/laravel/framework/src/Illuminate/Foundation/Console/Kernel.php(196): Illuminate/Foundation/Console/Kernel->bootstrap()
#25 Command line code(1): Illuminate/Foundation/Console/Kernel->handle(Object(Symfony/Component/Console/Input/ArgvInput), Object(Symfony/Component/Console/Output/ConsoleOutput))
#26 {main}
"} 
[2026-03-26 14:59:07] local.ERROR: syntax error, unexpected end of file {"exception":"[object] (ParseError(code: 0): syntax error, unexpected end of file at E:/laravel_project/passport-api/routes/api.php:24)
[stacktrace]
#0 E:/laravel_project/passport-api/vendor/laravel/framework/src/Illuminate/Routing/Router.php(526): Illuminate/Routing/RouteFileRegistrar->register('E://laravel_proj...')
#1 E:/laravel_project/passport-api/vendor/laravel/framework/src/Illuminate/Routing/Router.php(480): Illuminate/Routing/Router->loadRoutes('E://laravel_proj...')
#2 E:/laravel_project/passport-api/vendor/laravel/framework/src/Illuminate/Routing/RouteRegistrar.php(212): Illuminate/Routing/Router->group(Array, 'E://laravel_proj...')
#3 E:/laravel_project/passport-api/vendor/laravel/framework/src/Illuminate/Foundation/Configuration/ApplicationBuilder.php(214): Illuminate/Routing/RouteRegistrar->group('E://laravel_proj...')
#4 E:/laravel_project/passport-api/vendor/laravel/framework/src/Illuminate/Container/BoundMethod.php(36): Illuminate/Foundation/Configuration/ApplicationBuilder->Illuminate/Foundation/Configuration/{closure}()
#5 E:/laravel_project/passport-api/vendor/laravel/framework/src/Illuminate/Container/Util.php(43): Illuminate/Container/BoundMethod::Illuminate/Container/{closure}()
#6 E:/laravel_project/passport-api/vendor/laravel/framework/src/Illuminate/Container/BoundMethod.php(84): Illuminate/Container/Util::unwrapIfClosure(Object(Closure))
#7 E:/laravel_project/passport-api/vendor/laravel/framework/src/Illuminate/Container/BoundMethod.php(35): Illuminate/Container/BoundMethod::callBoundMethod(Object(Illuminate/Foundation/Application), Object(Closure), Object(Closure))
#8 E:/laravel_project/passport-api/vendor/laravel/framework/src/Illuminate/Container/Container.php(799): Illuminate/Container/BoundMethod::call(Object(Illuminate/Foundation/Application), Object(Closure), Array, NULL)
#9 E:/laravel_project/passport-api/vendor/laravel/framework/src/Illuminate/Foundation/Support/Providers/RouteServiceProvider.php(162): Illuminate/Container/Container->call(Object(Closure))
#10 E:/laravel_project/passport-api/vendor/laravel/framework/src/Illuminate/Foundation/Support/Providers/RouteServiceProvider.php(59): Illuminate/Foundation/Support/Providers/RouteServiceProvider->loadRoutes()
#11 E:/laravel_project/passport-api/vendor/laravel/framework/src/Illuminate/Container/BoundMethod.php(36): Illuminate/Foundation/Support/Providers/RouteServiceProvider->Illuminate/Foundation/Support/Providers/{closure}()
#12 E:/laravel_project/passport-api/vendor/laravel/framework/src/Illuminate/Container/Util.php(43): Illuminate/Container/BoundMethod::Illuminate/Container/{closure}()
#13 E:/laravel_project/passport-api/vendor/laravel/framework/src/Illuminate/Container/BoundMethod.php(84): Illuminate/Container/Util::unwrapIfClosure(Object(Closure))
#14 E:/laravel_project/passport-api/vendor/laravel/framework/src/Illuminate/Container/BoundMethod.php(35): Illuminate/Container/BoundMethod::callBoundMethod(Object(Illuminate/Foundation/Application), Object(Closure), Object(Closure))
#15 E:/laravel_project/passport-api/vendor/laravel/framework/src/Illuminate/Container/Container.php(799): Illuminate/Container/BoundMethod::call(Object(Illuminate/Foundation/Application), Object(Closure), Array, NULL)
#16 E:/laravel_project/passport-api/vendor/laravel/framework/src/Illuminate/Support/ServiceProvider.php(150): Illuminate/Container/Container->call(Object(Closure))
#17 E:/laravel_project/passport-api/vendor/laravel/framework/src/Illuminate/Foundation/Application.php(1154): Illuminate/Support/ServiceProvider->callBootedCallbacks()
#18 E:/laravel_project/passport-api/vendor/laravel/framework/src/Illuminate/Foundation/Application.php(1132): Illuminate/Foundation/Application->bootProvider(Object(Illuminate/Foundation/Support/Providers/RouteServiceProvider))
#19 [internal function]: Illuminate/Foundation/Application->Illuminate/Foundation/{closure}(Object(Illuminate/Foundation/Support/Providers/RouteServiceProvider), 'Illuminate//Foun...')
#20 E:/laravel_project/passport-api/vendor/laravel/framework/src/Illuminate/Foundation/Application.php(1131): array_walk(Array, Object(Closure))
#21 E:/laravel_project/passport-api/vendor/laravel/framework/src/Illuminate/Foundation/Bootstrap/BootProviders.php(17): Illuminate/Foundation/Application->boot()
#22 E:/laravel_project/passport-api/vendor/laravel/framework/src/Illuminate/Foundation/Application.php(342): Illuminate/Foundation/Bootstrap/BootProviders->bootstrap(Object(Illuminate/Foundation/Application))
#23 E:/laravel_project/passport-api/vendor/laravel/framework/src/Illuminate/Foundation/Console/Kernel.php(494): Illuminate/Foundation/Application->bootstrapWith(Array)
#24 E:/laravel_project/passport-api/vendor/laravel/framework/src/Illuminate/Foundation/Console/Kernel.php(196): Illuminate/Foundation/Console/Kernel->bootstrap()
#25 Command line code(1): Illuminate/Foundation/Console/Kernel->handle(Object(Symfony/Component/Console/Input/ArgvInput), Object(Symfony/Component/Console/Output/ConsoleOutput))
#26 {main}
"} 
[2026-03-26 14:59:07] local.ERROR: syntax error, unexpected end of file {"exception":"[object] (ParseError(code: 0): syntax error, unexpected end of file at E:/laravel_project/passport-api/routes/api.php:24)
[stacktrace]
#0 E:/laravel_project/passport-api/vendor/laravel/framework/src/Illuminate/Routing/Router.php(526): Illuminate/Routing/RouteFileRegistrar->register('E://laravel_proj...')
#1 E:/laravel_project/passport-api/vendor/laravel/framework/src/Illuminate/Routing/Router.php(480): Illuminate/Routing/Router->loadRoutes('E://laravel_proj...')
#2 E:/laravel_project/passport-api/vendor/laravel/framework/src/Illuminate/Routing/RouteRegistrar.php(212): Illuminate/Routing/Router->group(Array, 'E://laravel_proj...')
#3 E:/laravel_project/passport-api/vendor/laravel/framework/src/Illuminate/Foundation/Configuration/ApplicationBuilder.php(214): Illuminate/Routing/RouteRegistrar->group('E://laravel_proj...')
#4 E:/laravel_project/passport-api/vendor/laravel/framework/src/Illuminate/Container/BoundMethod.php(36): Illuminate/Foundation/Configuration/ApplicationBuilder->Illuminate/Foundation/Configuration/{closure}()
#5 E:/laravel_project/passport-api/vendor/laravel/framework/src/Illuminate/Container/Util.php(43): Illuminate/Container/BoundMethod::Illuminate/Container/{closure}()
#6 E:/laravel_project/passport-api/vendor/laravel/framework/src/Illuminate/Container/BoundMethod.php(84): Illuminate/Container/Util::unwrapIfClosure(Object(Closure))
#7 E:/laravel_project/passport-api/vendor/laravel/framework/src/Illuminate/Container/BoundMethod.php(35): Illuminate/Container/BoundMethod::callBoundMethod(Object(Illuminate/Foundation/Application), Object(Closure), Object(Closure))
#8 E:/laravel_project/passport-api/vendor/laravel/framework/src/Illuminate/Container/Container.php(799): Illuminate/Container/BoundMethod::call(Object(Illuminate/Foundation/Application), Object(Closure), Array, NULL)
#9 E:/laravel_project/passport-api/vendor/laravel/framework/src/Illuminate/Foundation/Support/Providers/RouteServiceProvider.php(162): Illuminate/Container/Container->call(Object(Closure))
#10 E:/laravel_project/passport-api/vendor/laravel/framework/src/Illuminate/Foundation/Support/Providers/RouteServiceProvider.php(59): Illuminate/Foundation/Support/Providers/RouteServiceProvider->loadRoutes()
#11 E:/laravel_project/passport-api/vendor/laravel/framework/src/Illuminate/Container/BoundMethod.php(36): Illuminate/Foundation/Support/Providers/RouteServiceProvider->Illuminate/Foundation/Support/Providers/{closure}()
#12 E:/laravel_project/passport-api/vendor/laravel/framework/src/Illuminate/Container/Util.php(43): Illuminate/Container/BoundMethod::Illuminate/Container/{closure}()
#13 E:/laravel_project/passport-api/vendor/laravel/framework/src/Illuminate/Container/BoundMethod.php(84): Illuminate/Container/Util::unwrapIfClosure(Object(Closure))
#14 E:/laravel_project/passport-api/vendor/laravel/framework/src/Illuminate/Container/BoundMethod.php(35): Illuminate/Container/BoundMethod::callBoundMethod(Object(Illuminate/Foundation/Application), Object(Closure), Object(Closure))
#15 E:/laravel_project/passport-api/vendor/laravel/framework/src/Illuminate/Container/Container.php(799): Illuminate/Container/BoundMethod::call(Object(Illuminate/Foundation/Application), Object(Closure), Array, NULL)
#16 E:/laravel_project/passport-api/vendor/laravel/framework/src/Illuminate/Support/ServiceProvider.php(150): Illuminate/Container/Container->call(Object(Closure))
#17 E:/laravel_project/passport-api/vendor/laravel/framework/src/Illuminate/Foundation/Application.php(1154): Illuminate/Support/ServiceProvider->callBootedCallbacks()
#18 E:/laravel_project/passport-api/vendor/laravel/framework/src/Illuminate/Foundation/Application.php(1132): Illuminate/Foundation/Application->bootProvider(Object(Illuminate/Foundation/Support/Providers/RouteServiceProvider))
#19 [internal function]: Illuminate/Foundation/Application->Illuminate/Foundation/{closure}(Object(Illuminate/Foundation/Support/Providers/RouteServiceProvider), 'Illuminate//Foun...')
#20 E:/laravel_project/passport-api/vendor/laravel/framework/src/Illuminate/Foundation/Application.php(1131): array_walk(Array, Object(Closure))
#21 E:/laravel_project/passport-api/vendor/laravel/framework/src/Illuminate/Foundation/Bootstrap/BootProviders.php(17): Illuminate/Foundation/Application->boot()
#22 E:/laravel_project/passport-api/vendor/laravel/framework/src/Illuminate/Foundation/Application.php(342): Illuminate/Foundation/Bootstrap/BootProviders->bootstrap(Object(Illuminate/Foundation/Application))
#23 E:/laravel_project/passport-api/vendor/laravel/framework/src/Illuminate/Foundation/Console/Kernel.php(494): Illuminate/Foundation/Application->bootstrapWith(Array)
#24 E:/laravel_project/passport-api/vendor/laravel/framework/src/Illuminate/Foundation/Console/Kernel.php(196): Illuminate/Foundation/Console/Kernel->bootstrap()
#25 Command line code(1): Illuminate/Foundation/Console/Kernel->handle(Object(Symfony/Component/Console/Input/ArgvInput), Object(Symfony/Component/Console/Output/ConsoleOutput))
#26 {main}
"} 
[2026-03-26 15:00:07] local.ERROR: syntax error, unexpected end of file {"exception":"[object] (ParseError(code: 0): syntax error, unexpected end of file at E:/laravel_project/passport-api/routes/api.php:24)
[stacktrace]
#0 E:/laravel_project/passport-api/vendor/laravel/framework/src/Illuminate/Routing/Router.php(526): Illuminate/Routing/RouteFileRegistrar->register('E://laravel_proj...')
#1 E:/laravel_project/passport-api/vendor/laravel/framework/src/Illuminate/Routing/Router.php(480): Illuminate/Routing/Router->loadRoutes('E://laravel_proj...')
#2 E:/laravel_project/passport-api/vendor/laravel/framework/src/Illuminate/Routing/RouteRegistrar.php(212): Illuminate/Routing/Router->group(Array, 'E://laravel_proj...')
#3 E:/laravel_project/passport-api/vendor/laravel/framework/src/Illuminate/Foundation/Configuration/ApplicationBuilder.php(214): Illuminate/Routing/RouteRegistrar->group('E://laravel_proj...')
#4 E:/laravel_project/passport-api/vendor/laravel/framework/src/Illuminate/Container/BoundMethod.php(36): Illuminate/Foundation/Configuration/ApplicationBuilder->Illuminate/Foundation/Configuration/{closure}()
#5 E:/laravel_project/passport-api/vendor/laravel/framework/src/Illuminate/Container/Util.php(43): Illuminate/Container/BoundMethod::Illuminate/Container/{closure}()
#6 E:/laravel_project/passport-api/vendor/laravel/framework/src/Illuminate/Container/BoundMethod.php(84): Illuminate/Container/Util::unwrapIfClosure(Object(Closure))
#7 E:/laravel_project/passport-api/vendor/laravel/framework/src/Illuminate/Container/BoundMethod.php(35): Illuminate/Container/BoundMethod::callBoundMethod(Object(Illuminate/Foundation/Application), Object(Closure), Object(Closure))
#8 E:/laravel_project/passport-api/vendor/laravel/framework/src/Illuminate/Container/Container.php(799): Illuminate/Container/BoundMethod::call(Object(Illuminate/Foundation/Application), Object(Closure), Array, NULL)
#9 E:/laravel_project/passport-api/vendor/laravel/framework/src/Illuminate/Foundation/Support/Providers/RouteServiceProvider.php(162): Illuminate/Container/Container->call(Object(Closure))
#10 E:/laravel_project/passport-api/vendor/laravel/framework/src/Illuminate/Foundation/Support/Providers/RouteServiceProvider.php(59): Illuminate/Foundation/Support/Providers/RouteServiceProvider->loadRoutes()
#11 E:/laravel_project/passport-api/vendor/laravel/framework/src/Illuminate/Container/BoundMethod.php(36): Illuminate/Foundation/Support/Providers/RouteServiceProvider->Illuminate/Foundation/Support/Providers/{closure}()
#12 E:/laravel_project/passport-api/vendor/laravel/framework/src/Illuminate/Container/Util.php(43): Illuminate/Container/BoundMethod::Illuminate/Container/{closure}()
#13 E:/laravel_project/passport-api/vendor/laravel/framework/src/Illuminate/Container/BoundMethod.php(84): Illuminate/Container/Util::unwrapIfClosure(Object(Closure))
#14 E:/laravel_project/passport-api/vendor/laravel/framework/src/Illuminate/Container/BoundMethod.php(35): Illuminate/Container/BoundMethod::callBoundMethod(Object(Illuminate/Foundation/Application), Object(Closure), Object(Closure))
#15 E:/laravel_project/passport-api/vendor/laravel/framework/src/Illuminate/Container/Container.php(799): Illuminate/Container/BoundMethod::call(Object(Illuminate/Foundation/Application), Object(Closure), Array, NULL)
#16 E:/laravel_project/passport-api/vendor/laravel/framework/src/Illuminate/Support/ServiceProvider.php(150): Illuminate/Container/Container->call(Object(Closure))
#17 E:/laravel_project/passport-api/vendor/laravel/framework/src/Illuminate/Foundation/Application.php(1154): Illuminate/Support/ServiceProvider->callBootedCallbacks()
#18 E:/laravel_project/passport-api/vendor/laravel/framework/src/Illuminate/Foundation/Application.php(1132): Illuminate/Foundation/Application->bootProvider(Object(Illuminate/Foundation/Support/Providers/RouteServiceProvider))
#19 [internal function]: Illuminate/Foundation/Application->Illuminate/Foundation/{closure}(Object(Illuminate/Foundation/Support/Providers/RouteServiceProvider), 'Illuminate//Foun...')
#20 E:/laravel_project/passport-api/vendor/laravel/framework/src/Illuminate/Foundation/Application.php(1131): array_walk(Array, Object(Closure))
#21 E:/laravel_project/passport-api/vendor/laravel/framework/src/Illuminate/Foundation/Bootstrap/BootProviders.php(17): Illuminate/Foundation/Application->boot()
#22 E:/laravel_project/passport-api/vendor/laravel/framework/src/Illuminate/Foundation/Application.php(342): Illuminate/Foundation/Bootstrap/BootProviders->bootstrap(Object(Illuminate/Foundation/Application))
#23 E:/laravel_project/passport-api/vendor/laravel/framework/src/Illuminate/Foundation/Console/Kernel.php(494): Illuminate/Foundation/Application->bootstrapWith(Array)
#24 E:/laravel_project/passport-api/vendor/laravel/framework/src/Illuminate/Foundation/Console/Kernel.php(196): Illuminate/Foundation/Console/Kernel->bootstrap()
#25 Command line code(1): Illuminate/Foundation/Console/Kernel->handle(Object(Symfony/Component/Console/Input/ArgvInput), Object(Symfony/Component/Console/Output/ConsoleOutput))
#26 {main}
"} 
[2026-03-26 15:00:47] local.ERROR: syntax error, unexpected end of file {"exception":"[object] (ParseError(code: 0): syntax error, unexpected end of file at E:/laravel_project/passport-api/routes/api.php:24)
[stacktrace]
#0 E:/laravel_project/passport-api/vendor/laravel/framework/src/Illuminate/Routing/Router.php(526): Illuminate/Routing/RouteFileRegistrar->register('E://laravel_proj...')
#1 E:/laravel_project/passport-api/vendor/laravel/framework/src/Illuminate/Routing/Router.php(480): Illuminate/Routing/Router->loadRoutes('E://laravel_proj...')
#2 E:/laravel_project/passport-api/vendor/laravel/framework/src/Illuminate/Routing/RouteRegistrar.php(212): Illuminate/Routing/Router->group(Array, 'E://laravel_proj...')
#3 E:/laravel_project/passport-api/vendor/laravel/framework/src/Illuminate/Foundation/Configuration/ApplicationBuilder.php(214): Illuminate/Routing/RouteRegistrar->group('E://laravel_proj...')
#4 E:/laravel_project/passport-api/vendor/laravel/framework/src/Illuminate/Container/BoundMethod.php(36): Illuminate/Foundation/Configuration/ApplicationBuilder->Illuminate/Foundation/Configuration/{closure}()
#5 E:/laravel_project/passport-api/vendor/laravel/framework/src/Illuminate/Container/Util.php(43): Illuminate/Container/BoundMethod::Illuminate/Container/{closure}()
#6 E:/laravel_project/passport-api/vendor/laravel/framework/src/Illuminate/Container/BoundMethod.php(84): Illuminate/Container/Util::unwrapIfClosure(Object(Closure))
#7 E:/laravel_project/passport-api/vendor/laravel/framework/src/Illuminate/Container/BoundMethod.php(35): Illuminate/Container/BoundMethod::callBoundMethod(Object(Illuminate/Foundation/Application), Object(Closure), Object(Closure))
#8 E:/laravel_project/passport-api/vendor/laravel/framework/src/Illuminate/Container/Container.php(799): Illuminate/Container/BoundMethod::call(Object(Illuminate/Foundation/Application), Object(Closure), Array, NULL)
#9 E:/laravel_project/passport-api/vendor/laravel/framework/src/Illuminate/Foundation/Support/Providers/RouteServiceProvider.php(162): Illuminate/Container/Container->call(Object(Closure))
#10 E:/laravel_project/passport-api/vendor/laravel/framework/src/Illuminate/Foundation/Support/Providers/RouteServiceProvider.php(59): Illuminate/Foundation/Support/Providers/RouteServiceProvider->loadRoutes()
#11 E:/laravel_project/passport-api/vendor/laravel/framework/src/Illuminate/Container/BoundMethod.php(36): Illuminate/Foundation/Support/Providers/RouteServiceProvider->Illuminate/Foundation/Support/Providers/{closure}()
#12 E:/laravel_project/passport-api/vendor/laravel/framework/src/Illuminate/Container/Util.php(43): Illuminate/Container/BoundMethod::Illuminate/Container/{closure}()
#13 E:/laravel_project/passport-api/vendor/laravel/framework/src/Illuminate/Container/BoundMethod.php(84): Illuminate/Container/Util::unwrapIfClosure(Object(Closure))
#14 E:/laravel_project/passport-api/vendor/laravel/framework/src/Illuminate/Container/BoundMethod.php(35): Illuminate/Container/BoundMethod::callBoundMethod(Object(Illuminate/Foundation/Application), Object(Closure), Object(Closure))
#15 E:/laravel_project/passport-api/vendor/laravel/framework/src/Illuminate/Container/Container.php(799): Illuminate/Container/BoundMethod::call(Object(Illuminate/Foundation/Application), Object(Closure), Array, NULL)
#16 E:/laravel_project/passport-api/vendor/laravel/framework/src/Illuminate/Support/ServiceProvider.php(150): Illuminate/Container/Container->call(Object(Closure))
#17 E:/laravel_project/passport-api/vendor/laravel/framework/src/Illuminate/Foundation/Application.php(1154): Illuminate/Support/ServiceProvider->callBootedCallbacks()
#18 E:/laravel_project/passport-api/vendor/laravel/framework/src/Illuminate/Foundation/Application.php(1132): Illuminate/Foundation/Application->bootProvider(Object(Illuminate/Foundation/Support/Providers/RouteServiceProvider))
#19 [internal function]: Illuminate/Foundation/Application->Illuminate/Foundation/{closure}(Object(Illuminate/Foundation/Support/Providers/RouteServiceProvider), 'Illuminate//Foun...')
#20 E:/laravel_project/passport-api/vendor/laravel/framework/src/Illuminate/Foundation/Application.php(1131): array_walk(Array, Object(Closure))
#21 E:/laravel_project/passport-api/vendor/laravel/framework/src/Illuminate/Foundation/Bootstrap/BootProviders.php(17): Illuminate/Foundation/Application->boot()
#22 E:/laravel_project/passport-api/vendor/laravel/framework/src/Illuminate/Foundation/Application.php(342): Illuminate/Foundation/Bootstrap/BootProviders->bootstrap(Object(Illuminate/Foundation/Application))
#23 E:/laravel_project/passport-api/vendor/laravel/framework/src/Illuminate/Foundation/Console/Kernel.php(494): Illuminate/Foundation/Application->bootstrapWith(Array)
#24 E:/laravel_project/passport-api/vendor/laravel/framework/src/Illuminate/Foundation/Console/Kernel.php(196): Illuminate/Foundation/Console/Kernel->bootstrap()
#25 Command line code(1): Illuminate/Foundation/Console/Kernel->handle(Object(Symfony/Component/Console/Input/ArgvInput), Object(Symfony/Component/Console/Output/ConsoleOutput))
#26 {main}
"} 
[2026-03-26 15:00:54] local.ERROR: syntax error, unexpected end of file {"exception":"[object] (ParseError(code: 0): syntax error, unexpected end of file at E:/laravel_project/passport-api/routes/api.php:24)
[stacktrace]
#0 E:/laravel_project/passport-api/vendor/laravel/framework/src/Illuminate/Routing/Router.php(526): Illuminate/Routing/RouteFileRegistrar->register('E://laravel_proj...')
#1 E:/laravel_project/passport-api/vendor/laravel/framework/src/Illuminate/Routing/Router.php(480): Illuminate/Routing/Router->loadRoutes('E://laravel_proj...')
#2 E:/laravel_project/passport-api/vendor/laravel/framework/src/Illuminate/Routing/RouteRegistrar.php(212): Illuminate/Routing/Router->group(Array, 'E://laravel_proj...')
#3 E:/laravel_project/passport-api/vendor/laravel/framework/src/Illuminate/Foundation/Configuration/ApplicationBuilder.php(214): Illuminate/Routing/RouteRegistrar->group('E://laravel_proj...')
#4 E:/laravel_project/passport-api/vendor/laravel/framework/src/Illuminate/Container/BoundMethod.php(36): Illuminate/Foundation/Configuration/ApplicationBuilder->Illuminate/Foundation/Configuration/{closure}()
#5 E:/laravel_project/passport-api/vendor/laravel/framework/src/Illuminate/Container/Util.php(43): Illuminate/Container/BoundMethod::Illuminate/Container/{closure}()
#6 E:/laravel_project/passport-api/vendor/laravel/framework/src/Illuminate/Container/BoundMethod.php(84): Illuminate/Container/Util::unwrapIfClosure(Object(Closure))
#7 E:/laravel_project/passport-api/vendor/laravel/framework/src/Illuminate/Container/BoundMethod.php(35): Illuminate/Container/BoundMethod::callBoundMethod(Object(Illuminate/Foundation/Application), Object(Closure), Object(Closure))
#8 E:/laravel_project/passport-api/vendor/laravel/framework/src/Illuminate/Container/Container.php(799): Illuminate/Container/BoundMethod::call(Object(Illuminate/Foundation/Application), Object(Closure), Array, NULL)
#9 E:/laravel_project/passport-api/vendor/laravel/framework/src/Illuminate/Foundation/Support/Providers/RouteServiceProvider.php(162): Illuminate/Container/Container->call(Object(Closure))
#10 E:/laravel_project/passport-api/vendor/laravel/framework/src/Illuminate/Foundation/Support/Providers/RouteServiceProvider.php(59): Illuminate/Foundation/Support/Providers/RouteServiceProvider->loadRoutes()
#11 E:/laravel_project/passport-api/vendor/laravel/framework/src/Illuminate/Container/BoundMethod.php(36): Illuminate/Foundation/Support/Providers/RouteServiceProvider->Illuminate/Foundation/Support/Providers/{closure}()
#12 E:/laravel_project/passport-api/vendor/laravel/framework/src/Illuminate/Container/Util.php(43): Illuminate/Container/BoundMethod::Illuminate/Container/{closure}()
#13 E:/laravel_project/passport-api/vendor/laravel/framework/src/Illuminate/Container/BoundMethod.php(84): Illuminate/Container/Util::unwrapIfClosure(Object(Closure))
#14 E:/laravel_project/passport-api/vendor/laravel/framework/src/Illuminate/Container/BoundMethod.php(35): Illuminate/Container/BoundMethod::callBoundMethod(Object(Illuminate/Foundation/Application), Object(Closure), Object(Closure))
#15 E:/laravel_project/passport-api/vendor/laravel/framework/src/Illuminate/Container/Container.php(799): Illuminate/Container/BoundMethod::call(Object(Illuminate/Foundation/Application), Object(Closure), Array, NULL)
#16 E:/laravel_project/passport-api/vendor/laravel/framework/src/Illuminate/Support/ServiceProvider.php(150): Illuminate/Container/Container->call(Object(Closure))
#17 E:/laravel_project/passport-api/vendor/laravel/framework/src/Illuminate/Foundation/Application.php(1154): Illuminate/Support/ServiceProvider->callBootedCallbacks()
#18 E:/laravel_project/passport-api/vendor/laravel/framework/src/Illuminate/Foundation/Application.php(1132): Illuminate/Foundation/Application->bootProvider(Object(Illuminate/Foundation/Support/Providers/RouteServiceProvider))
#19 [internal function]: Illuminate/Foundation/Application->Illuminate/Foundation/{closure}(Object(Illuminate/Foundation/Support/Providers/RouteServiceProvider), 'Illuminate//Foun...')
#20 E:/laravel_project/passport-api/vendor/laravel/framework/src/Illuminate/Foundation/Application.php(1131): array_walk(Array, Object(Closure))
#21 E:/laravel_project/passport-api/vendor/laravel/framework/src/Illuminate/Foundation/Bootstrap/BootProviders.php(17): Illuminate/Foundation/Application->boot()
#22 E:/laravel_project/passport-api/vendor/laravel/framework/src/Illuminate/Foundation/Application.php(342): Illuminate/Foundation/Bootstrap/BootProviders->bootstrap(Object(Illuminate/Foundation/Application))
#23 E:/laravel_project/passport-api/vendor/laravel/framework/src/Illuminate/Foundation/Console/Kernel.php(494): Illuminate/Foundation/Application->bootstrapWith(Array)
#24 E:/laravel_project/passport-api/vendor/laravel/framework/src/Illuminate/Foundation/Console/Kernel.php(196): Illuminate/Foundation/Console/Kernel->bootstrap()
#25 Command line code(1): Illuminate/Foundation/Console/Kernel->handle(Object(Symfony/Component/Console/Input/ArgvInput), Object(Symfony/Component/Console/Output/ConsoleOutput))
#26 {main}
"} 
[2026-03-26 15:01:00] local.ERROR: syntax error, unexpected end of file {"exception":"[object] (ParseError(code: 0): syntax error, unexpected end of file at E:/laravel_project/passport-api/routes/api.php:24)
[stacktrace]
#0 E:/laravel_project/passport-api/vendor/laravel/framework/src/Illuminate/Routing/Router.php(526): Illuminate/Routing/RouteFileRegistrar->register('E://laravel_proj...')
#1 E:/laravel_project/passport-api/vendor/laravel/framework/src/Illuminate/Routing/Router.php(480): Illuminate/Routing/Router->loadRoutes('E://laravel_proj...')
#2 E:/laravel_project/passport-api/vendor/laravel/framework/src/Illuminate/Routing/RouteRegistrar.php(212): Illuminate/Routing/Router->group(Array, 'E://laravel_proj...')
#3 E:/laravel_project/passport-api/vendor/laravel/framework/src/Illuminate/Foundation/Configuration/ApplicationBuilder.php(214): Illuminate/Routing/RouteRegistrar->group('E://laravel_proj...')
#4 E:/laravel_project/passport-api/vendor/laravel/framework/src/Illuminate/Container/BoundMethod.php(36): Illuminate/Foundation/Configuration/ApplicationBuilder->Illuminate/Foundation/Configuration/{closure}()
#5 E:/laravel_project/passport-api/vendor/laravel/framework/src/Illuminate/Container/Util.php(43): Illuminate/Container/BoundMethod::Illuminate/Container/{closure}()
#6 E:/laravel_project/passport-api/vendor/laravel/framework/src/Illuminate/Container/BoundMethod.php(84): Illuminate/Container/Util::unwrapIfClosure(Object(Closure))
#7 E:/laravel_project/passport-api/vendor/laravel/framework/src/Illuminate/Container/BoundMethod.php(35): Illuminate/Container/BoundMethod::callBoundMethod(Object(Illuminate/Foundation/Application), Object(Closure), Object(Closure))
#8 E:/laravel_project/passport-api/vendor/laravel/framework/src/Illuminate/Container/Container.php(799): Illuminate/Container/BoundMethod::call(Object(Illuminate/Foundation/Application), Object(Closure), Array, NULL)
#9 E:/laravel_project/passport-api/vendor/laravel/framework/src/Illuminate/Foundation/Support/Providers/RouteServiceProvider.php(162): Illuminate/Container/Container->call(Object(Closure))
#10 E:/laravel_project/passport-api/vendor/laravel/framework/src/Illuminate/Foundation/Support/Providers/RouteServiceProvider.php(59): Illuminate/Foundation/Support/Providers/RouteServiceProvider->loadRoutes()
#11 E:/laravel_project/passport-api/vendor/laravel/framework/src/Illuminate/Container/BoundMethod.php(36): Illuminate/Foundation/Support/Providers/RouteServiceProvider->Illuminate/Foundation/Support/Providers/{closure}()
#12 E:/laravel_project/passport-api/vendor/laravel/framework/src/Illuminate/Container/Util.php(43): Illuminate/Container/BoundMethod::Illuminate/Container/{closure}()
#13 E:/laravel_project/passport-api/vendor/laravel/framework/src/Illuminate/Container/BoundMethod.php(84): Illuminate/Container/Util::unwrapIfClosure(Object(Closure))
#14 E:/laravel_project/passport-api/vendor/laravel/framework/src/Illuminate/Container/BoundMethod.php(35): Illuminate/Container/BoundMethod::callBoundMethod(Object(Illuminate/Foundation/Application), Object(Closure), Object(Closure))
#15 E:/laravel_project/passport-api/vendor/laravel/framework/src/Illuminate/Container/Container.php(799): Illuminate/Container/BoundMethod::call(Object(Illuminate/Foundation/Application), Object(Closure), Array, NULL)
#16 E:/laravel_project/passport-api/vendor/laravel/framework/src/Illuminate/Support/ServiceProvider.php(150): Illuminate/Container/Container->call(Object(Closure))
#17 E:/laravel_project/passport-api/vendor/laravel/framework/src/Illuminate/Foundation/Application.php(1154): Illuminate/Support/ServiceProvider->callBootedCallbacks()
#18 E:/laravel_project/passport-api/vendor/laravel/framework/src/Illuminate/Foundation/Application.php(1132): Illuminate/Foundation/Application->bootProvider(Object(Illuminate/Foundation/Support/Providers/RouteServiceProvider))
#19 [internal function]: Illuminate/Foundation/Application->Illuminate/Foundation/{closure}(Object(Illuminate/Foundation/Support/Providers/RouteServiceProvider), 'Illuminate//Foun...')
#20 E:/laravel_project/passport-api/vendor/laravel/framework/src/Illuminate/Foundation/Application.php(1131): array_walk(Array, Object(Closure))
#21 E:/laravel_project/passport-api/vendor/laravel/framework/src/Illuminate/Foundation/Bootstrap/BootProviders.php(17): Illuminate/Foundation/Application->boot()
#22 E:/laravel_project/passport-api/vendor/laravel/framework/src/Illuminate/Foundation/Application.php(342): Illuminate/Foundation/Bootstrap/BootProviders->bootstrap(Object(Illuminate/Foundation/Application))
#23 E:/laravel_project/passport-api/vendor/laravel/framework/src/Illuminate/Foundation/Console/Kernel.php(494): Illuminate/Foundation/Application->bootstrapWith(Array)
#24 E:/laravel_project/passport-api/vendor/laravel/framework/src/Illuminate/Foundation/Console/Kernel.php(196): Illuminate/Foundation/Console/Kernel->bootstrap()
#25 Command line code(1): Illuminate/Foundation/Console/Kernel->handle(Object(Symfony/Component/Console/Input/ArgvInput), Object(Symfony/Component/Console/Output/ConsoleOutput))
#26 {main}
"} 
[2026-03-26 15:01:07] local.ERROR: syntax error, unexpected end of file {"exception":"[object] (ParseError(code: 0): syntax error, unexpected end of file at E:/laravel_project/passport-api/routes/api.php:24)
[stacktrace]
#0 E:/laravel_project/passport-api/vendor/laravel/framework/src/Illuminate/Routing/Router.php(526): Illuminate/Routing/RouteFileRegistrar->register('E://laravel_proj...')
#1 E:/laravel_project/passport-api/vendor/laravel/framework/src/Illuminate/Routing/Router.php(480): Illuminate/Routing/Router->loadRoutes('E://laravel_proj...')
#2 E:/laravel_project/passport-api/vendor/laravel/framework/src/Illuminate/Routing/RouteRegistrar.php(212): Illuminate/Routing/Router->group(Array, 'E://laravel_proj...')
#3 E:/laravel_project/passport-api/vendor/laravel/framework/src/Illuminate/Foundation/Configuration/ApplicationBuilder.php(214): Illuminate/Routing/RouteRegistrar->group('E://laravel_proj...')
#4 E:/laravel_project/passport-api/vendor/laravel/framework/src/Illuminate/Container/BoundMethod.php(36): Illuminate/Foundation/Configuration/ApplicationBuilder->Illuminate/Foundation/Configuration/{closure}()
#5 E:/laravel_project/passport-api/vendor/laravel/framework/src/Illuminate/Container/Util.php(43): Illuminate/Container/BoundMethod::Illuminate/Container/{closure}()
#6 E:/laravel_project/passport-api/vendor/laravel/framework/src/Illuminate/Container/BoundMethod.php(84): Illuminate/Container/Util::unwrapIfClosure(Object(Closure))
#7 E:/laravel_project/passport-api/vendor/laravel/framework/src/Illuminate/Container/BoundMethod.php(35): Illuminate/Container/BoundMethod::callBoundMethod(Object(Illuminate/Foundation/Application), Object(Closure), Object(Closure))
#8 E:/laravel_project/passport-api/vendor/laravel/framework/src/Illuminate/Container/Container.php(799): Illuminate/Container/BoundMethod::call(Object(Illuminate/Foundation/Application), Object(Closure), Array, NULL)
#9 E:/laravel_project/passport-api/vendor/laravel/framework/src/Illuminate/Foundation/Support/Providers/RouteServiceProvider.php(162): Illuminate/Container/Container->call(Object(Closure))
#10 E:/laravel_project/passport-api/vendor/laravel/framework/src/Illuminate/Foundation/Support/Providers/RouteServiceProvider.php(59): Illuminate/Foundation/Support/Providers/RouteServiceProvider->loadRoutes()
#11 E:/laravel_project/passport-api/vendor/laravel/framework/src/Illuminate/Container/BoundMethod.php(36): Illuminate/Foundation/Support/Providers/RouteServiceProvider->Illuminate/Foundation/Support/Providers/{closure}()
#12 E:/laravel_project/passport-api/vendor/laravel/framework/src/Illuminate/Container/Util.php(43): Illuminate/Container/BoundMethod::Illuminate/Container/{closure}()
#13 E:/laravel_project/passport-api/vendor/laravel/framework/src/Illuminate/Container/BoundMethod.php(84): Illuminate/Container/Util::unwrapIfClosure(Object(Closure))
#14 E:/laravel_project/passport-api/vendor/laravel/framework/src/Illuminate/Container/BoundMethod.php(35): Illuminate/Container/BoundMethod::callBoundMethod(Object(Illuminate/Foundation/Application), Object(Closure), Object(Closure))
#15 E:/laravel_project/passport-api/vendor/laravel/framework/src/Illuminate/Container/Container.php(799): Illuminate/Container/BoundMethod::call(Object(Illuminate/Foundation/Application), Object(Closure), Array, NULL)
#16 E:/laravel_project/passport-api/vendor/laravel/framework/src/Illuminate/Support/ServiceProvider.php(150): Illuminate/Container/Container->call(Object(Closure))
#17 E:/laravel_project/passport-api/vendor/laravel/framework/src/Illuminate/Foundation/Application.php(1154): Illuminate/Support/ServiceProvider->callBootedCallbacks()
#18 E:/laravel_project/passport-api/vendor/laravel/framework/src/Illuminate/Foundation/Application.php(1132): Illuminate/Foundation/Application->bootProvider(Object(Illuminate/Foundation/Support/Providers/RouteServiceProvider))
#19 [internal function]: Illuminate/Foundation/Application->Illuminate/Foundation/{closure}(Object(Illuminate/Foundation/Support/Providers/RouteServiceProvider), 'Illuminate//Foun...')
#20 E:/laravel_project/passport-api/vendor/laravel/framework/src/Illuminate/Foundation/Application.php(1131): array_walk(Array, Object(Closure))
#21 E:/laravel_project/passport-api/vendor/laravel/framework/src/Illuminate/Foundation/Bootstrap/BootProviders.php(17): Illuminate/Foundation/Application->boot()
#22 E:/laravel_project/passport-api/vendor/laravel/framework/src/Illuminate/Foundation/Application.php(342): Illuminate/Foundation/Bootstrap/BootProviders->bootstrap(Object(Illuminate/Foundation/Application))
#23 E:/laravel_project/passport-api/vendor/laravel/framework/src/Illuminate/Foundation/Console/Kernel.php(494): Illuminate/Foundation/Application->bootstrapWith(Array)
#24 E:/laravel_project/passport-api/vendor/laravel/framework/src/Illuminate/Foundation/Console/Kernel.php(196): Illuminate/Foundation/Console/Kernel->bootstrap()
#25 Command line code(1): Illuminate/Foundation/Console/Kernel->handle(Object(Symfony/Component/Console/Input/ArgvInput), Object(Symfony/Component/Console/Output/ConsoleOutput))
#26 {main}
"} 
[2026-03-26 15:01:32] local.ERROR: syntax error, unexpected end of file {"exception":"[object] (ParseError(code: 0): syntax error, unexpected end of file at E:/laravel_project/passport-api/routes/api.php:24)
[stacktrace]
#0 E:/laravel_project/passport-api/vendor/laravel/framework/src/Illuminate/Routing/Router.php(526): Illuminate/Routing/RouteFileRegistrar->register('E://laravel_proj...')
#1 E:/laravel_project/passport-api/vendor/laravel/framework/src/Illuminate/Routing/Router.php(480): Illuminate/Routing/Router->loadRoutes('E://laravel_proj...')
#2 E:/laravel_project/passport-api/vendor/laravel/framework/src/Illuminate/Routing/RouteRegistrar.php(212): Illuminate/Routing/Router->group(Array, 'E://laravel_proj...')
#3 E:/laravel_project/passport-api/vendor/laravel/framework/src/Illuminate/Foundation/Configuration/ApplicationBuilder.php(214): Illuminate/Routing/RouteRegistrar->group('E://laravel_proj...')
#4 E:/laravel_project/passport-api/vendor/laravel/framework/src/Illuminate/Container/BoundMethod.php(36): Illuminate/Foundation/Configuration/ApplicationBuilder->Illuminate/Foundation/Configuration/{closure}()
#5 E:/laravel_project/passport-api/vendor/laravel/framework/src/Illuminate/Container/Util.php(43): Illuminate/Container/BoundMethod::Illuminate/Container/{closure}()
#6 E:/laravel_project/passport-api/vendor/laravel/framework/src/Illuminate/Container/BoundMethod.php(84): Illuminate/Container/Util::unwrapIfClosure(Object(Closure))
#7 E:/laravel_project/passport-api/vendor/laravel/framework/src/Illuminate/Container/BoundMethod.php(35): Illuminate/Container/BoundMethod::callBoundMethod(Object(Illuminate/Foundation/Application), Object(Closure), Object(Closure))
#8 E:/laravel_project/passport-api/vendor/laravel/framework/src/Illuminate/Container/Container.php(799): Illuminate/Container/BoundMethod::call(Object(Illuminate/Foundation/Application), Object(Closure), Array, NULL)
#9 E:/laravel_project/passport-api/vendor/laravel/framework/src/Illuminate/Foundation/Support/Providers/RouteServiceProvider.php(162): Illuminate/Container/Container->call(Object(Closure))
#10 E:/laravel_project/passport-api/vendor/laravel/framework/src/Illuminate/Foundation/Support/Providers/RouteServiceProvider.php(59): Illuminate/Foundation/Support/Providers/RouteServiceProvider->loadRoutes()
#11 E:/laravel_project/passport-api/vendor/laravel/framework/src/Illuminate/Container/BoundMethod.php(36): Illuminate/Foundation/Support/Providers/RouteServiceProvider->Illuminate/Foundation/Support/Providers/{closure}()
#12 E:/laravel_project/passport-api/vendor/laravel/framework/src/Illuminate/Container/Util.php(43): Illuminate/Container/BoundMethod::Illuminate/Container/{closure}()
#13 E:/laravel_project/passport-api/vendor/laravel/framework/src/Illuminate/Container/BoundMethod.php(84): Illuminate/Container/Util::unwrapIfClosure(Object(Closure))
#14 E:/laravel_project/passport-api/vendor/laravel/framework/src/Illuminate/Container/BoundMethod.php(35): Illuminate/Container/BoundMethod::callBoundMethod(Object(Illuminate/Foundation/Application), Object(Closure), Object(Closure))
#15 E:/laravel_project/passport-api/vendor/laravel/framework/src/Illuminate/Container/Container.php(799): Illuminate/Container/BoundMethod::call(Object(Illuminate/Foundation/Application), Object(Closure), Array, NULL)
#16 E:/laravel_project/passport-api/vendor/laravel/framework/src/Illuminate/Support/ServiceProvider.php(150): Illuminate/Container/Container->call(Object(Closure))
#17 E:/laravel_project/passport-api/vendor/laravel/framework/src/Illuminate/Foundation/Application.php(1154): Illuminate/Support/ServiceProvider->callBootedCallbacks()
#18 E:/laravel_project/passport-api/vendor/laravel/framework/src/Illuminate/Foundation/Application.php(1132): Illuminate/Foundation/Application->bootProvider(Object(Illuminate/Foundation/Support/Providers/RouteServiceProvider))
#19 [internal function]: Illuminate/Foundation/Application->Illuminate/Foundation/{closure}(Object(Illuminate/Foundation/Support/Providers/RouteServiceProvider), 'Illuminate//Foun...')
#20 E:/laravel_project/passport-api/vendor/laravel/framework/src/Illuminate/Foundation/Application.php(1131): array_walk(Array, Object(Closure))
#21 E:/laravel_project/passport-api/vendor/laravel/framework/src/Illuminate/Foundation/Bootstrap/BootProviders.php(17): Illuminate/Foundation/Application->boot()
#22 E:/laravel_project/passport-api/vendor/laravel/framework/src/Illuminate/Foundation/Application.php(342): Illuminate/Foundation/Bootstrap/BootProviders->bootstrap(Object(Illuminate/Foundation/Application))
#23 E:/laravel_project/passport-api/vendor/laravel/framework/src/Illuminate/Foundation/Console/Kernel.php(494): Illuminate/Foundation/Application->bootstrapWith(Array)
#24 E:/laravel_project/passport-api/vendor/laravel/framework/src/Illuminate/Foundation/Console/Kernel.php(196): Illuminate/Foundation/Console/Kernel->bootstrap()
#25 Command line code(1): Illuminate/Foundation/Console/Kernel->handle(Object(Symfony/Component/Console/Input/ArgvInput), Object(Symfony/Component/Console/Output/ConsoleOutput))
#26 {main}
"} 
[2026-03-26 15:01:45] local.ERROR: syntax error, unexpected end of file {"exception":"[object] (ParseError(code: 0): syntax error, unexpected end of file at E:/laravel_project/passport-api/routes/api.php:24)
[stacktrace]
#0 E:/laravel_project/passport-api/vendor/laravel/framework/src/Illuminate/Routing/Router.php(526): Illuminate/Routing/RouteFileRegistrar->register('E://laravel_proj...')
#1 E:/laravel_project/passport-api/vendor/laravel/framework/src/Illuminate/Routing/Router.php(480): Illuminate/Routing/Router->loadRoutes('E://laravel_proj...')
#2 E:/laravel_project/passport-api/vendor/laravel/framework/src/Illuminate/Routing/RouteRegistrar.php(212): Illuminate/Routing/Router->group(Array, 'E://laravel_proj...')
#3 E:/laravel_project/passport-api/vendor/laravel/framework/src/Illuminate/Foundation/Configuration/ApplicationBuilder.php(214): Illuminate/Routing/RouteRegistrar->group('E://laravel_proj...')
#4 E:/laravel_project/passport-api/vendor/laravel/framework/src/Illuminate/Container/BoundMethod.php(36): Illuminate/Foundation/Configuration/ApplicationBuilder->Illuminate/Foundation/Configuration/{closure}()
#5 E:/laravel_project/passport-api/vendor/laravel/framework/src/Illuminate/Container/Util.php(43): Illuminate/Container/BoundMethod::Illuminate/Container/{closure}()
#6 E:/laravel_project/passport-api/vendor/laravel/framework/src/Illuminate/Container/BoundMethod.php(84): Illuminate/Container/Util::unwrapIfClosure(Object(Closure))
#7 E:/laravel_project/passport-api/vendor/laravel/framework/src/Illuminate/Container/BoundMethod.php(35): Illuminate/Container/BoundMethod::callBoundMethod(Object(Illuminate/Foundation/Application), Object(Closure), Object(Closure))
#8 E:/laravel_project/passport-api/vendor/laravel/framework/src/Illuminate/Container/Container.php(799): Illuminate/Container/BoundMethod::call(Object(Illuminate/Foundation/Application), Object(Closure), Array, NULL)
#9 E:/laravel_project/passport-api/vendor/laravel/framework/src/Illuminate/Foundation/Support/Providers/RouteServiceProvider.php(162): Illuminate/Container/Container->call(Object(Closure))
#10 E:/laravel_project/passport-api/vendor/laravel/framework/src/Illuminate/Foundation/Support/Providers/RouteServiceProvider.php(59): Illuminate/Foundation/Support/Providers/RouteServiceProvider->loadRoutes()
#11 E:/laravel_project/passport-api/vendor/laravel/framework/src/Illuminate/Container/BoundMethod.php(36): Illuminate/Foundation/Support/Providers/RouteServiceProvider->Illuminate/Foundation/Support/Providers/{closure}()
#12 E:/laravel_project/passport-api/vendor/laravel/framework/src/Illuminate/Container/Util.php(43): Illuminate/Container/BoundMethod::Illuminate/Container/{closure}()
#13 E:/laravel_project/passport-api/vendor/laravel/framework/src/Illuminate/Container/BoundMethod.php(84): Illuminate/Container/Util::unwrapIfClosure(Object(Closure))
#14 E:/laravel_project/passport-api/vendor/laravel/framework/src/Illuminate/Container/BoundMethod.php(35): Illuminate/Container/BoundMethod::callBoundMethod(Object(Illuminate/Foundation/Application), Object(Closure), Object(Closure))
#15 E:/laravel_project/passport-api/vendor/laravel/framework/src/Illuminate/Container/Container.php(799): Illuminate/Container/BoundMethod::call(Object(Illuminate/Foundation/Application), Object(Closure), Array, NULL)
#16 E:/laravel_project/passport-api/vendor/laravel/framework/src/Illuminate/Support/ServiceProvider.php(150): Illuminate/Container/Container->call(Object(Closure))
#17 E:/laravel_project/passport-api/vendor/laravel/framework/src/Illuminate/Foundation/Application.php(1154): Illuminate/Support/ServiceProvider->callBootedCallbacks()
#18 E:/laravel_project/passport-api/vendor/laravel/framework/src/Illuminate/Foundation/Application.php(1132): Illuminate/Foundation/Application->bootProvider(Object(Illuminate/Foundation/Support/Providers/RouteServiceProvider))
#19 [internal function]: Illuminate/Foundation/Application->Illuminate/Foundation/{closure}(Object(Illuminate/Foundation/Support/Providers/RouteServiceProvider), 'Illuminate//Foun...')
#20 E:/laravel_project/passport-api/vendor/laravel/framework/src/Illuminate/Foundation/Application.php(1131): array_walk(Array, Object(Closure))
#21 E:/laravel_project/passport-api/vendor/laravel/framework/src/Illuminate/Foundation/Bootstrap/BootProviders.php(17): Illuminate/Foundation/Application->boot()
#22 E:/laravel_project/passport-api/vendor/laravel/framework/src/Illuminate/Foundation/Application.php(342): Illuminate/Foundation/Bootstrap/BootProviders->bootstrap(Object(Illuminate/Foundation/Application))
#23 E:/laravel_project/passport-api/vendor/laravel/framework/src/Illuminate/Foundation/Console/Kernel.php(494): Illuminate/Foundation/Application->bootstrapWith(Array)
#24 E:/laravel_project/passport-api/vendor/laravel/framework/src/Illuminate/Foundation/Console/Kernel.php(196): Illuminate/Foundation/Console/Kernel->bootstrap()
#25 Command line code(1): Illuminate/Foundation/Console/Kernel->handle(Object(Symfony/Component/Console/Input/ArgvInput), Object(Symfony/Component/Console/Output/ConsoleOutput))
#26 {main}
"} 
[2026-03-26 15:02:07] local.ERROR: syntax error, unexpected end of file {"exception":"[object] (ParseError(code: 0): syntax error, unexpected end of file at E:/laravel_project/passport-api/routes/api.php:24)
[stacktrace]
#0 E:/laravel_project/passport-api/vendor/laravel/framework/src/Illuminate/Routing/Router.php(526): Illuminate/Routing/RouteFileRegistrar->register('E://laravel_proj...')
#1 E:/laravel_project/passport-api/vendor/laravel/framework/src/Illuminate/Routing/Router.php(480): Illuminate/Routing/Router->loadRoutes('E://laravel_proj...')
#2 E:/laravel_project/passport-api/vendor/laravel/framework/src/Illuminate/Routing/RouteRegistrar.php(212): Illuminate/Routing/Router->group(Array, 'E://laravel_proj...')
#3 E:/laravel_project/passport-api/vendor/laravel/framework/src/Illuminate/Foundation/Configuration/ApplicationBuilder.php(214): Illuminate/Routing/RouteRegistrar->group('E://laravel_proj...')
#4 E:/laravel_project/passport-api/vendor/laravel/framework/src/Illuminate/Container/BoundMethod.php(36): Illuminate/Foundation/Configuration/ApplicationBuilder->Illuminate/Foundation/Configuration/{closure}()
#5 E:/laravel_project/passport-api/vendor/laravel/framework/src/Illuminate/Container/Util.php(43): Illuminate/Container/BoundMethod::Illuminate/Container/{closure}()
#6 E:/laravel_project/passport-api/vendor/laravel/framework/src/Illuminate/Container/BoundMethod.php(84): Illuminate/Container/Util::unwrapIfClosure(Object(Closure))
#7 E:/laravel_project/passport-api/vendor/laravel/framework/src/Illuminate/Container/BoundMethod.php(35): Illuminate/Container/BoundMethod::callBoundMethod(Object(Illuminate/Foundation/Application), Object(Closure), Object(Closure))
#8 E:/laravel_project/passport-api/vendor/laravel/framework/src/Illuminate/Container/Container.php(799): Illuminate/Container/BoundMethod::call(Object(Illuminate/Foundation/Application), Object(Closure), Array, NULL)
#9 E:/laravel_project/passport-api/vendor/laravel/framework/src/Illuminate/Foundation/Support/Providers/RouteServiceProvider.php(162): Illuminate/Container/Container->call(Object(Closure))
#10 E:/laravel_project/passport-api/vendor/laravel/framework/src/Illuminate/Foundation/Support/Providers/RouteServiceProvider.php(59): Illuminate/Foundation/Support/Providers/RouteServiceProvider->loadRoutes()
#11 E:/laravel_project/passport-api/vendor/laravel/framework/src/Illuminate/Container/BoundMethod.php(36): Illuminate/Foundation/Support/Providers/RouteServiceProvider->Illuminate/Foundation/Support/Providers/{closure}()
#12 E:/laravel_project/passport-api/vendor/laravel/framework/src/Illuminate/Container/Util.php(43): Illuminate/Container/BoundMethod::Illuminate/Container/{closure}()
#13 E:/laravel_project/passport-api/vendor/laravel/framework/src/Illuminate/Container/BoundMethod.php(84): Illuminate/Container/Util::unwrapIfClosure(Object(Closure))
#14 E:/laravel_project/passport-api/vendor/laravel/framework/src/Illuminate/Container/BoundMethod.php(35): Illuminate/Container/BoundMethod::callBoundMethod(Object(Illuminate/Foundation/Application), Object(Closure), Object(Closure))
#15 E:/laravel_project/passport-api/vendor/laravel/framework/src/Illuminate/Container/Container.php(799): Illuminate/Container/BoundMethod::call(Object(Illuminate/Foundation/Application), Object(Closure), Array, NULL)
#16 E:/laravel_project/passport-api/vendor/laravel/framework/src/Illuminate/Support/ServiceProvider.php(150): Illuminate/Container/Container->call(Object(Closure))
#17 E:/laravel_project/passport-api/vendor/laravel/framework/src/Illuminate/Foundation/Application.php(1154): Illuminate/Support/ServiceProvider->callBootedCallbacks()
#18 E:/laravel_project/passport-api/vendor/laravel/framework/src/Illuminate/Foundation/Application.php(1132): Illuminate/Foundation/Application->bootProvider(Object(Illuminate/Foundation/Support/Providers/RouteServiceProvider))
#19 [internal function]: Illuminate/Foundation/Application->Illuminate/Foundation/{closure}(Object(Illuminate/Foundation/Support/Providers/RouteServiceProvider), 'Illuminate//Foun...')
#20 E:/laravel_project/passport-api/vendor/laravel/framework/src/Illuminate/Foundation/Application.php(1131): array_walk(Array, Object(Closure))
#21 E:/laravel_project/passport-api/vendor/laravel/framework/src/Illuminate/Foundation/Bootstrap/BootProviders.php(17): Illuminate/Foundation/Application->boot()
#22 E:/laravel_project/passport-api/vendor/laravel/framework/src/Illuminate/Foundation/Application.php(342): Illuminate/Foundation/Bootstrap/BootProviders->bootstrap(Object(Illuminate/Foundation/Application))
#23 E:/laravel_project/passport-api/vendor/laravel/framework/src/Illuminate/Foundation/Console/Kernel.php(494): Illuminate/Foundation/Application->bootstrapWith(Array)
#24 E:/laravel_project/passport-api/vendor/laravel/framework/src/Illuminate/Foundation/Console/Kernel.php(196): Illuminate/Foundation/Console/Kernel->bootstrap()
#25 Command line code(1): Illuminate/Foundation/Console/Kernel->handle(Object(Symfony/Component/Console/Input/ArgvInput), Object(Symfony/Component/Console/Output/ConsoleOutput))
#26 {main}
"} 
[2026-03-26 15:02:07] local.ERROR: syntax error, unexpected end of file {"exception":"[object] (ParseError(code: 0): syntax error, unexpected end of file at E:/laravel_project/passport-api/routes/api.php:24)
[stacktrace]
#0 E:/laravel_project/passport-api/vendor/laravel/framework/src/Illuminate/Routing/Router.php(526): Illuminate/Routing/RouteFileRegistrar->register('E://laravel_proj...')
#1 E:/laravel_project/passport-api/vendor/laravel/framework/src/Illuminate/Routing/Router.php(480): Illuminate/Routing/Router->loadRoutes('E://laravel_proj...')
#2 E:/laravel_project/passport-api/vendor/laravel/framework/src/Illuminate/Routing/RouteRegistrar.php(212): Illuminate/Routing/Router->group(Array, 'E://laravel_proj...')
#3 E:/laravel_project/passport-api/vendor/laravel/framework/src/Illuminate/Foundation/Configuration/ApplicationBuilder.php(214): Illuminate/Routing/RouteRegistrar->group('E://laravel_proj...')
#4 E:/laravel_project/passport-api/vendor/laravel/framework/src/Illuminate/Container/BoundMethod.php(36): Illuminate/Foundation/Configuration/ApplicationBuilder->Illuminate/Foundation/Configuration/{closure}()
#5 E:/laravel_project/passport-api/vendor/laravel/framework/src/Illuminate/Container/Util.php(43): Illuminate/Container/BoundMethod::Illuminate/Container/{closure}()
#6 E:/laravel_project/passport-api/vendor/laravel/framework/src/Illuminate/Container/BoundMethod.php(84): Illuminate/Container/Util::unwrapIfClosure(Object(Closure))
#7 E:/laravel_project/passport-api/vendor/laravel/framework/src/Illuminate/Container/BoundMethod.php(35): Illuminate/Container/BoundMethod::callBoundMethod(Object(Illuminate/Foundation/Application), Object(Closure), Object(Closure))
#8 E:/laravel_project/passport-api/vendor/laravel/framework/src/Illuminate/Container/Container.php(799): Illuminate/Container/BoundMethod::call(Object(Illuminate/Foundation/Application), Object(Closure), Array, NULL)
#9 E:/laravel_project/passport-api/vendor/laravel/framework/src/Illuminate/Foundation/Support/Providers/RouteServiceProvider.php(162): Illuminate/Container/Container->call(Object(Closure))
#10 E:/laravel_project/passport-api/vendor/laravel/framework/src/Illuminate/Foundation/Support/Providers/RouteServiceProvider.php(59): Illuminate/Foundation/Support/Providers/RouteServiceProvider->loadRoutes()
#11 E:/laravel_project/passport-api/vendor/laravel/framework/src/Illuminate/Container/BoundMethod.php(36): Illuminate/Foundation/Support/Providers/RouteServiceProvider->Illuminate/Foundation/Support/Providers/{closure}()
#12 E:/laravel_project/passport-api/vendor/laravel/framework/src/Illuminate/Container/Util.php(43): Illuminate/Container/BoundMethod::Illuminate/Container/{closure}()
#13 E:/laravel_project/passport-api/vendor/laravel/framework/src/Illuminate/Container/BoundMethod.php(84): Illuminate/Container/Util::unwrapIfClosure(Object(Closure))
#14 E:/laravel_project/passport-api/vendor/laravel/framework/src/Illuminate/Container/BoundMethod.php(35): Illuminate/Container/BoundMethod::callBoundMethod(Object(Illuminate/Foundation/Application), Object(Closure), Object(Closure))
#15 E:/laravel_project/passport-api/vendor/laravel/framework/src/Illuminate/Container/Container.php(799): Illuminate/Container/BoundMethod::call(Object(Illuminate/Foundation/Application), Object(Closure), Array, NULL)
#16 E:/laravel_project/passport-api/vendor/laravel/framework/src/Illuminate/Support/ServiceProvider.php(150): Illuminate/Container/Container->call(Object(Closure))
#17 E:/laravel_project/passport-api/vendor/laravel/framework/src/Illuminate/Foundation/Application.php(1154): Illuminate/Support/ServiceProvider->callBootedCallbacks()
#18 E:/laravel_project/passport-api/vendor/laravel/framework/src/Illuminate/Foundation/Application.php(1132): Illuminate/Foundation/Application->bootProvider(Object(Illuminate/Foundation/Support/Providers/RouteServiceProvider))
#19 [internal function]: Illuminate/Foundation/Application->Illuminate/Foundation/{closure}(Object(Illuminate/Foundation/Support/Providers/RouteServiceProvider), 'Illuminate//Foun...')
#20 E:/laravel_project/passport-api/vendor/laravel/framework/src/Illuminate/Foundation/Application.php(1131): array_walk(Array, Object(Closure))
#21 E:/laravel_project/passport-api/vendor/laravel/framework/src/Illuminate/Foundation/Bootstrap/BootProviders.php(17): Illuminate/Foundation/Application->boot()
#22 E:/laravel_project/passport-api/vendor/laravel/framework/src/Illuminate/Foundation/Application.php(342): Illuminate/Foundation/Bootstrap/BootProviders->bootstrap(Object(Illuminate/Foundation/Application))
#23 E:/laravel_project/passport-api/vendor/laravel/framework/src/Illuminate/Foundation/Console/Kernel.php(494): Illuminate/Foundation/Application->bootstrapWith(Array)
#24 E:/laravel_project/passport-api/vendor/laravel/framework/src/Illuminate/Foundation/Console/Kernel.php(196): Illuminate/Foundation/Console/Kernel->bootstrap()
#25 Command line code(1): Illuminate/Foundation/Console/Kernel->handle(Object(Symfony/Component/Console/Input/ArgvInput), Object(Symfony/Component/Console/Output/ConsoleOutput))
#26 {main}
"} 
[2026-03-26 15:02:16] local.ERROR: syntax error, unexpected end of file {"exception":"[object] (ParseError(code: 0): syntax error, unexpected end of file at E:/laravel_project/passport-api/routes/api.php:24)
[stacktrace]
#0 E:/laravel_project/passport-api/vendor/laravel/framework/src/Illuminate/Routing/Router.php(526): Illuminate/Routing/RouteFileRegistrar->register('E://laravel_proj...')
#1 E:/laravel_project/passport-api/vendor/laravel/framework/src/Illuminate/Routing/Router.php(480): Illuminate/Routing/Router->loadRoutes('E://laravel_proj...')
#2 E:/laravel_project/passport-api/vendor/laravel/framework/src/Illuminate/Routing/RouteRegistrar.php(212): Illuminate/Routing/Router->group(Array, 'E://laravel_proj...')
#3 E:/laravel_project/passport-api/vendor/laravel/framework/src/Illuminate/Foundation/Configuration/ApplicationBuilder.php(214): Illuminate/Routing/RouteRegistrar->group('E://laravel_proj...')
#4 E:/laravel_project/passport-api/vendor/laravel/framework/src/Illuminate/Container/BoundMethod.php(36): Illuminate/Foundation/Configuration/ApplicationBuilder->Illuminate/Foundation/Configuration/{closure}()
#5 E:/laravel_project/passport-api/vendor/laravel/framework/src/Illuminate/Container/Util.php(43): Illuminate/Container/BoundMethod::Illuminate/Container/{closure}()
#6 E:/laravel_project/passport-api/vendor/laravel/framework/src/Illuminate/Container/BoundMethod.php(84): Illuminate/Container/Util::unwrapIfClosure(Object(Closure))
#7 E:/laravel_project/passport-api/vendor/laravel/framework/src/Illuminate/Container/BoundMethod.php(35): Illuminate/Container/BoundMethod::callBoundMethod(Object(Illuminate/Foundation/Application), Object(Closure), Object(Closure))
#8 E:/laravel_project/passport-api/vendor/laravel/framework/src/Illuminate/Container/Container.php(799): Illuminate/Container/BoundMethod::call(Object(Illuminate/Foundation/Application), Object(Closure), Array, NULL)
#9 E:/laravel_project/passport-api/vendor/laravel/framework/src/Illuminate/Foundation/Support/Providers/RouteServiceProvider.php(162): Illuminate/Container/Container->call(Object(Closure))
#10 E:/laravel_project/passport-api/vendor/laravel/framework/src/Illuminate/Foundation/Support/Providers/RouteServiceProvider.php(59): Illuminate/Foundation/Support/Providers/RouteServiceProvider->loadRoutes()
#11 E:/laravel_project/passport-api/vendor/laravel/framework/src/Illuminate/Container/BoundMethod.php(36): Illuminate/Foundation/Support/Providers/RouteServiceProvider->Illuminate/Foundation/Support/Providers/{closure}()
#12 E:/laravel_project/passport-api/vendor/laravel/framework/src/Illuminate/Container/Util.php(43): Illuminate/Container/BoundMethod::Illuminate/Container/{closure}()
#13 E:/laravel_project/passport-api/vendor/laravel/framework/src/Illuminate/Container/BoundMethod.php(84): Illuminate/Container/Util::unwrapIfClosure(Object(Closure))
#14 E:/laravel_project/passport-api/vendor/laravel/framework/src/Illuminate/Container/BoundMethod.php(35): Illuminate/Container/BoundMethod::callBoundMethod(Object(Illuminate/Foundation/Application), Object(Closure), Object(Closure))
#15 E:/laravel_project/passport-api/vendor/laravel/framework/src/Illuminate/Container/Container.php(799): Illuminate/Container/BoundMethod::call(Object(Illuminate/Foundation/Application), Object(Closure), Array, NULL)
#16 E:/laravel_project/passport-api/vendor/laravel/framework/src/Illuminate/Support/ServiceProvider.php(150): Illuminate/Container/Container->call(Object(Closure))
#17 E:/laravel_project/passport-api/vendor/laravel/framework/src/Illuminate/Foundation/Application.php(1154): Illuminate/Support/ServiceProvider->callBootedCallbacks()
#18 E:/laravel_project/passport-api/vendor/laravel/framework/src/Illuminate/Foundation/Application.php(1132): Illuminate/Foundation/Application->bootProvider(Object(Illuminate/Foundation/Support/Providers/RouteServiceProvider))
#19 [internal function]: Illuminate/Foundation/Application->Illuminate/Foundation/{closure}(Object(Illuminate/Foundation/Support/Providers/RouteServiceProvider), 'Illuminate//Foun...')
#20 E:/laravel_project/passport-api/vendor/laravel/framework/src/Illuminate/Foundation/Application.php(1131): array_walk(Array, Object(Closure))
#21 E:/laravel_project/passport-api/vendor/laravel/framework/src/Illuminate/Foundation/Bootstrap/BootProviders.php(17): Illuminate/Foundation/Application->boot()
#22 E:/laravel_project/passport-api/vendor/laravel/framework/src/Illuminate/Foundation/Application.php(342): Illuminate/Foundation/Bootstrap/BootProviders->bootstrap(Object(Illuminate/Foundation/Application))
#23 E:/laravel_project/passport-api/vendor/laravel/framework/src/Illuminate/Foundation/Console/Kernel.php(494): Illuminate/Foundation/Application->bootstrapWith(Array)
#24 E:/laravel_project/passport-api/vendor/laravel/framework/src/Illuminate/Foundation/Console/Kernel.php(196): Illuminate/Foundation/Console/Kernel->bootstrap()
#25 Command line code(1): Illuminate/Foundation/Console/Kernel->handle(Object(Symfony/Component/Console/Input/ArgvInput), Object(Symfony/Component/Console/Output/ConsoleOutput))
#26 {main}
"} 
[2026-03-26 15:02:27] local.ERROR: syntax error, unexpected end of file {"exception":"[object] (ParseError(code: 0): syntax error, unexpected end of file at E:/laravel_project/passport-api/routes/api.php:24)
[stacktrace]
#0 E:/laravel_project/passport-api/vendor/laravel/framework/src/Illuminate/Routing/Router.php(526): Illuminate/Routing/RouteFileRegistrar->register('E://laravel_proj...')
#1 E:/laravel_project/passport-api/vendor/laravel/framework/src/Illuminate/Routing/Router.php(480): Illuminate/Routing/Router->loadRoutes('E://laravel_proj...')
#2 E:/laravel_project/passport-api/vendor/laravel/framework/src/Illuminate/Routing/RouteRegistrar.php(212): Illuminate/Routing/Router->group(Array, 'E://laravel_proj...')
#3 E:/laravel_project/passport-api/vendor/laravel/framework/src/Illuminate/Foundation/Configuration/ApplicationBuilder.php(214): Illuminate/Routing/RouteRegistrar->group('E://laravel_proj...')
#4 E:/laravel_project/passport-api/vendor/laravel/framework/src/Illuminate/Container/BoundMethod.php(36): Illuminate/Foundation/Configuration/ApplicationBuilder->Illuminate/Foundation/Configuration/{closure}()
#5 E:/laravel_project/passport-api/vendor/laravel/framework/src/Illuminate/Container/Util.php(43): Illuminate/Container/BoundMethod::Illuminate/Container/{closure}()
#6 E:/laravel_project/passport-api/vendor/laravel/framework/src/Illuminate/Container/BoundMethod.php(84): Illuminate/Container/Util::unwrapIfClosure(Object(Closure))
#7 E:/laravel_project/passport-api/vendor/laravel/framework/src/Illuminate/Container/BoundMethod.php(35): Illuminate/Container/BoundMethod::callBoundMethod(Object(Illuminate/Foundation/Application), Object(Closure), Object(Closure))
#8 E:/laravel_project/passport-api/vendor/laravel/framework/src/Illuminate/Container/Container.php(799): Illuminate/Container/BoundMethod::call(Object(Illuminate/Foundation/Application), Object(Closure), Array, NULL)
#9 E:/laravel_project/passport-api/vendor/laravel/framework/src/Illuminate/Foundation/Support/Providers/RouteServiceProvider.php(162): Illuminate/Container/Container->call(Object(Closure))
#10 E:/laravel_project/passport-api/vendor/laravel/framework/src/Illuminate/Foundation/Support/Providers/RouteServiceProvider.php(59): Illuminate/Foundation/Support/Providers/RouteServiceProvider->loadRoutes()
#11 E:/laravel_project/passport-api/vendor/laravel/framework/src/Illuminate/Container/BoundMethod.php(36): Illuminate/Foundation/Support/Providers/RouteServiceProvider->Illuminate/Foundation/Support/Providers/{closure}()
#12 E:/laravel_project/passport-api/vendor/laravel/framework/src/Illuminate/Container/Util.php(43): Illuminate/Container/BoundMethod::Illuminate/Container/{closure}()
#13 E:/laravel_project/passport-api/vendor/laravel/framework/src/Illuminate/Container/BoundMethod.php(84): Illuminate/Container/Util::unwrapIfClosure(Object(Closure))
#14 E:/laravel_project/passport-api/vendor/laravel/framework/src/Illuminate/Container/BoundMethod.php(35): Illuminate/Container/BoundMethod::callBoundMethod(Object(Illuminate/Foundation/Application), Object(Closure), Object(Closure))
#15 E:/laravel_project/passport-api/vendor/laravel/framework/src/Illuminate/Container/Container.php(799): Illuminate/Container/BoundMethod::call(Object(Illuminate/Foundation/Application), Object(Closure), Array, NULL)
#16 E:/laravel_project/passport-api/vendor/laravel/framework/src/Illuminate/Support/ServiceProvider.php(150): Illuminate/Container/Container->call(Object(Closure))
#17 E:/laravel_project/passport-api/vendor/laravel/framework/src/Illuminate/Foundation/Application.php(1154): Illuminate/Support/ServiceProvider->callBootedCallbacks()
#18 E:/laravel_project/passport-api/vendor/laravel/framework/src/Illuminate/Foundation/Application.php(1132): Illuminate/Foundation/Application->bootProvider(Object(Illuminate/Foundation/Support/Providers/RouteServiceProvider))
#19 [internal function]: Illuminate/Foundation/Application->Illuminate/Foundation/{closure}(Object(Illuminate/Foundation/Support/Providers/RouteServiceProvider), 'Illuminate//Foun...')
#20 E:/laravel_project/passport-api/vendor/laravel/framework/src/Illuminate/Foundation/Application.php(1131): array_walk(Array, Object(Closure))
#21 E:/laravel_project/passport-api/vendor/laravel/framework/src/Illuminate/Foundation/Bootstrap/BootProviders.php(17): Illuminate/Foundation/Application->boot()
#22 E:/laravel_project/passport-api/vendor/laravel/framework/src/Illuminate/Foundation/Application.php(342): Illuminate/Foundation/Bootstrap/BootProviders->bootstrap(Object(Illuminate/Foundation/Application))
#23 E:/laravel_project/passport-api/vendor/laravel/framework/src/Illuminate/Foundation/Console/Kernel.php(494): Illuminate/Foundation/Application->bootstrapWith(Array)
#24 E:/laravel_project/passport-api/vendor/laravel/framework/src/Illuminate/Foundation/Console/Kernel.php(196): Illuminate/Foundation/Console/Kernel->bootstrap()
#25 Command line code(1): Illuminate/Foundation/Console/Kernel->handle(Object(Symfony/Component/Console/Input/ArgvInput), Object(Symfony/Component/Console/Output/ConsoleOutput))
#26 {main}
"} 
[2026-03-26 15:02:57] local.ERROR: syntax error, unexpected end of file {"exception":"[object] (ParseError(code: 0): syntax error, unexpected end of file at E:/laravel_project/passport-api/routes/api.php:24)
[stacktrace]
#0 E:/laravel_project/passport-api/vendor/laravel/framework/src/Illuminate/Routing/Router.php(526): Illuminate/Routing/RouteFileRegistrar->register('E://laravel_proj...')
#1 E:/laravel_project/passport-api/vendor/laravel/framework/src/Illuminate/Routing/Router.php(480): Illuminate/Routing/Router->loadRoutes('E://laravel_proj...')
#2 E:/laravel_project/passport-api/vendor/laravel/framework/src/Illuminate/Routing/RouteRegistrar.php(212): Illuminate/Routing/Router->group(Array, 'E://laravel_proj...')
#3 E:/laravel_project/passport-api/vendor/laravel/framework/src/Illuminate/Foundation/Configuration/ApplicationBuilder.php(214): Illuminate/Routing/RouteRegistrar->group('E://laravel_proj...')
#4 E:/laravel_project/passport-api/vendor/laravel/framework/src/Illuminate/Container/BoundMethod.php(36): Illuminate/Foundation/Configuration/ApplicationBuilder->Illuminate/Foundation/Configuration/{closure}()
#5 E:/laravel_project/passport-api/vendor/laravel/framework/src/Illuminate/Container/Util.php(43): Illuminate/Container/BoundMethod::Illuminate/Container/{closure}()
#6 E:/laravel_project/passport-api/vendor/laravel/framework/src/Illuminate/Container/BoundMethod.php(84): Illuminate/Container/Util::unwrapIfClosure(Object(Closure))
#7 E:/laravel_project/passport-api/vendor/laravel/framework/src/Illuminate/Container/BoundMethod.php(35): Illuminate/Container/BoundMethod::callBoundMethod(Object(Illuminate/Foundation/Application), Object(Closure), Object(Closure))
#8 E:/laravel_project/passport-api/vendor/laravel/framework/src/Illuminate/Container/Container.php(799): Illuminate/Container/BoundMethod::call(Object(Illuminate/Foundation/Application), Object(Closure), Array, NULL)
#9 E:/laravel_project/passport-api/vendor/laravel/framework/src/Illuminate/Foundation/Support/Providers/RouteServiceProvider.php(162): Illuminate/Container/Container->call(Object(Closure))
#10 E:/laravel_project/passport-api/vendor/laravel/framework/src/Illuminate/Foundation/Support/Providers/RouteServiceProvider.php(59): Illuminate/Foundation/Support/Providers/RouteServiceProvider->loadRoutes()
#11 E:/laravel_project/passport-api/vendor/laravel/framework/src/Illuminate/Container/BoundMethod.php(36): Illuminate/Foundation/Support/Providers/RouteServiceProvider->Illuminate/Foundation/Support/Providers/{closure}()
#12 E:/laravel_project/passport-api/vendor/laravel/framework/src/Illuminate/Container/Util.php(43): Illuminate/Container/BoundMethod::Illuminate/Container/{closure}()
#13 E:/laravel_project/passport-api/vendor/laravel/framework/src/Illuminate/Container/BoundMethod.php(84): Illuminate/Container/Util::unwrapIfClosure(Object(Closure))
#14 E:/laravel_project/passport-api/vendor/laravel/framework/src/Illuminate/Container/BoundMethod.php(35): Illuminate/Container/BoundMethod::callBoundMethod(Object(Illuminate/Foundation/Application), Object(Closure), Object(Closure))
#15 E:/laravel_project/passport-api/vendor/laravel/framework/src/Illuminate/Container/Container.php(799): Illuminate/Container/BoundMethod::call(Object(Illuminate/Foundation/Application), Object(Closure), Array, NULL)
#16 E:/laravel_project/passport-api/vendor/laravel/framework/src/Illuminate/Support/ServiceProvider.php(150): Illuminate/Container/Container->call(Object(Closure))
#17 E:/laravel_project/passport-api/vendor/laravel/framework/src/Illuminate/Foundation/Application.php(1154): Illuminate/Support/ServiceProvider->callBootedCallbacks()
#18 E:/laravel_project/passport-api/vendor/laravel/framework/src/Illuminate/Foundation/Application.php(1132): Illuminate/Foundation/Application->bootProvider(Object(Illuminate/Foundation/Support/Providers/RouteServiceProvider))
#19 [internal function]: Illuminate/Foundation/Application->Illuminate/Foundation/{closure}(Object(Illuminate/Foundation/Support/Providers/RouteServiceProvider), 'Illuminate//Foun...')
#20 E:/laravel_project/passport-api/vendor/laravel/framework/src/Illuminate/Foundation/Application.php(1131): array_walk(Array, Object(Closure))
#21 E:/laravel_project/passport-api/vendor/laravel/framework/src/Illuminate/Foundation/Bootstrap/BootProviders.php(17): Illuminate/Foundation/Application->boot()
#22 E:/laravel_project/passport-api/vendor/laravel/framework/src/Illuminate/Foundation/Application.php(342): Illuminate/Foundation/Bootstrap/BootProviders->bootstrap(Object(Illuminate/Foundation/Application))
#23 E:/laravel_project/passport-api/vendor/laravel/framework/src/Illuminate/Foundation/Console/Kernel.php(494): Illuminate/Foundation/Application->bootstrapWith(Array)
#24 E:/laravel_project/passport-api/vendor/laravel/framework/src/Illuminate/Foundation/Console/Kernel.php(196): Illuminate/Foundation/Console/Kernel->bootstrap()
#25 Command line code(1): Illuminate/Foundation/Console/Kernel->handle(Object(Symfony/Component/Console/Input/ArgvInput), Object(Symfony/Component/Console/Output/ConsoleOutput))
#26 {main}
"} 
[2026-03-26 15:03:07] local.ERROR: syntax error, unexpected end of file {"exception":"[object] (ParseError(code: 0): syntax error, unexpected end of file at E:/laravel_project/passport-api/routes/api.php:24)
[stacktrace]
#0 E:/laravel_project/passport-api/vendor/laravel/framework/src/Illuminate/Routing/Router.php(526): Illuminate/Routing/RouteFileRegistrar->register('E://laravel_proj...')
#1 E:/laravel_project/passport-api/vendor/laravel/framework/src/Illuminate/Routing/Router.php(480): Illuminate/Routing/Router->loadRoutes('E://laravel_proj...')
#2 E:/laravel_project/passport-api/vendor/laravel/framework/src/Illuminate/Routing/RouteRegistrar.php(212): Illuminate/Routing/Router->group(Array, 'E://laravel_proj...')
#3 E:/laravel_project/passport-api/vendor/laravel/framework/src/Illuminate/Foundation/Configuration/ApplicationBuilder.php(214): Illuminate/Routing/RouteRegistrar->group('E://laravel_proj...')
#4 E:/laravel_project/passport-api/vendor/laravel/framework/src/Illuminate/Container/BoundMethod.php(36): Illuminate/Foundation/Configuration/ApplicationBuilder->Illuminate/Foundation/Configuration/{closure}()
#5 E:/laravel_project/passport-api/vendor/laravel/framework/src/Illuminate/Container/Util.php(43): Illuminate/Container/BoundMethod::Illuminate/Container/{closure}()
#6 E:/laravel_project/passport-api/vendor/laravel/framework/src/Illuminate/Container/BoundMethod.php(84): Illuminate/Container/Util::unwrapIfClosure(Object(Closure))
#7 E:/laravel_project/passport-api/vendor/laravel/framework/src/Illuminate/Container/BoundMethod.php(35): Illuminate/Container/BoundMethod::callBoundMethod(Object(Illuminate/Foundation/Application), Object(Closure), Object(Closure))
#8 E:/laravel_project/passport-api/vendor/laravel/framework/src/Illuminate/Container/Container.php(799): Illuminate/Container/BoundMethod::call(Object(Illuminate/Foundation/Application), Object(Closure), Array, NULL)
#9 E:/laravel_project/passport-api/vendor/laravel/framework/src/Illuminate/Foundation/Support/Providers/RouteServiceProvider.php(162): Illuminate/Container/Container->call(Object(Closure))
#10 E:/laravel_project/passport-api/vendor/laravel/framework/src/Illuminate/Foundation/Support/Providers/RouteServiceProvider.php(59): Illuminate/Foundation/Support/Providers/RouteServiceProvider->loadRoutes()
#11 E:/laravel_project/passport-api/vendor/laravel/framework/src/Illuminate/Container/BoundMethod.php(36): Illuminate/Foundation/Support/Providers/RouteServiceProvider->Illuminate/Foundation/Support/Providers/{closure}()
#12 E:/laravel_project/passport-api/vendor/laravel/framework/src/Illuminate/Container/Util.php(43): Illuminate/Container/BoundMethod::Illuminate/Container/{closure}()
#13 E:/laravel_project/passport-api/vendor/laravel/framework/src/Illuminate/Container/BoundMethod.php(84): Illuminate/Container/Util::unwrapIfClosure(Object(Closure))
#14 E:/laravel_project/passport-api/vendor/laravel/framework/src/Illuminate/Container/BoundMethod.php(35): Illuminate/Container/BoundMethod::callBoundMethod(Object(Illuminate/Foundation/Application), Object(Closure), Object(Closure))
#15 E:/laravel_project/passport-api/vendor/laravel/framework/src/Illuminate/Container/Container.php(799): Illuminate/Container/BoundMethod::call(Object(Illuminate/Foundation/Application), Object(Closure), Array, NULL)
#16 E:/laravel_project/passport-api/vendor/laravel/framework/src/Illuminate/Support/ServiceProvider.php(150): Illuminate/Container/Container->call(Object(Closure))
#17 E:/laravel_project/passport-api/vendor/laravel/framework/src/Illuminate/Foundation/Application.php(1154): Illuminate/Support/ServiceProvider->callBootedCallbacks()
#18 E:/laravel_project/passport-api/vendor/laravel/framework/src/Illuminate/Foundation/Application.php(1132): Illuminate/Foundation/Application->bootProvider(Object(Illuminate/Foundation/Support/Providers/RouteServiceProvider))
#19 [internal function]: Illuminate/Foundation/Application->Illuminate/Foundation/{closure}(Object(Illuminate/Foundation/Support/Providers/RouteServiceProvider), 'Illuminate//Foun...')
#20 E:/laravel_project/passport-api/vendor/laravel/framework/src/Illuminate/Foundation/Application.php(1131): array_walk(Array, Object(Closure))
#21 E:/laravel_project/passport-api/vendor/laravel/framework/src/Illuminate/Foundation/Bootstrap/BootProviders.php(17): Illuminate/Foundation/Application->boot()
#22 E:/laravel_project/passport-api/vendor/laravel/framework/src/Illuminate/Foundation/Application.php(342): Illuminate/Foundation/Bootstrap/BootProviders->bootstrap(Object(Illuminate/Foundation/Application))
#23 E:/laravel_project/passport-api/vendor/laravel/framework/src/Illuminate/Foundation/Console/Kernel.php(494): Illuminate/Foundation/Application->bootstrapWith(Array)
#24 E:/laravel_project/passport-api/vendor/laravel/framework/src/Illuminate/Foundation/Console/Kernel.php(196): Illuminate/Foundation/Console/Kernel->bootstrap()
#25 Command line code(1): Illuminate/Foundation/Console/Kernel->handle(Object(Symfony/Component/Console/Input/ArgvInput), Object(Symfony/Component/Console/Output/ConsoleOutput))
#26 {main}
"} 
[2026-03-26 15:03:07] local.ERROR: syntax error, unexpected end of file {"exception":"[object] (ParseError(code: 0): syntax error, unexpected end of file at E:/laravel_project/passport-api/routes/api.php:24)
[stacktrace]
#0 E:/laravel_project/passport-api/vendor/laravel/framework/src/Illuminate/Routing/Router.php(526): Illuminate/Routing/RouteFileRegistrar->register('E://laravel_proj...')
#1 E:/laravel_project/passport-api/vendor/laravel/framework/src/Illuminate/Routing/Router.php(480): Illuminate/Routing/Router->loadRoutes('E://laravel_proj...')
#2 E:/laravel_project/passport-api/vendor/laravel/framework/src/Illuminate/Routing/RouteRegistrar.php(212): Illuminate/Routing/Router->group(Array, 'E://laravel_proj...')
#3 E:/laravel_project/passport-api/vendor/laravel/framework/src/Illuminate/Foundation/Configuration/ApplicationBuilder.php(214): Illuminate/Routing/RouteRegistrar->group('E://laravel_proj...')
#4 E:/laravel_project/passport-api/vendor/laravel/framework/src/Illuminate/Container/BoundMethod.php(36): Illuminate/Foundation/Configuration/ApplicationBuilder->Illuminate/Foundation/Configuration/{closure}()
#5 E:/laravel_project/passport-api/vendor/laravel/framework/src/Illuminate/Container/Util.php(43): Illuminate/Container/BoundMethod::Illuminate/Container/{closure}()
#6 E:/laravel_project/passport-api/vendor/laravel/framework/src/Illuminate/Container/BoundMethod.php(84): Illuminate/Container/Util::unwrapIfClosure(Object(Closure))
#7 E:/laravel_project/passport-api/vendor/laravel/framework/src/Illuminate/Container/BoundMethod.php(35): Illuminate/Container/BoundMethod::callBoundMethod(Object(Illuminate/Foundation/Application), Object(Closure), Object(Closure))
#8 E:/laravel_project/passport-api/vendor/laravel/framework/src/Illuminate/Container/Container.php(799): Illuminate/Container/BoundMethod::call(Object(Illuminate/Foundation/Application), Object(Closure), Array, NULL)
#9 E:/laravel_project/passport-api/vendor/laravel/framework/src/Illuminate/Foundation/Support/Providers/RouteServiceProvider.php(162): Illuminate/Container/Container->call(Object(Closure))
#10 E:/laravel_project/passport-api/vendor/laravel/framework/src/Illuminate/Foundation/Support/Providers/RouteServiceProvider.php(59): Illuminate/Foundation/Support/Providers/RouteServiceProvider->loadRoutes()
#11 E:/laravel_project/passport-api/vendor/laravel/framework/src/Illuminate/Container/BoundMethod.php(36): Illuminate/Foundation/Support/Providers/RouteServiceProvider->Illuminate/Foundation/Support/Providers/{closure}()
#12 E:/laravel_project/passport-api/vendor/laravel/framework/src/Illuminate/Container/Util.php(43): Illuminate/Container/BoundMethod::Illuminate/Container/{closure}()
#13 E:/laravel_project/passport-api/vendor/laravel/framework/src/Illuminate/Container/BoundMethod.php(84): Illuminate/Container/Util::unwrapIfClosure(Object(Closure))
#14 E:/laravel_project/passport-api/vendor/laravel/framework/src/Illuminate/Container/BoundMethod.php(35): Illuminate/Container/BoundMethod::callBoundMethod(Object(Illuminate/Foundation/Application), Object(Closure), Object(Closure))
#15 E:/laravel_project/passport-api/vendor/laravel/framework/src/Illuminate/Container/Container.php(799): Illuminate/Container/BoundMethod::call(Object(Illuminate/Foundation/Application), Object(Closure), Array, NULL)
#16 E:/laravel_project/passport-api/vendor/laravel/framework/src/Illuminate/Support/ServiceProvider.php(150): Illuminate/Container/Container->call(Object(Closure))
#17 E:/laravel_project/passport-api/vendor/laravel/framework/src/Illuminate/Foundation/Application.php(1154): Illuminate/Support/ServiceProvider->callBootedCallbacks()
#18 E:/laravel_project/passport-api/vendor/laravel/framework/src/Illuminate/Foundation/Application.php(1132): Illuminate/Foundation/Application->bootProvider(Object(Illuminate/Foundation/Support/Providers/RouteServiceProvider))
#19 [internal function]: Illuminate/Foundation/Application->Illuminate/Foundation/{closure}(Object(Illuminate/Foundation/Support/Providers/RouteServiceProvider), 'Illuminate//Foun...')
#20 E:/laravel_project/passport-api/vendor/laravel/framework/src/Illuminate/Foundation/Application.php(1131): array_walk(Array, Object(Closure))
#21 E:/laravel_project/passport-api/vendor/laravel/framework/src/Illuminate/Foundation/Bootstrap/BootProviders.php(17): Illuminate/Foundation/Application->boot()
#22 E:/laravel_project/passport-api/vendor/laravel/framework/src/Illuminate/Foundation/Application.php(342): Illuminate/Foundation/Bootstrap/BootProviders->bootstrap(Object(Illuminate/Foundation/Application))
#23 E:/laravel_project/passport-api/vendor/laravel/framework/src/Illuminate/Foundation/Console/Kernel.php(494): Illuminate/Foundation/Application->bootstrapWith(Array)
#24 E:/laravel_project/passport-api/vendor/laravel/framework/src/Illuminate/Foundation/Console/Kernel.php(196): Illuminate/Foundation/Console/Kernel->bootstrap()
#25 Command line code(1): Illuminate/Foundation/Console/Kernel->handle(Object(Symfony/Component/Console/Input/ArgvInput), Object(Symfony/Component/Console/Output/ConsoleOutput))
#26 {main}
"} 
[2026-03-26 15:03:07] local.ERROR: syntax error, unexpected end of file {"exception":"[object] (ParseError(code: 0): syntax error, unexpected end of file at E:/laravel_project/passport-api/routes/api.php:24)
[stacktrace]
#0 E:/laravel_project/passport-api/vendor/laravel/framework/src/Illuminate/Routing/Router.php(526): Illuminate/Routing/RouteFileRegistrar->register('E://laravel_proj...')
#1 E:/laravel_project/passport-api/vendor/laravel/framework/src/Illuminate/Routing/Router.php(480): Illuminate/Routing/Router->loadRoutes('E://laravel_proj...')
#2 E:/laravel_project/passport-api/vendor/laravel/framework/src/Illuminate/Routing/RouteRegistrar.php(212): Illuminate/Routing/Router->group(Array, 'E://laravel_proj...')
#3 E:/laravel_project/passport-api/vendor/laravel/framework/src/Illuminate/Foundation/Configuration/ApplicationBuilder.php(214): Illuminate/Routing/RouteRegistrar->group('E://laravel_proj...')
#4 E:/laravel_project/passport-api/vendor/laravel/framework/src/Illuminate/Container/BoundMethod.php(36): Illuminate/Foundation/Configuration/ApplicationBuilder->Illuminate/Foundation/Configuration/{closure}()
#5 E:/laravel_project/passport-api/vendor/laravel/framework/src/Illuminate/Container/Util.php(43): Illuminate/Container/BoundMethod::Illuminate/Container/{closure}()
#6 E:/laravel_project/passport-api/vendor/laravel/framework/src/Illuminate/Container/BoundMethod.php(84): Illuminate/Container/Util::unwrapIfClosure(Object(Closure))
#7 E:/laravel_project/passport-api/vendor/laravel/framework/src/Illuminate/Container/BoundMethod.php(35): Illuminate/Container/BoundMethod::callBoundMethod(Object(Illuminate/Foundation/Application), Object(Closure), Object(Closure))
#8 E:/laravel_project/passport-api/vendor/laravel/framework/src/Illuminate/Container/Container.php(799): Illuminate/Container/BoundMethod::call(Object(Illuminate/Foundation/Application), Object(Closure), Array, NULL)
#9 E:/laravel_project/passport-api/vendor/laravel/framework/src/Illuminate/Foundation/Support/Providers/RouteServiceProvider.php(162): Illuminate/Container/Container->call(Object(Closure))
#10 E:/laravel_project/passport-api/vendor/laravel/framework/src/Illuminate/Foundation/Support/Providers/RouteServiceProvider.php(59): Illuminate/Foundation/Support/Providers/RouteServiceProvider->loadRoutes()
#11 E:/laravel_project/passport-api/vendor/laravel/framework/src/Illuminate/Container/BoundMethod.php(36): Illuminate/Foundation/Support/Providers/RouteServiceProvider->Illuminate/Foundation/Support/Providers/{closure}()
#12 E:/laravel_project/passport-api/vendor/laravel/framework/src/Illuminate/Container/Util.php(43): Illuminate/Container/BoundMethod::Illuminate/Container/{closure}()
#13 E:/laravel_project/passport-api/vendor/laravel/framework/src/Illuminate/Container/BoundMethod.php(84): Illuminate/Container/Util::unwrapIfClosure(Object(Closure))
#14 E:/laravel_project/passport-api/vendor/laravel/framework/src/Illuminate/Container/BoundMethod.php(35): Illuminate/Container/BoundMethod::callBoundMethod(Object(Illuminate/Foundation/Application), Object(Closure), Object(Closure))
#15 E:/laravel_project/passport-api/vendor/laravel/framework/src/Illuminate/Container/Container.php(799): Illuminate/Container/BoundMethod::call(Object(Illuminate/Foundation/Application), Object(Closure), Array, NULL)
#16 E:/laravel_project/passport-api/vendor/laravel/framework/src/Illuminate/Support/ServiceProvider.php(150): Illuminate/Container/Container->call(Object(Closure))
#17 E:/laravel_project/passport-api/vendor/laravel/framework/src/Illuminate/Foundation/Application.php(1154): Illuminate/Support/ServiceProvider->callBootedCallbacks()
#18 E:/laravel_project/passport-api/vendor/laravel/framework/src/Illuminate/Foundation/Application.php(1132): Illuminate/Foundation/Application->bootProvider(Object(Illuminate/Foundation/Support/Providers/RouteServiceProvider))
#19 [internal function]: Illuminate/Foundation/Application->Illuminate/Foundation/{closure}(Object(Illuminate/Foundation/Support/Providers/RouteServiceProvider), 'Illuminate//Foun...')
#20 E:/laravel_project/passport-api/vendor/laravel/framework/src/Illuminate/Foundation/Application.php(1131): array_walk(Array, Object(Closure))
#21 E:/laravel_project/passport-api/vendor/laravel/framework/src/Illuminate/Foundation/Bootstrap/BootProviders.php(17): Illuminate/Foundation/Application->boot()
#22 E:/laravel_project/passport-api/vendor/laravel/framework/src/Illuminate/Foundation/Application.php(342): Illuminate/Foundation/Bootstrap/BootProviders->bootstrap(Object(Illuminate/Foundation/Application))
#23 E:/laravel_project/passport-api/vendor/laravel/framework/src/Illuminate/Foundation/Console/Kernel.php(494): Illuminate/Foundation/Application->bootstrapWith(Array)
#24 E:/laravel_project/passport-api/vendor/laravel/framework/src/Illuminate/Foundation/Console/Kernel.php(196): Illuminate/Foundation/Console/Kernel->bootstrap()
#25 Command line code(1): Illuminate/Foundation/Console/Kernel->handle(Object(Symfony/Component/Console/Input/ArgvInput), Object(Symfony/Component/Console/Output/ConsoleOutput))
#26 {main}
"} 
[2026-03-26 15:03:08] local.ERROR: syntax error, unexpected end of file {"exception":"[object] (ParseError(code: 0): syntax error, unexpected end of file at E:/laravel_project/passport-api/routes/api.php:24)
[stacktrace]
#0 E:/laravel_project/passport-api/vendor/laravel/framework/src/Illuminate/Routing/Router.php(526): Illuminate/Routing/RouteFileRegistrar->register('E://laravel_proj...')
#1 E:/laravel_project/passport-api/vendor/laravel/framework/src/Illuminate/Routing/Router.php(480): Illuminate/Routing/Router->loadRoutes('E://laravel_proj...')
#2 E:/laravel_project/passport-api/vendor/laravel/framework/src/Illuminate/Routing/RouteRegistrar.php(212): Illuminate/Routing/Router->group(Array, 'E://laravel_proj...')
#3 E:/laravel_project/passport-api/vendor/laravel/framework/src/Illuminate/Foundation/Configuration/ApplicationBuilder.php(214): Illuminate/Routing/RouteRegistrar->group('E://laravel_proj...')
#4 E:/laravel_project/passport-api/vendor/laravel/framework/src/Illuminate/Container/BoundMethod.php(36): Illuminate/Foundation/Configuration/ApplicationBuilder->Illuminate/Foundation/Configuration/{closure}()
#5 E:/laravel_project/passport-api/vendor/laravel/framework/src/Illuminate/Container/Util.php(43): Illuminate/Container/BoundMethod::Illuminate/Container/{closure}()
#6 E:/laravel_project/passport-api/vendor/laravel/framework/src/Illuminate/Container/BoundMethod.php(84): Illuminate/Container/Util::unwrapIfClosure(Object(Closure))
#7 E:/laravel_project/passport-api/vendor/laravel/framework/src/Illuminate/Container/BoundMethod.php(35): Illuminate/Container/BoundMethod::callBoundMethod(Object(Illuminate/Foundation/Application), Object(Closure), Object(Closure))
#8 E:/laravel_project/passport-api/vendor/laravel/framework/src/Illuminate/Container/Container.php(799): Illuminate/Container/BoundMethod::call(Object(Illuminate/Foundation/Application), Object(Closure), Array, NULL)
#9 E:/laravel_project/passport-api/vendor/laravel/framework/src/Illuminate/Foundation/Support/Providers/RouteServiceProvider.php(162): Illuminate/Container/Container->call(Object(Closure))
#10 E:/laravel_project/passport-api/vendor/laravel/framework/src/Illuminate/Foundation/Support/Providers/RouteServiceProvider.php(59): Illuminate/Foundation/Support/Providers/RouteServiceProvider->loadRoutes()
#11 E:/laravel_project/passport-api/vendor/laravel/framework/src/Illuminate/Container/BoundMethod.php(36): Illuminate/Foundation/Support/Providers/RouteServiceProvider->Illuminate/Foundation/Support/Providers/{closure}()
#12 E:/laravel_project/passport-api/vendor/laravel/framework/src/Illuminate/Container/Util.php(43): Illuminate/Container/BoundMethod::Illuminate/Container/{closure}()
#13 E:/laravel_project/passport-api/vendor/laravel/framework/src/Illuminate/Container/BoundMethod.php(84): Illuminate/Container/Util::unwrapIfClosure(Object(Closure))
#14 E:/laravel_project/passport-api/vendor/laravel/framework/src/Illuminate/Container/BoundMethod.php(35): Illuminate/Container/BoundMethod::callBoundMethod(Object(Illuminate/Foundation/Application), Object(Closure), Object(Closure))
#15 E:/laravel_project/passport-api/vendor/laravel/framework/src/Illuminate/Container/Container.php(799): Illuminate/Container/BoundMethod::call(Object(Illuminate/Foundation/Application), Object(Closure), Array, NULL)
#16 E:/laravel_project/passport-api/vendor/laravel/framework/src/Illuminate/Support/ServiceProvider.php(150): Illuminate/Container/Container->call(Object(Closure))
#17 E:/laravel_project/passport-api/vendor/laravel/framework/src/Illuminate/Foundation/Application.php(1154): Illuminate/Support/ServiceProvider->callBootedCallbacks()
#18 E:/laravel_project/passport-api/vendor/laravel/framework/src/Illuminate/Foundation/Application.php(1132): Illuminate/Foundation/Application->bootProvider(Object(Illuminate/Foundation/Support/Providers/RouteServiceProvider))
#19 [internal function]: Illuminate/Foundation/Application->Illuminate/Foundation/{closure}(Object(Illuminate/Foundation/Support/Providers/RouteServiceProvider), 'Illuminate//Foun...')
#20 E:/laravel_project/passport-api/vendor/laravel/framework/src/Illuminate/Foundation/Application.php(1131): array_walk(Array, Object(Closure))
#21 E:/laravel_project/passport-api/vendor/laravel/framework/src/Illuminate/Foundation/Bootstrap/BootProviders.php(17): Illuminate/Foundation/Application->boot()
#22 E:/laravel_project/passport-api/vendor/laravel/framework/src/Illuminate/Foundation/Application.php(342): Illuminate/Foundation/Bootstrap/BootProviders->bootstrap(Object(Illuminate/Foundation/Application))
#23 E:/laravel_project/passport-api/vendor/laravel/framework/src/Illuminate/Foundation/Console/Kernel.php(494): Illuminate/Foundation/Application->bootstrapWith(Array)
#24 E:/laravel_project/passport-api/vendor/laravel/framework/src/Illuminate/Foundation/Console/Kernel.php(196): Illuminate/Foundation/Console/Kernel->bootstrap()
#25 Command line code(1): Illuminate/Foundation/Console/Kernel->handle(Object(Symfony/Component/Console/Input/ArgvInput), Object(Symfony/Component/Console/Output/ConsoleOutput))
#26 {main}
"} 
[2026-03-26 15:03:12] local.ERROR: syntax error, unexpected end of file {"exception":"[object] (ParseError(code: 0): syntax error, unexpected end of file at E:/laravel_project/passport-api/routes/api.php:24)
[stacktrace]
#0 E:/laravel_project/passport-api/vendor/laravel/framework/src/Illuminate/Routing/Router.php(526): Illuminate/Routing/RouteFileRegistrar->register('E://laravel_proj...')
#1 E:/laravel_project/passport-api/vendor/laravel/framework/src/Illuminate/Routing/Router.php(480): Illuminate/Routing/Router->loadRoutes('E://laravel_proj...')
#2 E:/laravel_project/passport-api/vendor/laravel/framework/src/Illuminate/Routing/RouteRegistrar.php(212): Illuminate/Routing/Router->group(Array, 'E://laravel_proj...')
#3 E:/laravel_project/passport-api/vendor/laravel/framework/src/Illuminate/Foundation/Configuration/ApplicationBuilder.php(214): Illuminate/Routing/RouteRegistrar->group('E://laravel_proj...')
#4 E:/laravel_project/passport-api/vendor/laravel/framework/src/Illuminate/Container/BoundMethod.php(36): Illuminate/Foundation/Configuration/ApplicationBuilder->Illuminate/Foundation/Configuration/{closure}()
#5 E:/laravel_project/passport-api/vendor/laravel/framework/src/Illuminate/Container/Util.php(43): Illuminate/Container/BoundMethod::Illuminate/Container/{closure}()
#6 E:/laravel_project/passport-api/vendor/laravel/framework/src/Illuminate/Container/BoundMethod.php(84): Illuminate/Container/Util::unwrapIfClosure(Object(Closure))
#7 E:/laravel_project/passport-api/vendor/laravel/framework/src/Illuminate/Container/BoundMethod.php(35): Illuminate/Container/BoundMethod::callBoundMethod(Object(Illuminate/Foundation/Application), Object(Closure), Object(Closure))
#8 E:/laravel_project/passport-api/vendor/laravel/framework/src/Illuminate/Container/Container.php(799): Illuminate/Container/BoundMethod::call(Object(Illuminate/Foundation/Application), Object(Closure), Array, NULL)
#9 E:/laravel_project/passport-api/vendor/laravel/framework/src/Illuminate/Foundation/Support/Providers/RouteServiceProvider.php(162): Illuminate/Container/Container->call(Object(Closure))
#10 E:/laravel_project/passport-api/vendor/laravel/framework/src/Illuminate/Foundation/Support/Providers/RouteServiceProvider.php(59): Illuminate/Foundation/Support/Providers/RouteServiceProvider->loadRoutes()
#11 E:/laravel_project/passport-api/vendor/laravel/framework/src/Illuminate/Container/BoundMethod.php(36): Illuminate/Foundation/Support/Providers/RouteServiceProvider->Illuminate/Foundation/Support/Providers/{closure}()
#12 E:/laravel_project/passport-api/vendor/laravel/framework/src/Illuminate/Container/Util.php(43): Illuminate/Container/BoundMethod::Illuminate/Container/{closure}()
#13 E:/laravel_project/passport-api/vendor/laravel/framework/src/Illuminate/Container/BoundMethod.php(84): Illuminate/Container/Util::unwrapIfClosure(Object(Closure))
#14 E:/laravel_project/passport-api/vendor/laravel/framework/src/Illuminate/Container/BoundMethod.php(35): Illuminate/Container/BoundMethod::callBoundMethod(Object(Illuminate/Foundation/Application), Object(Closure), Object(Closure))
#15 E:/laravel_project/passport-api/vendor/laravel/framework/src/Illuminate/Container/Container.php(799): Illuminate/Container/BoundMethod::call(Object(Illuminate/Foundation/Application), Object(Closure), Array, NULL)
#16 E:/laravel_project/passport-api/vendor/laravel/framework/src/Illuminate/Support/ServiceProvider.php(150): Illuminate/Container/Container->call(Object(Closure))
#17 E:/laravel_project/passport-api/vendor/laravel/framework/src/Illuminate/Foundation/Application.php(1154): Illuminate/Support/ServiceProvider->callBootedCallbacks()
#18 E:/laravel_project/passport-api/vendor/laravel/framework/src/Illuminate/Foundation/Application.php(1132): Illuminate/Foundation/Application->bootProvider(Object(Illuminate/Foundation/Support/Providers/RouteServiceProvider))
#19 [internal function]: Illuminate/Foundation/Application->Illuminate/Foundation/{closure}(Object(Illuminate/Foundation/Support/Providers/RouteServiceProvider), 'Illuminate//Foun...')
#20 E:/laravel_project/passport-api/vendor/laravel/framework/src/Illuminate/Foundation/Application.php(1131): array_walk(Array, Object(Closure))
#21 E:/laravel_project/passport-api/vendor/laravel/framework/src/Illuminate/Foundation/Bootstrap/BootProviders.php(17): Illuminate/Foundation/Application->boot()
#22 E:/laravel_project/passport-api/vendor/laravel/framework/src/Illuminate/Foundation/Application.php(342): Illuminate/Foundation/Bootstrap/BootProviders->bootstrap(Object(Illuminate/Foundation/Application))
#23 E:/laravel_project/passport-api/vendor/laravel/framework/src/Illuminate/Foundation/Console/Kernel.php(494): Illuminate/Foundation/Application->bootstrapWith(Array)
#24 E:/laravel_project/passport-api/vendor/laravel/framework/src/Illuminate/Foundation/Console/Kernel.php(196): Illuminate/Foundation/Console/Kernel->bootstrap()
#25 Command line code(1): Illuminate/Foundation/Console/Kernel->handle(Object(Symfony/Component/Console/Input/ArgvInput), Object(Symfony/Component/Console/Output/ConsoleOutput))
#26 {main}
"} 
[2026-03-26 15:03:30] local.ERROR: syntax error, unexpected end of file {"exception":"[object] (ParseError(code: 0): syntax error, unexpected end of file at E:/laravel_project/passport-api/routes/api.php:24)
[stacktrace]
#0 E:/laravel_project/passport-api/vendor/laravel/framework/src/Illuminate/Routing/Router.php(526): Illuminate/Routing/RouteFileRegistrar->register('E://laravel_proj...')
#1 E:/laravel_project/passport-api/vendor/laravel/framework/src/Illuminate/Routing/Router.php(480): Illuminate/Routing/Router->loadRoutes('E://laravel_proj...')
#2 E:/laravel_project/passport-api/vendor/laravel/framework/src/Illuminate/Routing/RouteRegistrar.php(212): Illuminate/Routing/Router->group(Array, 'E://laravel_proj...')
#3 E:/laravel_project/passport-api/vendor/laravel/framework/src/Illuminate/Foundation/Configuration/ApplicationBuilder.php(214): Illuminate/Routing/RouteRegistrar->group('E://laravel_proj...')
#4 E:/laravel_project/passport-api/vendor/laravel/framework/src/Illuminate/Container/BoundMethod.php(36): Illuminate/Foundation/Configuration/ApplicationBuilder->Illuminate/Foundation/Configuration/{closure}()
#5 E:/laravel_project/passport-api/vendor/laravel/framework/src/Illuminate/Container/Util.php(43): Illuminate/Container/BoundMethod::Illuminate/Container/{closure}()
#6 E:/laravel_project/passport-api/vendor/laravel/framework/src/Illuminate/Container/BoundMethod.php(84): Illuminate/Container/Util::unwrapIfClosure(Object(Closure))
#7 E:/laravel_project/passport-api/vendor/laravel/framework/src/Illuminate/Container/BoundMethod.php(35): Illuminate/Container/BoundMethod::callBoundMethod(Object(Illuminate/Foundation/Application), Object(Closure), Object(Closure))
#8 E:/laravel_project/passport-api/vendor/laravel/framework/src/Illuminate/Container/Container.php(799): Illuminate/Container/BoundMethod::call(Object(Illuminate/Foundation/Application), Object(Closure), Array, NULL)
#9 E:/laravel_project/passport-api/vendor/laravel/framework/src/Illuminate/Foundation/Support/Providers/RouteServiceProvider.php(162): Illuminate/Container/Container->call(Object(Closure))
#10 E:/laravel_project/passport-api/vendor/laravel/framework/src/Illuminate/Foundation/Support/Providers/RouteServiceProvider.php(59): Illuminate/Foundation/Support/Providers/RouteServiceProvider->loadRoutes()
#11 E:/laravel_project/passport-api/vendor/laravel/framework/src/Illuminate/Container/BoundMethod.php(36): Illuminate/Foundation/Support/Providers/RouteServiceProvider->Illuminate/Foundation/Support/Providers/{closure}()
#12 E:/laravel_project/passport-api/vendor/laravel/framework/src/Illuminate/Container/Util.php(43): Illuminate/Container/BoundMethod::Illuminate/Container/{closure}()
#13 E:/laravel_project/passport-api/vendor/laravel/framework/src/Illuminate/Container/BoundMethod.php(84): Illuminate/Container/Util::unwrapIfClosure(Object(Closure))
#14 E:/laravel_project/passport-api/vendor/laravel/framework/src/Illuminate/Container/BoundMethod.php(35): Illuminate/Container/BoundMethod::callBoundMethod(Object(Illuminate/Foundation/Application), Object(Closure), Object(Closure))
#15 E:/laravel_project/passport-api/vendor/laravel/framework/src/Illuminate/Container/Container.php(799): Illuminate/Container/BoundMethod::call(Object(Illuminate/Foundation/Application), Object(Closure), Array, NULL)
#16 E:/laravel_project/passport-api/vendor/laravel/framework/src/Illuminate/Support/ServiceProvider.php(150): Illuminate/Container/Container->call(Object(Closure))
#17 E:/laravel_project/passport-api/vendor/laravel/framework/src/Illuminate/Foundation/Application.php(1154): Illuminate/Support/ServiceProvider->callBootedCallbacks()
#18 E:/laravel_project/passport-api/vendor/laravel/framework/src/Illuminate/Foundation/Application.php(1132): Illuminate/Foundation/Application->bootProvider(Object(Illuminate/Foundation/Support/Providers/RouteServiceProvider))
#19 [internal function]: Illuminate/Foundation/Application->Illuminate/Foundation/{closure}(Object(Illuminate/Foundation/Support/Providers/RouteServiceProvider), 'Illuminate//Foun...')
#20 E:/laravel_project/passport-api/vendor/laravel/framework/src/Illuminate/Foundation/Application.php(1131): array_walk(Array, Object(Closure))
#21 E:/laravel_project/passport-api/vendor/laravel/framework/src/Illuminate/Foundation/Bootstrap/BootProviders.php(17): Illuminate/Foundation/Application->boot()
#22 E:/laravel_project/passport-api/vendor/laravel/framework/src/Illuminate/Foundation/Application.php(342): Illuminate/Foundation/Bootstrap/BootProviders->bootstrap(Object(Illuminate/Foundation/Application))
#23 E:/laravel_project/passport-api/vendor/laravel/framework/src/Illuminate/Foundation/Console/Kernel.php(494): Illuminate/Foundation/Application->bootstrapWith(Array)
#24 E:/laravel_project/passport-api/vendor/laravel/framework/src/Illuminate/Foundation/Console/Kernel.php(196): Illuminate/Foundation/Console/Kernel->bootstrap()
#25 Command line code(1): Illuminate/Foundation/Console/Kernel->handle(Object(Symfony/Component/Console/Input/ArgvInput), Object(Symfony/Component/Console/Output/ConsoleOutput))
#26 {main}
"} 
[2026-03-26 15:03:54] local.ERROR: syntax error, unexpected end of file {"exception":"[object] (ParseError(code: 0): syntax error, unexpected end of file at E:/laravel_project/passport-api/routes/api.php:24)
[stacktrace]
#0 E:/laravel_project/passport-api/vendor/laravel/framework/src/Illuminate/Routing/Router.php(526): Illuminate/Routing/RouteFileRegistrar->register('E://laravel_proj...')
#1 E:/laravel_project/passport-api/vendor/laravel/framework/src/Illuminate/Routing/Router.php(480): Illuminate/Routing/Router->loadRoutes('E://laravel_proj...')
#2 E:/laravel_project/passport-api/vendor/laravel/framework/src/Illuminate/Routing/RouteRegistrar.php(212): Illuminate/Routing/Router->group(Array, 'E://laravel_proj...')
#3 E:/laravel_project/passport-api/vendor/laravel/framework/src/Illuminate/Foundation/Configuration/ApplicationBuilder.php(214): Illuminate/Routing/RouteRegistrar->group('E://laravel_proj...')
#4 E:/laravel_project/passport-api/vendor/laravel/framework/src/Illuminate/Container/BoundMethod.php(36): Illuminate/Foundation/Configuration/ApplicationBuilder->Illuminate/Foundation/Configuration/{closure}()
#5 E:/laravel_project/passport-api/vendor/laravel/framework/src/Illuminate/Container/Util.php(43): Illuminate/Container/BoundMethod::Illuminate/Container/{closure}()
#6 E:/laravel_project/passport-api/vendor/laravel/framework/src/Illuminate/Container/BoundMethod.php(84): Illuminate/Container/Util::unwrapIfClosure(Object(Closure))
#7 E:/laravel_project/passport-api/vendor/laravel/framework/src/Illuminate/Container/BoundMethod.php(35): Illuminate/Container/BoundMethod::callBoundMethod(Object(Illuminate/Foundation/Application), Object(Closure), Object(Closure))
#8 E:/laravel_project/passport-api/vendor/laravel/framework/src/Illuminate/Container/Container.php(799): Illuminate/Container/BoundMethod::call(Object(Illuminate/Foundation/Application), Object(Closure), Array, NULL)
#9 E:/laravel_project/passport-api/vendor/laravel/framework/src/Illuminate/Foundation/Support/Providers/RouteServiceProvider.php(162): Illuminate/Container/Container->call(Object(Closure))
#10 E:/laravel_project/passport-api/vendor/laravel/framework/src/Illuminate/Foundation/Support/Providers/RouteServiceProvider.php(59): Illuminate/Foundation/Support/Providers/RouteServiceProvider->loadRoutes()
#11 E:/laravel_project/passport-api/vendor/laravel/framework/src/Illuminate/Container/BoundMethod.php(36): Illuminate/Foundation/Support/Providers/RouteServiceProvider->Illuminate/Foundation/Support/Providers/{closure}()
#12 E:/laravel_project/passport-api/vendor/laravel/framework/src/Illuminate/Container/Util.php(43): Illuminate/Container/BoundMethod::Illuminate/Container/{closure}()
#13 E:/laravel_project/passport-api/vendor/laravel/framework/src/Illuminate/Container/BoundMethod.php(84): Illuminate/Container/Util::unwrapIfClosure(Object(Closure))
#14 E:/laravel_project/passport-api/vendor/laravel/framework/src/Illuminate/Container/BoundMethod.php(35): Illuminate/Container/BoundMethod::callBoundMethod(Object(Illuminate/Foundation/Application), Object(Closure), Object(Closure))
#15 E:/laravel_project/passport-api/vendor/laravel/framework/src/Illuminate/Container/Container.php(799): Illuminate/Container/BoundMethod::call(Object(Illuminate/Foundation/Application), Object(Closure), Array, NULL)
#16 E:/laravel_project/passport-api/vendor/laravel/framework/src/Illuminate/Support/ServiceProvider.php(150): Illuminate/Container/Container->call(Object(Closure))
#17 E:/laravel_project/passport-api/vendor/laravel/framework/src/Illuminate/Foundation/Application.php(1154): Illuminate/Support/ServiceProvider->callBootedCallbacks()
#18 E:/laravel_project/passport-api/vendor/laravel/framework/src/Illuminate/Foundation/Application.php(1132): Illuminate/Foundation/Application->bootProvider(Object(Illuminate/Foundation/Support/Providers/RouteServiceProvider))
#19 [internal function]: Illuminate/Foundation/Application->Illuminate/Foundation/{closure}(Object(Illuminate/Foundation/Support/Providers/RouteServiceProvider), 'Illuminate//Foun...')
#20 E:/laravel_project/passport-api/vendor/laravel/framework/src/Illuminate/Foundation/Application.php(1131): array_walk(Array, Object(Closure))
#21 E:/laravel_project/passport-api/vendor/laravel/framework/src/Illuminate/Foundation/Bootstrap/BootProviders.php(17): Illuminate/Foundation/Application->boot()
#22 E:/laravel_project/passport-api/vendor/laravel/framework/src/Illuminate/Foundation/Application.php(342): Illuminate/Foundation/Bootstrap/BootProviders->bootstrap(Object(Illuminate/Foundation/Application))
#23 E:/laravel_project/passport-api/vendor/laravel/framework/src/Illuminate/Foundation/Console/Kernel.php(494): Illuminate/Foundation/Application->bootstrapWith(Array)
#24 E:/laravel_project/passport-api/vendor/laravel/framework/src/Illuminate/Foundation/Console/Kernel.php(196): Illuminate/Foundation/Console/Kernel->bootstrap()
#25 Command line code(1): Illuminate/Foundation/Console/Kernel->handle(Object(Symfony/Component/Console/Input/ArgvInput), Object(Symfony/Component/Console/Output/ConsoleOutput))
#26 {main}
"} 
[2026-03-26 15:04:00] local.ERROR: syntax error, unexpected end of file {"exception":"[object] (ParseError(code: 0): syntax error, unexpected end of file at E:/laravel_project/passport-api/routes/api.php:24)
[stacktrace]
#0 E:/laravel_project/passport-api/vendor/laravel/framework/src/Illuminate/Routing/Router.php(526): Illuminate/Routing/RouteFileRegistrar->register('E://laravel_proj...')
#1 E:/laravel_project/passport-api/vendor/laravel/framework/src/Illuminate/Routing/Router.php(480): Illuminate/Routing/Router->loadRoutes('E://laravel_proj...')
#2 E:/laravel_project/passport-api/vendor/laravel/framework/src/Illuminate/Routing/RouteRegistrar.php(212): Illuminate/Routing/Router->group(Array, 'E://laravel_proj...')
#3 E:/laravel_project/passport-api/vendor/laravel/framework/src/Illuminate/Foundation/Configuration/ApplicationBuilder.php(214): Illuminate/Routing/RouteRegistrar->group('E://laravel_proj...')
#4 E:/laravel_project/passport-api/vendor/laravel/framework/src/Illuminate/Container/BoundMethod.php(36): Illuminate/Foundation/Configuration/ApplicationBuilder->Illuminate/Foundation/Configuration/{closure}()
#5 E:/laravel_project/passport-api/vendor/laravel/framework/src/Illuminate/Container/Util.php(43): Illuminate/Container/BoundMethod::Illuminate/Container/{closure}()
#6 E:/laravel_project/passport-api/vendor/laravel/framework/src/Illuminate/Container/BoundMethod.php(84): Illuminate/Container/Util::unwrapIfClosure(Object(Closure))
#7 E:/laravel_project/passport-api/vendor/laravel/framework/src/Illuminate/Container/BoundMethod.php(35): Illuminate/Container/BoundMethod::callBoundMethod(Object(Illuminate/Foundation/Application), Object(Closure), Object(Closure))
#8 E:/laravel_project/passport-api/vendor/laravel/framework/src/Illuminate/Container/Container.php(799): Illuminate/Container/BoundMethod::call(Object(Illuminate/Foundation/Application), Object(Closure), Array, NULL)
#9 E:/laravel_project/passport-api/vendor/laravel/framework/src/Illuminate/Foundation/Support/Providers/RouteServiceProvider.php(162): Illuminate/Container/Container->call(Object(Closure))
#10 E:/laravel_project/passport-api/vendor/laravel/framework/src/Illuminate/Foundation/Support/Providers/RouteServiceProvider.php(59): Illuminate/Foundation/Support/Providers/RouteServiceProvider->loadRoutes()
#11 E:/laravel_project/passport-api/vendor/laravel/framework/src/Illuminate/Container/BoundMethod.php(36): Illuminate/Foundation/Support/Providers/RouteServiceProvider->Illuminate/Foundation/Support/Providers/{closure}()
#12 E:/laravel_project/passport-api/vendor/laravel/framework/src/Illuminate/Container/Util.php(43): Illuminate/Container/BoundMethod::Illuminate/Container/{closure}()
#13 E:/laravel_project/passport-api/vendor/laravel/framework/src/Illuminate/Container/BoundMethod.php(84): Illuminate/Container/Util::unwrapIfClosure(Object(Closure))
#14 E:/laravel_project/passport-api/vendor/laravel/framework/src/Illuminate/Container/BoundMethod.php(35): Illuminate/Container/BoundMethod::callBoundMethod(Object(Illuminate/Foundation/Application), Object(Closure), Object(Closure))
#15 E:/laravel_project/passport-api/vendor/laravel/framework/src/Illuminate/Container/Container.php(799): Illuminate/Container/BoundMethod::call(Object(Illuminate/Foundation/Application), Object(Closure), Array, NULL)
#16 E:/laravel_project/passport-api/vendor/laravel/framework/src/Illuminate/Support/ServiceProvider.php(150): Illuminate/Container/Container->call(Object(Closure))
#17 E:/laravel_project/passport-api/vendor/laravel/framework/src/Illuminate/Foundation/Application.php(1154): Illuminate/Support/ServiceProvider->callBootedCallbacks()
#18 E:/laravel_project/passport-api/vendor/laravel/framework/src/Illuminate/Foundation/Application.php(1132): Illuminate/Foundation/Application->bootProvider(Object(Illuminate/Foundation/Support/Providers/RouteServiceProvider))
#19 [internal function]: Illuminate/Foundation/Application->Illuminate/Foundation/{closure}(Object(Illuminate/Foundation/Support/Providers/RouteServiceProvider), 'Illuminate//Foun...')
#20 E:/laravel_project/passport-api/vendor/laravel/framework/src/Illuminate/Foundation/Application.php(1131): array_walk(Array, Object(Closure))
#21 E:/laravel_project/passport-api/vendor/laravel/framework/src/Illuminate/Foundation/Bootstrap/BootProviders.php(17): Illuminate/Foundation/Application->boot()
#22 E:/laravel_project/passport-api/vendor/laravel/framework/src/Illuminate/Foundation/Application.php(342): Illuminate/Foundation/Bootstrap/BootProviders->bootstrap(Object(Illuminate/Foundation/Application))
#23 E:/laravel_project/passport-api/vendor/laravel/framework/src/Illuminate/Foundation/Console/Kernel.php(494): Illuminate/Foundation/Application->bootstrapWith(Array)
#24 E:/laravel_project/passport-api/vendor/laravel/framework/src/Illuminate/Foundation/Console/Kernel.php(196): Illuminate/Foundation/Console/Kernel->bootstrap()
#25 Command line code(1): Illuminate/Foundation/Console/Kernel->handle(Object(Symfony/Component/Console/Input/ArgvInput), Object(Symfony/Component/Console/Output/ConsoleOutput))
#26 {main}
"} 
[2026-03-26 15:04:07] local.ERROR: syntax error, unexpected end of file {"exception":"[object] (ParseError(code: 0): syntax error, unexpected end of file at E:/laravel_project/passport-api/routes/api.php:24)
[stacktrace]
#0 E:/laravel_project/passport-api/vendor/laravel/framework/src/Illuminate/Routing/Router.php(526): Illuminate/Routing/RouteFileRegistrar->register('E://laravel_proj...')
#1 E:/laravel_project/passport-api/vendor/laravel/framework/src/Illuminate/Routing/Router.php(480): Illuminate/Routing/Router->loadRoutes('E://laravel_proj...')
#2 E:/laravel_project/passport-api/vendor/laravel/framework/src/Illuminate/Routing/RouteRegistrar.php(212): Illuminate/Routing/Router->group(Array, 'E://laravel_proj...')
#3 E:/laravel_project/passport-api/vendor/laravel/framework/src/Illuminate/Foundation/Configuration/ApplicationBuilder.php(214): Illuminate/Routing/RouteRegistrar->group('E://laravel_proj...')
#4 E:/laravel_project/passport-api/vendor/laravel/framework/src/Illuminate/Container/BoundMethod.php(36): Illuminate/Foundation/Configuration/ApplicationBuilder->Illuminate/Foundation/Configuration/{closure}()
#5 E:/laravel_project/passport-api/vendor/laravel/framework/src/Illuminate/Container/Util.php(43): Illuminate/Container/BoundMethod::Illuminate/Container/{closure}()
#6 E:/laravel_project/passport-api/vendor/laravel/framework/src/Illuminate/Container/BoundMethod.php(84): Illuminate/Container/Util::unwrapIfClosure(Object(Closure))
#7 E:/laravel_project/passport-api/vendor/laravel/framework/src/Illuminate/Container/BoundMethod.php(35): Illuminate/Container/BoundMethod::callBoundMethod(Object(Illuminate/Foundation/Application), Object(Closure), Object(Closure))
#8 E:/laravel_project/passport-api/vendor/laravel/framework/src/Illuminate/Container/Container.php(799): Illuminate/Container/BoundMethod::call(Object(Illuminate/Foundation/Application), Object(Closure), Array, NULL)
#9 E:/laravel_project/passport-api/vendor/laravel/framework/src/Illuminate/Foundation/Support/Providers/RouteServiceProvider.php(162): Illuminate/Container/Container->call(Object(Closure))
#10 E:/laravel_project/passport-api/vendor/laravel/framework/src/Illuminate/Foundation/Support/Providers/RouteServiceProvider.php(59): Illuminate/Foundation/Support/Providers/RouteServiceProvider->loadRoutes()
#11 E:/laravel_project/passport-api/vendor/laravel/framework/src/Illuminate/Container/BoundMethod.php(36): Illuminate/Foundation/Support/Providers/RouteServiceProvider->Illuminate/Foundation/Support/Providers/{closure}()
#12 E:/laravel_project/passport-api/vendor/laravel/framework/src/Illuminate/Container/Util.php(43): Illuminate/Container/BoundMethod::Illuminate/Container/{closure}()
#13 E:/laravel_project/passport-api/vendor/laravel/framework/src/Illuminate/Container/BoundMethod.php(84): Illuminate/Container/Util::unwrapIfClosure(Object(Closure))
#14 E:/laravel_project/passport-api/vendor/laravel/framework/src/Illuminate/Container/BoundMethod.php(35): Illuminate/Container/BoundMethod::callBoundMethod(Object(Illuminate/Foundation/Application), Object(Closure), Object(Closure))
#15 E:/laravel_project/passport-api/vendor/laravel/framework/src/Illuminate/Container/Container.php(799): Illuminate/Container/BoundMethod::call(Object(Illuminate/Foundation/Application), Object(Closure), Array, NULL)
#16 E:/laravel_project/passport-api/vendor/laravel/framework/src/Illuminate/Support/ServiceProvider.php(150): Illuminate/Container/Container->call(Object(Closure))
#17 E:/laravel_project/passport-api/vendor/laravel/framework/src/Illuminate/Foundation/Application.php(1154): Illuminate/Support/ServiceProvider->callBootedCallbacks()
#18 E:/laravel_project/passport-api/vendor/laravel/framework/src/Illuminate/Foundation/Application.php(1132): Illuminate/Foundation/Application->bootProvider(Object(Illuminate/Foundation/Support/Providers/RouteServiceProvider))
#19 [internal function]: Illuminate/Foundation/Application->Illuminate/Foundation/{closure}(Object(Illuminate/Foundation/Support/Providers/RouteServiceProvider), 'Illuminate//Foun...')
#20 E:/laravel_project/passport-api/vendor/laravel/framework/src/Illuminate/Foundation/Application.php(1131): array_walk(Array, Object(Closure))
#21 E:/laravel_project/passport-api/vendor/laravel/framework/src/Illuminate/Foundation/Bootstrap/BootProviders.php(17): Illuminate/Foundation/Application->boot()
#22 E:/laravel_project/passport-api/vendor/laravel/framework/src/Illuminate/Foundation/Application.php(342): Illuminate/Foundation/Bootstrap/BootProviders->bootstrap(Object(Illuminate/Foundation/Application))
#23 E:/laravel_project/passport-api/vendor/laravel/framework/src/Illuminate/Foundation/Console/Kernel.php(494): Illuminate/Foundation/Application->bootstrapWith(Array)
#24 E:/laravel_project/passport-api/vendor/laravel/framework/src/Illuminate/Foundation/Console/Kernel.php(196): Illuminate/Foundation/Console/Kernel->bootstrap()
#25 Command line code(1): Illuminate/Foundation/Console/Kernel->handle(Object(Symfony/Component/Console/Input/ArgvInput), Object(Symfony/Component/Console/Output/ConsoleOutput))
#26 {main}
"} 
[2026-03-26 15:04:32] local.ERROR: syntax error, unexpected end of file {"exception":"[object] (ParseError(code: 0): syntax error, unexpected end of file at E:/laravel_project/passport-api/routes/api.php:24)
[stacktrace]
#0 E:/laravel_project/passport-api/vendor/laravel/framework/src/Illuminate/Routing/Router.php(526): Illuminate/Routing/RouteFileRegistrar->register('E://laravel_proj...')
#1 E:/laravel_project/passport-api/vendor/laravel/framework/src/Illuminate/Routing/Router.php(480): Illuminate/Routing/Router->loadRoutes('E://laravel_proj...')
#2 E:/laravel_project/passport-api/vendor/laravel/framework/src/Illuminate/Routing/RouteRegistrar.php(212): Illuminate/Routing/Router->group(Array, 'E://laravel_proj...')
#3 E:/laravel_project/passport-api/vendor/laravel/framework/src/Illuminate/Foundation/Configuration/ApplicationBuilder.php(214): Illuminate/Routing/RouteRegistrar->group('E://laravel_proj...')
#4 E:/laravel_project/passport-api/vendor/laravel/framework/src/Illuminate/Container/BoundMethod.php(36): Illuminate/Foundation/Configuration/ApplicationBuilder->Illuminate/Foundation/Configuration/{closure}()
#5 E:/laravel_project/passport-api/vendor/laravel/framework/src/Illuminate/Container/Util.php(43): Illuminate/Container/BoundMethod::Illuminate/Container/{closure}()
#6 E:/laravel_project/passport-api/vendor/laravel/framework/src/Illuminate/Container/BoundMethod.php(84): Illuminate/Container/Util::unwrapIfClosure(Object(Closure))
#7 E:/laravel_project/passport-api/vendor/laravel/framework/src/Illuminate/Container/BoundMethod.php(35): Illuminate/Container/BoundMethod::callBoundMethod(Object(Illuminate/Foundation/Application), Object(Closure), Object(Closure))
#8 E:/laravel_project/passport-api/vendor/laravel/framework/src/Illuminate/Container/Container.php(799): Illuminate/Container/BoundMethod::call(Object(Illuminate/Foundation/Application), Object(Closure), Array, NULL)
#9 E:/laravel_project/passport-api/vendor/laravel/framework/src/Illuminate/Foundation/Support/Providers/RouteServiceProvider.php(162): Illuminate/Container/Container->call(Object(Closure))
#10 E:/laravel_project/passport-api/vendor/laravel/framework/src/Illuminate/Foundation/Support/Providers/RouteServiceProvider.php(59): Illuminate/Foundation/Support/Providers/RouteServiceProvider->loadRoutes()
#11 E:/laravel_project/passport-api/vendor/laravel/framework/src/Illuminate/Container/BoundMethod.php(36): Illuminate/Foundation/Support/Providers/RouteServiceProvider->Illuminate/Foundation/Support/Providers/{closure}()
#12 E:/laravel_project/passport-api/vendor/laravel/framework/src/Illuminate/Container/Util.php(43): Illuminate/Container/BoundMethod::Illuminate/Container/{closure}()
#13 E:/laravel_project/passport-api/vendor/laravel/framework/src/Illuminate/Container/BoundMethod.php(84): Illuminate/Container/Util::unwrapIfClosure(Object(Closure))
#14 E:/laravel_project/passport-api/vendor/laravel/framework/src/Illuminate/Container/BoundMethod.php(35): Illuminate/Container/BoundMethod::callBoundMethod(Object(Illuminate/Foundation/Application), Object(Closure), Object(Closure))
#15 E:/laravel_project/passport-api/vendor/laravel/framework/src/Illuminate/Container/Container.php(799): Illuminate/Container/BoundMethod::call(Object(Illuminate/Foundation/Application), Object(Closure), Array, NULL)
#16 E:/laravel_project/passport-api/vendor/laravel/framework/src/Illuminate/Support/ServiceProvider.php(150): Illuminate/Container/Container->call(Object(Closure))
#17 E:/laravel_project/passport-api/vendor/laravel/framework/src/Illuminate/Foundation/Application.php(1154): Illuminate/Support/ServiceProvider->callBootedCallbacks()
#18 E:/laravel_project/passport-api/vendor/laravel/framework/src/Illuminate/Foundation/Application.php(1132): Illuminate/Foundation/Application->bootProvider(Object(Illuminate/Foundation/Support/Providers/RouteServiceProvider))
#19 [internal function]: Illuminate/Foundation/Application->Illuminate/Foundation/{closure}(Object(Illuminate/Foundation/Support/Providers/RouteServiceProvider), 'Illuminate//Foun...')
#20 E:/laravel_project/passport-api/vendor/laravel/framework/src/Illuminate/Foundation/Application.php(1131): array_walk(Array, Object(Closure))
#21 E:/laravel_project/passport-api/vendor/laravel/framework/src/Illuminate/Foundation/Bootstrap/BootProviders.php(17): Illuminate/Foundation/Application->boot()
#22 E:/laravel_project/passport-api/vendor/laravel/framework/src/Illuminate/Foundation/Application.php(342): Illuminate/Foundation/Bootstrap/BootProviders->bootstrap(Object(Illuminate/Foundation/Application))
#23 E:/laravel_project/passport-api/vendor/laravel/framework/src/Illuminate/Foundation/Console/Kernel.php(494): Illuminate/Foundation/Application->bootstrapWith(Array)
#24 E:/laravel_project/passport-api/vendor/laravel/framework/src/Illuminate/Foundation/Console/Kernel.php(196): Illuminate/Foundation/Console/Kernel->bootstrap()
#25 Command line code(1): Illuminate/Foundation/Console/Kernel->handle(Object(Symfony/Component/Console/Input/ArgvInput), Object(Symfony/Component/Console/Output/ConsoleOutput))
#26 {main}
"} 
[2026-03-26 15:04:51] local.ERROR: syntax error, unexpected end of file {"exception":"[object] (ParseError(code: 0): syntax error, unexpected end of file at E:/laravel_project/passport-api/routes/api.php:24)
[stacktrace]
#0 E:/laravel_project/passport-api/vendor/laravel/framework/src/Illuminate/Routing/Router.php(526): Illuminate/Routing/RouteFileRegistrar->register('E://laravel_proj...')
#1 E:/laravel_project/passport-api/vendor/laravel/framework/src/Illuminate/Routing/Router.php(480): Illuminate/Routing/Router->loadRoutes('E://laravel_proj...')
#2 E:/laravel_project/passport-api/vendor/laravel/framework/src/Illuminate/Routing/RouteRegistrar.php(212): Illuminate/Routing/Router->group(Array, 'E://laravel_proj...')
#3 E:/laravel_project/passport-api/vendor/laravel/framework/src/Illuminate/Foundation/Configuration/ApplicationBuilder.php(214): Illuminate/Routing/RouteRegistrar->group('E://laravel_proj...')
#4 E:/laravel_project/passport-api/vendor/laravel/framework/src/Illuminate/Container/BoundMethod.php(36): Illuminate/Foundation/Configuration/ApplicationBuilder->Illuminate/Foundation/Configuration/{closure}()
#5 E:/laravel_project/passport-api/vendor/laravel/framework/src/Illuminate/Container/Util.php(43): Illuminate/Container/BoundMethod::Illuminate/Container/{closure}()
#6 E:/laravel_project/passport-api/vendor/laravel/framework/src/Illuminate/Container/BoundMethod.php(84): Illuminate/Container/Util::unwrapIfClosure(Object(Closure))
#7 E:/laravel_project/passport-api/vendor/laravel/framework/src/Illuminate/Container/BoundMethod.php(35): Illuminate/Container/BoundMethod::callBoundMethod(Object(Illuminate/Foundation/Application), Object(Closure), Object(Closure))
#8 E:/laravel_project/passport-api/vendor/laravel/framework/src/Illuminate/Container/Container.php(799): Illuminate/Container/BoundMethod::call(Object(Illuminate/Foundation/Application), Object(Closure), Array, NULL)
#9 E:/laravel_project/passport-api/vendor/laravel/framework/src/Illuminate/Foundation/Support/Providers/RouteServiceProvider.php(162): Illuminate/Container/Container->call(Object(Closure))
#10 E:/laravel_project/passport-api/vendor/laravel/framework/src/Illuminate/Foundation/Support/Providers/RouteServiceProvider.php(59): Illuminate/Foundation/Support/Providers/RouteServiceProvider->loadRoutes()
#11 E:/laravel_project/passport-api/vendor/laravel/framework/src/Illuminate/Container/BoundMethod.php(36): Illuminate/Foundation/Support/Providers/RouteServiceProvider->Illuminate/Foundation/Support/Providers/{closure}()
#12 E:/laravel_project/passport-api/vendor/laravel/framework/src/Illuminate/Container/Util.php(43): Illuminate/Container/BoundMethod::Illuminate/Container/{closure}()
#13 E:/laravel_project/passport-api/vendor/laravel/framework/src/Illuminate/Container/BoundMethod.php(84): Illuminate/Container/Util::unwrapIfClosure(Object(Closure))
#14 E:/laravel_project/passport-api/vendor/laravel/framework/src/Illuminate/Container/BoundMethod.php(35): Illuminate/Container/BoundMethod::callBoundMethod(Object(Illuminate/Foundation/Application), Object(Closure), Object(Closure))
#15 E:/laravel_project/passport-api/vendor/laravel/framework/src/Illuminate/Container/Container.php(799): Illuminate/Container/BoundMethod::call(Object(Illuminate/Foundation/Application), Object(Closure), Array, NULL)
#16 E:/laravel_project/passport-api/vendor/laravel/framework/src/Illuminate/Support/ServiceProvider.php(150): Illuminate/Container/Container->call(Object(Closure))
#17 E:/laravel_project/passport-api/vendor/laravel/framework/src/Illuminate/Foundation/Application.php(1154): Illuminate/Support/ServiceProvider->callBootedCallbacks()
#18 E:/laravel_project/passport-api/vendor/laravel/framework/src/Illuminate/Foundation/Application.php(1132): Illuminate/Foundation/Application->bootProvider(Object(Illuminate/Foundation/Support/Providers/RouteServiceProvider))
#19 [internal function]: Illuminate/Foundation/Application->Illuminate/Foundation/{closure}(Object(Illuminate/Foundation/Support/Providers/RouteServiceProvider), 'Illuminate//Foun...')
#20 E:/laravel_project/passport-api/vendor/laravel/framework/src/Illuminate/Foundation/Application.php(1131): array_walk(Array, Object(Closure))
#21 E:/laravel_project/passport-api/vendor/laravel/framework/src/Illuminate/Foundation/Bootstrap/BootProviders.php(17): Illuminate/Foundation/Application->boot()
#22 E:/laravel_project/passport-api/vendor/laravel/framework/src/Illuminate/Foundation/Application.php(342): Illuminate/Foundation/Bootstrap/BootProviders->bootstrap(Object(Illuminate/Foundation/Application))
#23 E:/laravel_project/passport-api/vendor/laravel/framework/src/Illuminate/Foundation/Console/Kernel.php(494): Illuminate/Foundation/Application->bootstrapWith(Array)
#24 E:/laravel_project/passport-api/vendor/laravel/framework/src/Illuminate/Foundation/Console/Kernel.php(196): Illuminate/Foundation/Console/Kernel->bootstrap()
#25 Command line code(1): Illuminate/Foundation/Console/Kernel->handle(Object(Symfony/Component/Console/Input/ArgvInput), Object(Symfony/Component/Console/Output/ConsoleOutput))
#26 {main}
"} 
[2026-03-26 15:05:07] local.ERROR: syntax error, unexpected end of file {"exception":"[object] (ParseError(code: 0): syntax error, unexpected end of file at E:/laravel_project/passport-api/routes/api.php:24)
[stacktrace]
#0 E:/laravel_project/passport-api/vendor/laravel/framework/src/Illuminate/Routing/Router.php(526): Illuminate/Routing/RouteFileRegistrar->register('E://laravel_proj...')
#1 E:/laravel_project/passport-api/vendor/laravel/framework/src/Illuminate/Routing/Router.php(480): Illuminate/Routing/Router->loadRoutes('E://laravel_proj...')
#2 E:/laravel_project/passport-api/vendor/laravel/framework/src/Illuminate/Routing/RouteRegistrar.php(212): Illuminate/Routing/Router->group(Array, 'E://laravel_proj...')
#3 E:/laravel_project/passport-api/vendor/laravel/framework/src/Illuminate/Foundation/Configuration/ApplicationBuilder.php(214): Illuminate/Routing/RouteRegistrar->group('E://laravel_proj...')
#4 E:/laravel_project/passport-api/vendor/laravel/framework/src/Illuminate/Container/BoundMethod.php(36): Illuminate/Foundation/Configuration/ApplicationBuilder->Illuminate/Foundation/Configuration/{closure}()
#5 E:/laravel_project/passport-api/vendor/laravel/framework/src/Illuminate/Container/Util.php(43): Illuminate/Container/BoundMethod::Illuminate/Container/{closure}()
#6 E:/laravel_project/passport-api/vendor/laravel/framework/src/Illuminate/Container/BoundMethod.php(84): Illuminate/Container/Util::unwrapIfClosure(Object(Closure))
#7 E:/laravel_project/passport-api/vendor/laravel/framework/src/Illuminate/Container/BoundMethod.php(35): Illuminate/Container/BoundMethod::callBoundMethod(Object(Illuminate/Foundation/Application), Object(Closure), Object(Closure))
#8 E:/laravel_project/passport-api/vendor/laravel/framework/src/Illuminate/Container/Container.php(799): Illuminate/Container/BoundMethod::call(Object(Illuminate/Foundation/Application), Object(Closure), Array, NULL)
#9 E:/laravel_project/passport-api/vendor/laravel/framework/src/Illuminate/Foundation/Support/Providers/RouteServiceProvider.php(162): Illuminate/Container/Container->call(Object(Closure))
#10 E:/laravel_project/passport-api/vendor/laravel/framework/src/Illuminate/Foundation/Support/Providers/RouteServiceProvider.php(59): Illuminate/Foundation/Support/Providers/RouteServiceProvider->loadRoutes()
#11 E:/laravel_project/passport-api/vendor/laravel/framework/src/Illuminate/Container/BoundMethod.php(36): Illuminate/Foundation/Support/Providers/RouteServiceProvider->Illuminate/Foundation/Support/Providers/{closure}()
#12 E:/laravel_project/passport-api/vendor/laravel/framework/src/Illuminate/Container/Util.php(43): Illuminate/Container/BoundMethod::Illuminate/Container/{closure}()
#13 E:/laravel_project/passport-api/vendor/laravel/framework/src/Illuminate/Container/BoundMethod.php(84): Illuminate/Container/Util::unwrapIfClosure(Object(Closure))
#14 E:/laravel_project/passport-api/vendor/laravel/framework/src/Illuminate/Container/BoundMethod.php(35): Illuminate/Container/BoundMethod::callBoundMethod(Object(Illuminate/Foundation/Application), Object(Closure), Object(Closure))
#15 E:/laravel_project/passport-api/vendor/laravel/framework/src/Illuminate/Container/Container.php(799): Illuminate/Container/BoundMethod::call(Object(Illuminate/Foundation/Application), Object(Closure), Array, NULL)
#16 E:/laravel_project/passport-api/vendor/laravel/framework/src/Illuminate/Support/ServiceProvider.php(150): Illuminate/Container/Container->call(Object(Closure))
#17 E:/laravel_project/passport-api/vendor/laravel/framework/src/Illuminate/Foundation/Application.php(1154): Illuminate/Support/ServiceProvider->callBootedCallbacks()
#18 E:/laravel_project/passport-api/vendor/laravel/framework/src/Illuminate/Foundation/Application.php(1132): Illuminate/Foundation/Application->bootProvider(Object(Illuminate/Foundation/Support/Providers/RouteServiceProvider))
#19 [internal function]: Illuminate/Foundation/Application->Illuminate/Foundation/{closure}(Object(Illuminate/Foundation/Support/Providers/RouteServiceProvider), 'Illuminate//Foun...')
#20 E:/laravel_project/passport-api/vendor/laravel/framework/src/Illuminate/Foundation/Application.php(1131): array_walk(Array, Object(Closure))
#21 E:/laravel_project/passport-api/vendor/laravel/framework/src/Illuminate/Foundation/Bootstrap/BootProviders.php(17): Illuminate/Foundation/Application->boot()
#22 E:/laravel_project/passport-api/vendor/laravel/framework/src/Illuminate/Foundation/Application.php(342): Illuminate/Foundation/Bootstrap/BootProviders->bootstrap(Object(Illuminate/Foundation/Application))
#23 E:/laravel_project/passport-api/vendor/laravel/framework/src/Illuminate/Foundation/Console/Kernel.php(494): Illuminate/Foundation/Application->bootstrapWith(Array)
#24 E:/laravel_project/passport-api/vendor/laravel/framework/src/Illuminate/Foundation/Console/Kernel.php(196): Illuminate/Foundation/Console/Kernel->bootstrap()
#25 Command line code(1): Illuminate/Foundation/Console/Kernel->handle(Object(Symfony/Component/Console/Input/ArgvInput), Object(Symfony/Component/Console/Output/ConsoleOutput))
#26 {main}
"} 
[2026-03-26 15:05:07] local.ERROR: syntax error, unexpected end of file {"exception":"[object] (ParseError(code: 0): syntax error, unexpected end of file at E:/laravel_project/passport-api/routes/api.php:24)
[stacktrace]
#0 E:/laravel_project/passport-api/vendor/laravel/framework/src/Illuminate/Routing/Router.php(526): Illuminate/Routing/RouteFileRegistrar->register('E://laravel_proj...')
#1 E:/laravel_project/passport-api/vendor/laravel/framework/src/Illuminate/Routing/Router.php(480): Illuminate/Routing/Router->loadRoutes('E://laravel_proj...')
#2 E:/laravel_project/passport-api/vendor/laravel/framework/src/Illuminate/Routing/RouteRegistrar.php(212): Illuminate/Routing/Router->group(Array, 'E://laravel_proj...')
#3 E:/laravel_project/passport-api/vendor/laravel/framework/src/Illuminate/Foundation/Configuration/ApplicationBuilder.php(214): Illuminate/Routing/RouteRegistrar->group('E://laravel_proj...')
#4 E:/laravel_project/passport-api/vendor/laravel/framework/src/Illuminate/Container/BoundMethod.php(36): Illuminate/Foundation/Configuration/ApplicationBuilder->Illuminate/Foundation/Configuration/{closure}()
#5 E:/laravel_project/passport-api/vendor/laravel/framework/src/Illuminate/Container/Util.php(43): Illuminate/Container/BoundMethod::Illuminate/Container/{closure}()
#6 E:/laravel_project/passport-api/vendor/laravel/framework/src/Illuminate/Container/BoundMethod.php(84): Illuminate/Container/Util::unwrapIfClosure(Object(Closure))
#7 E:/laravel_project/passport-api/vendor/laravel/framework/src/Illuminate/Container/BoundMethod.php(35): Illuminate/Container/BoundMethod::callBoundMethod(Object(Illuminate/Foundation/Application), Object(Closure), Object(Closure))
#8 E:/laravel_project/passport-api/vendor/laravel/framework/src/Illuminate/Container/Container.php(799): Illuminate/Container/BoundMethod::call(Object(Illuminate/Foundation/Application), Object(Closure), Array, NULL)
#9 E:/laravel_project/passport-api/vendor/laravel/framework/src/Illuminate/Foundation/Support/Providers/RouteServiceProvider.php(162): Illuminate/Container/Container->call(Object(Closure))
#10 E:/laravel_project/passport-api/vendor/laravel/framework/src/Illuminate/Foundation/Support/Providers/RouteServiceProvider.php(59): Illuminate/Foundation/Support/Providers/RouteServiceProvider->loadRoutes()
#11 E:/laravel_project/passport-api/vendor/laravel/framework/src/Illuminate/Container/BoundMethod.php(36): Illuminate/Foundation/Support/Providers/RouteServiceProvider->Illuminate/Foundation/Support/Providers/{closure}()
#12 E:/laravel_project/passport-api/vendor/laravel/framework/src/Illuminate/Container/Util.php(43): Illuminate/Container/BoundMethod::Illuminate/Container/{closure}()
#13 E:/laravel_project/passport-api/vendor/laravel/framework/src/Illuminate/Container/BoundMethod.php(84): Illuminate/Container/Util::unwrapIfClosure(Object(Closure))
#14 E:/laravel_project/passport-api/vendor/laravel/framework/src/Illuminate/Container/BoundMethod.php(35): Illuminate/Container/BoundMethod::callBoundMethod(Object(Illuminate/Foundation/Application), Object(Closure), Object(Closure))
#15 E:/laravel_project/passport-api/vendor/laravel/framework/src/Illuminate/Container/Container.php(799): Illuminate/Container/BoundMethod::call(Object(Illuminate/Foundation/Application), Object(Closure), Array, NULL)
#16 E:/laravel_project/passport-api/vendor/laravel/framework/src/Illuminate/Support/ServiceProvider.php(150): Illuminate/Container/Container->call(Object(Closure))
#17 E:/laravel_project/passport-api/vendor/laravel/framework/src/Illuminate/Foundation/Application.php(1154): Illuminate/Support/ServiceProvider->callBootedCallbacks()
#18 E:/laravel_project/passport-api/vendor/laravel/framework/src/Illuminate/Foundation/Application.php(1132): Illuminate/Foundation/Application->bootProvider(Object(Illuminate/Foundation/Support/Providers/RouteServiceProvider))
#19 [internal function]: Illuminate/Foundation/Application->Illuminate/Foundation/{closure}(Object(Illuminate/Foundation/Support/Providers/RouteServiceProvider), 'Illuminate//Foun...')
#20 E:/laravel_project/passport-api/vendor/laravel/framework/src/Illuminate/Foundation/Application.php(1131): array_walk(Array, Object(Closure))
#21 E:/laravel_project/passport-api/vendor/laravel/framework/src/Illuminate/Foundation/Bootstrap/BootProviders.php(17): Illuminate/Foundation/Application->boot()
#22 E:/laravel_project/passport-api/vendor/laravel/framework/src/Illuminate/Foundation/Application.php(342): Illuminate/Foundation/Bootstrap/BootProviders->bootstrap(Object(Illuminate/Foundation/Application))
#23 E:/laravel_project/passport-api/vendor/laravel/framework/src/Illuminate/Foundation/Console/Kernel.php(494): Illuminate/Foundation/Application->bootstrapWith(Array)
#24 E:/laravel_project/passport-api/vendor/laravel/framework/src/Illuminate/Foundation/Console/Kernel.php(196): Illuminate/Foundation/Console/Kernel->bootstrap()
#25 Command line code(1): Illuminate/Foundation/Console/Kernel->handle(Object(Symfony/Component/Console/Input/ArgvInput), Object(Symfony/Component/Console/Output/ConsoleOutput))
#26 {main}
"} 
[2026-03-26 15:05:16] local.ERROR: syntax error, unexpected end of file {"exception":"[object] (ParseError(code: 0): syntax error, unexpected end of file at E:/laravel_project/passport-api/routes/api.php:24)
[stacktrace]
#0 E:/laravel_project/passport-api/vendor/laravel/framework/src/Illuminate/Routing/Router.php(526): Illuminate/Routing/RouteFileRegistrar->register('E://laravel_proj...')
#1 E:/laravel_project/passport-api/vendor/laravel/framework/src/Illuminate/Routing/Router.php(480): Illuminate/Routing/Router->loadRoutes('E://laravel_proj...')
#2 E:/laravel_project/passport-api/vendor/laravel/framework/src/Illuminate/Routing/RouteRegistrar.php(212): Illuminate/Routing/Router->group(Array, 'E://laravel_proj...')
#3 E:/laravel_project/passport-api/vendor/laravel/framework/src/Illuminate/Foundation/Configuration/ApplicationBuilder.php(214): Illuminate/Routing/RouteRegistrar->group('E://laravel_proj...')
#4 E:/laravel_project/passport-api/vendor/laravel/framework/src/Illuminate/Container/BoundMethod.php(36): Illuminate/Foundation/Configuration/ApplicationBuilder->Illuminate/Foundation/Configuration/{closure}()
#5 E:/laravel_project/passport-api/vendor/laravel/framework/src/Illuminate/Container/Util.php(43): Illuminate/Container/BoundMethod::Illuminate/Container/{closure}()
#6 E:/laravel_project/passport-api/vendor/laravel/framework/src/Illuminate/Container/BoundMethod.php(84): Illuminate/Container/Util::unwrapIfClosure(Object(Closure))
#7 E:/laravel_project/passport-api/vendor/laravel/framework/src/Illuminate/Container/BoundMethod.php(35): Illuminate/Container/BoundMethod::callBoundMethod(Object(Illuminate/Foundation/Application), Object(Closure), Object(Closure))
#8 E:/laravel_project/passport-api/vendor/laravel/framework/src/Illuminate/Container/Container.php(799): Illuminate/Container/BoundMethod::call(Object(Illuminate/Foundation/Application), Object(Closure), Array, NULL)
#9 E:/laravel_project/passport-api/vendor/laravel/framework/src/Illuminate/Foundation/Support/Providers/RouteServiceProvider.php(162): Illuminate/Container/Container->call(Object(Closure))
#10 E:/laravel_project/passport-api/vendor/laravel/framework/src/Illuminate/Foundation/Support/Providers/RouteServiceProvider.php(59): Illuminate/Foundation/Support/Providers/RouteServiceProvider->loadRoutes()
#11 E:/laravel_project/passport-api/vendor/laravel/framework/src/Illuminate/Container/BoundMethod.php(36): Illuminate/Foundation/Support/Providers/RouteServiceProvider->Illuminate/Foundation/Support/Providers/{closure}()
#12 E:/laravel_project/passport-api/vendor/laravel/framework/src/Illuminate/Container/Util.php(43): Illuminate/Container/BoundMethod::Illuminate/Container/{closure}()
#13 E:/laravel_project/passport-api/vendor/laravel/framework/src/Illuminate/Container/BoundMethod.php(84): Illuminate/Container/Util::unwrapIfClosure(Object(Closure))
#14 E:/laravel_project/passport-api/vendor/laravel/framework/src/Illuminate/Container/BoundMethod.php(35): Illuminate/Container/BoundMethod::callBoundMethod(Object(Illuminate/Foundation/Application), Object(Closure), Object(Closure))
#15 E:/laravel_project/passport-api/vendor/laravel/framework/src/Illuminate/Container/Container.php(799): Illuminate/Container/BoundMethod::call(Object(Illuminate/Foundation/Application), Object(Closure), Array, NULL)
#16 E:/laravel_project/passport-api/vendor/laravel/framework/src/Illuminate/Support/ServiceProvider.php(150): Illuminate/Container/Container->call(Object(Closure))
#17 E:/laravel_project/passport-api/vendor/laravel/framework/src/Illuminate/Foundation/Application.php(1154): Illuminate/Support/ServiceProvider->callBootedCallbacks()
#18 E:/laravel_project/passport-api/vendor/laravel/framework/src/Illuminate/Foundation/Application.php(1132): Illuminate/Foundation/Application->bootProvider(Object(Illuminate/Foundation/Support/Providers/RouteServiceProvider))
#19 [internal function]: Illuminate/Foundation/Application->Illuminate/Foundation/{closure}(Object(Illuminate/Foundation/Support/Providers/RouteServiceProvider), 'Illuminate//Foun...')
#20 E:/laravel_project/passport-api/vendor/laravel/framework/src/Illuminate/Foundation/Application.php(1131): array_walk(Array, Object(Closure))
#21 E:/laravel_project/passport-api/vendor/laravel/framework/src/Illuminate/Foundation/Bootstrap/BootProviders.php(17): Illuminate/Foundation/Application->boot()
#22 E:/laravel_project/passport-api/vendor/laravel/framework/src/Illuminate/Foundation/Application.php(342): Illuminate/Foundation/Bootstrap/BootProviders->bootstrap(Object(Illuminate/Foundation/Application))
#23 E:/laravel_project/passport-api/vendor/laravel/framework/src/Illuminate/Foundation/Console/Kernel.php(494): Illuminate/Foundation/Application->bootstrapWith(Array)
#24 E:/laravel_project/passport-api/vendor/laravel/framework/src/Illuminate/Foundation/Console/Kernel.php(196): Illuminate/Foundation/Console/Kernel->bootstrap()
#25 Command line code(1): Illuminate/Foundation/Console/Kernel->handle(Object(Symfony/Component/Console/Input/ArgvInput), Object(Symfony/Component/Console/Output/ConsoleOutput))
#26 {main}
"} 
[2026-03-26 15:05:52] local.ERROR: syntax error, unexpected end of file {"exception":"[object] (ParseError(code: 0): syntax error, unexpected end of file at E:/laravel_project/passport-api/routes/api.php:24)
[stacktrace]
#0 E:/laravel_project/passport-api/vendor/laravel/framework/src/Illuminate/Routing/Router.php(526): Illuminate/Routing/RouteFileRegistrar->register('E://laravel_proj...')
#1 E:/laravel_project/passport-api/vendor/laravel/framework/src/Illuminate/Routing/Router.php(480): Illuminate/Routing/Router->loadRoutes('E://laravel_proj...')
#2 E:/laravel_project/passport-api/vendor/laravel/framework/src/Illuminate/Routing/RouteRegistrar.php(212): Illuminate/Routing/Router->group(Array, 'E://laravel_proj...')
#3 E:/laravel_project/passport-api/vendor/laravel/framework/src/Illuminate/Foundation/Configuration/ApplicationBuilder.php(214): Illuminate/Routing/RouteRegistrar->group('E://laravel_proj...')
#4 E:/laravel_project/passport-api/vendor/laravel/framework/src/Illuminate/Container/BoundMethod.php(36): Illuminate/Foundation/Configuration/ApplicationBuilder->Illuminate/Foundation/Configuration/{closure}()
#5 E:/laravel_project/passport-api/vendor/laravel/framework/src/Illuminate/Container/Util.php(43): Illuminate/Container/BoundMethod::Illuminate/Container/{closure}()
#6 E:/laravel_project/passport-api/vendor/laravel/framework/src/Illuminate/Container/BoundMethod.php(84): Illuminate/Container/Util::unwrapIfClosure(Object(Closure))
#7 E:/laravel_project/passport-api/vendor/laravel/framework/src/Illuminate/Container/BoundMethod.php(35): Illuminate/Container/BoundMethod::callBoundMethod(Object(Illuminate/Foundation/Application), Object(Closure), Object(Closure))
#8 E:/laravel_project/passport-api/vendor/laravel/framework/src/Illuminate/Container/Container.php(799): Illuminate/Container/BoundMethod::call(Object(Illuminate/Foundation/Application), Object(Closure), Array, NULL)
#9 E:/laravel_project/passport-api/vendor/laravel/framework/src/Illuminate/Foundation/Support/Providers/RouteServiceProvider.php(162): Illuminate/Container/Container->call(Object(Closure))
#10 E:/laravel_project/passport-api/vendor/laravel/framework/src/Illuminate/Foundation/Support/Providers/RouteServiceProvider.php(59): Illuminate/Foundation/Support/Providers/RouteServiceProvider->loadRoutes()
#11 E:/laravel_project/passport-api/vendor/laravel/framework/src/Illuminate/Container/BoundMethod.php(36): Illuminate/Foundation/Support/Providers/RouteServiceProvider->Illuminate/Foundation/Support/Providers/{closure}()
#12 E:/laravel_project/passport-api/vendor/laravel/framework/src/Illuminate/Container/Util.php(43): Illuminate/Container/BoundMethod::Illuminate/Container/{closure}()
#13 E:/laravel_project/passport-api/vendor/laravel/framework/src/Illuminate/Container/BoundMethod.php(84): Illuminate/Container/Util::unwrapIfClosure(Object(Closure))
#14 E:/laravel_project/passport-api/vendor/laravel/framework/src/Illuminate/Container/BoundMethod.php(35): Illuminate/Container/BoundMethod::callBoundMethod(Object(Illuminate/Foundation/Application), Object(Closure), Object(Closure))
#15 E:/laravel_project/passport-api/vendor/laravel/framework/src/Illuminate/Container/Container.php(799): Illuminate/Container/BoundMethod::call(Object(Illuminate/Foundation/Application), Object(Closure), Array, NULL)
#16 E:/laravel_project/passport-api/vendor/laravel/framework/src/Illuminate/Support/ServiceProvider.php(150): Illuminate/Container/Container->call(Object(Closure))
#17 E:/laravel_project/passport-api/vendor/laravel/framework/src/Illuminate/Foundation/Application.php(1154): Illuminate/Support/ServiceProvider->callBootedCallbacks()
#18 E:/laravel_project/passport-api/vendor/laravel/framework/src/Illuminate/Foundation/Application.php(1132): Illuminate/Foundation/Application->bootProvider(Object(Illuminate/Foundation/Support/Providers/RouteServiceProvider))
#19 [internal function]: Illuminate/Foundation/Application->Illuminate/Foundation/{closure}(Object(Illuminate/Foundation/Support/Providers/RouteServiceProvider), 'Illuminate//Foun...')
#20 E:/laravel_project/passport-api/vendor/laravel/framework/src/Illuminate/Foundation/Application.php(1131): array_walk(Array, Object(Closure))
#21 E:/laravel_project/passport-api/vendor/laravel/framework/src/Illuminate/Foundation/Bootstrap/BootProviders.php(17): Illuminate/Foundation/Application->boot()
#22 E:/laravel_project/passport-api/vendor/laravel/framework/src/Illuminate/Foundation/Application.php(342): Illuminate/Foundation/Bootstrap/BootProviders->bootstrap(Object(Illuminate/Foundation/Application))
#23 E:/laravel_project/passport-api/vendor/laravel/framework/src/Illuminate/Foundation/Console/Kernel.php(494): Illuminate/Foundation/Application->bootstrapWith(Array)
#24 E:/laravel_project/passport-api/vendor/laravel/framework/src/Illuminate/Foundation/Console/Kernel.php(196): Illuminate/Foundation/Console/Kernel->bootstrap()
#25 Command line code(1): Illuminate/Foundation/Console/Kernel->handle(Object(Symfony/Component/Console/Input/ArgvInput), Object(Symfony/Component/Console/Output/ConsoleOutput))
#26 {main}
"} 
[2026-03-26 15:06:04] local.ERROR: syntax error, unexpected end of file {"exception":"[object] (ParseError(code: 0): syntax error, unexpected end of file at E:/laravel_project/passport-api/routes/api.php:24)
[stacktrace]
#0 E:/laravel_project/passport-api/vendor/laravel/framework/src/Illuminate/Routing/Router.php(526): Illuminate/Routing/RouteFileRegistrar->register('E://laravel_proj...')
#1 E:/laravel_project/passport-api/vendor/laravel/framework/src/Illuminate/Routing/Router.php(480): Illuminate/Routing/Router->loadRoutes('E://laravel_proj...')
#2 E:/laravel_project/passport-api/vendor/laravel/framework/src/Illuminate/Routing/RouteRegistrar.php(212): Illuminate/Routing/Router->group(Array, 'E://laravel_proj...')
#3 E:/laravel_project/passport-api/vendor/laravel/framework/src/Illuminate/Foundation/Configuration/ApplicationBuilder.php(214): Illuminate/Routing/RouteRegistrar->group('E://laravel_proj...')
#4 E:/laravel_project/passport-api/vendor/laravel/framework/src/Illuminate/Container/BoundMethod.php(36): Illuminate/Foundation/Configuration/ApplicationBuilder->Illuminate/Foundation/Configuration/{closure}()
#5 E:/laravel_project/passport-api/vendor/laravel/framework/src/Illuminate/Container/Util.php(43): Illuminate/Container/BoundMethod::Illuminate/Container/{closure}()
#6 E:/laravel_project/passport-api/vendor/laravel/framework/src/Illuminate/Container/BoundMethod.php(84): Illuminate/Container/Util::unwrapIfClosure(Object(Closure))
#7 E:/laravel_project/passport-api/vendor/laravel/framework/src/Illuminate/Container/BoundMethod.php(35): Illuminate/Container/BoundMethod::callBoundMethod(Object(Illuminate/Foundation/Application), Object(Closure), Object(Closure))
#8 E:/laravel_project/passport-api/vendor/laravel/framework/src/Illuminate/Container/Container.php(799): Illuminate/Container/BoundMethod::call(Object(Illuminate/Foundation/Application), Object(Closure), Array, NULL)
#9 E:/laravel_project/passport-api/vendor/laravel/framework/src/Illuminate/Foundation/Support/Providers/RouteServiceProvider.php(162): Illuminate/Container/Container->call(Object(Closure))
#10 E:/laravel_project/passport-api/vendor/laravel/framework/src/Illuminate/Foundation/Support/Providers/RouteServiceProvider.php(59): Illuminate/Foundation/Support/Providers/RouteServiceProvider->loadRoutes()
#11 E:/laravel_project/passport-api/vendor/laravel/framework/src/Illuminate/Container/BoundMethod.php(36): Illuminate/Foundation/Support/Providers/RouteServiceProvider->Illuminate/Foundation/Support/Providers/{closure}()
#12 E:/laravel_project/passport-api/vendor/laravel/framework/src/Illuminate/Container/Util.php(43): Illuminate/Container/BoundMethod::Illuminate/Container/{closure}()
#13 E:/laravel_project/passport-api/vendor/laravel/framework/src/Illuminate/Container/BoundMethod.php(84): Illuminate/Container/Util::unwrapIfClosure(Object(Closure))
#14 E:/laravel_project/passport-api/vendor/laravel/framework/src/Illuminate/Container/BoundMethod.php(35): Illuminate/Container/BoundMethod::callBoundMethod(Object(Illuminate/Foundation/Application), Object(Closure), Object(Closure))
#15 E:/laravel_project/passport-api/vendor/laravel/framework/src/Illuminate/Container/Container.php(799): Illuminate/Container/BoundMethod::call(Object(Illuminate/Foundation/Application), Object(Closure), Array, NULL)
#16 E:/laravel_project/passport-api/vendor/laravel/framework/src/Illuminate/Support/ServiceProvider.php(150): Illuminate/Container/Container->call(Object(Closure))
#17 E:/laravel_project/passport-api/vendor/laravel/framework/src/Illuminate/Foundation/Application.php(1154): Illuminate/Support/ServiceProvider->callBootedCallbacks()
#18 E:/laravel_project/passport-api/vendor/laravel/framework/src/Illuminate/Foundation/Application.php(1132): Illuminate/Foundation/Application->bootProvider(Object(Illuminate/Foundation/Support/Providers/RouteServiceProvider))
#19 [internal function]: Illuminate/Foundation/Application->Illuminate/Foundation/{closure}(Object(Illuminate/Foundation/Support/Providers/RouteServiceProvider), 'Illuminate//Foun...')
#20 E:/laravel_project/passport-api/vendor/laravel/framework/src/Illuminate/Foundation/Application.php(1131): array_walk(Array, Object(Closure))
#21 E:/laravel_project/passport-api/vendor/laravel/framework/src/Illuminate/Foundation/Bootstrap/BootProviders.php(17): Illuminate/Foundation/Application->boot()
#22 E:/laravel_project/passport-api/vendor/laravel/framework/src/Illuminate/Foundation/Application.php(342): Illuminate/Foundation/Bootstrap/BootProviders->bootstrap(Object(Illuminate/Foundation/Application))
#23 E:/laravel_project/passport-api/vendor/laravel/framework/src/Illuminate/Foundation/Console/Kernel.php(494): Illuminate/Foundation/Application->bootstrapWith(Array)
#24 E:/laravel_project/passport-api/vendor/laravel/framework/src/Illuminate/Foundation/Console/Kernel.php(196): Illuminate/Foundation/Console/Kernel->bootstrap()
#25 Command line code(1): Illuminate/Foundation/Console/Kernel->handle(Object(Symfony/Component/Console/Input/ArgvInput), Object(Symfony/Component/Console/Output/ConsoleOutput))
#26 {main}
"} 
[2026-03-26 15:06:07] local.ERROR: syntax error, unexpected end of file {"exception":"[object] (ParseError(code: 0): syntax error, unexpected end of file at E:/laravel_project/passport-api/routes/api.php:24)
[stacktrace]
#0 E:/laravel_project/passport-api/vendor/laravel/framework/src/Illuminate/Routing/Router.php(526): Illuminate/Routing/RouteFileRegistrar->register('E://laravel_proj...')
#1 E:/laravel_project/passport-api/vendor/laravel/framework/src/Illuminate/Routing/Router.php(480): Illuminate/Routing/Router->loadRoutes('E://laravel_proj...')
#2 E:/laravel_project/passport-api/vendor/laravel/framework/src/Illuminate/Routing/RouteRegistrar.php(212): Illuminate/Routing/Router->group(Array, 'E://laravel_proj...')
#3 E:/laravel_project/passport-api/vendor/laravel/framework/src/Illuminate/Foundation/Configuration/ApplicationBuilder.php(214): Illuminate/Routing/RouteRegistrar->group('E://laravel_proj...')
#4 E:/laravel_project/passport-api/vendor/laravel/framework/src/Illuminate/Container/BoundMethod.php(36): Illuminate/Foundation/Configuration/ApplicationBuilder->Illuminate/Foundation/Configuration/{closure}()
#5 E:/laravel_project/passport-api/vendor/laravel/framework/src/Illuminate/Container/Util.php(43): Illuminate/Container/BoundMethod::Illuminate/Container/{closure}()
#6 E:/laravel_project/passport-api/vendor/laravel/framework/src/Illuminate/Container/BoundMethod.php(84): Illuminate/Container/Util::unwrapIfClosure(Object(Closure))
#7 E:/laravel_project/passport-api/vendor/laravel/framework/src/Illuminate/Container/BoundMethod.php(35): Illuminate/Container/BoundMethod::callBoundMethod(Object(Illuminate/Foundation/Application), Object(Closure), Object(Closure))
#8 E:/laravel_project/passport-api/vendor/laravel/framework/src/Illuminate/Container/Container.php(799): Illuminate/Container/BoundMethod::call(Object(Illuminate/Foundation/Application), Object(Closure), Array, NULL)
#9 E:/laravel_project/passport-api/vendor/laravel/framework/src/Illuminate/Foundation/Support/Providers/RouteServiceProvider.php(162): Illuminate/Container/Container->call(Object(Closure))
#10 E:/laravel_project/passport-api/vendor/laravel/framework/src/Illuminate/Foundation/Support/Providers/RouteServiceProvider.php(59): Illuminate/Foundation/Support/Providers/RouteServiceProvider->loadRoutes()
#11 E:/laravel_project/passport-api/vendor/laravel/framework/src/Illuminate/Container/BoundMethod.php(36): Illuminate/Foundation/Support/Providers/RouteServiceProvider->Illuminate/Foundation/Support/Providers/{closure}()
#12 E:/laravel_project/passport-api/vendor/laravel/framework/src/Illuminate/Container/Util.php(43): Illuminate/Container/BoundMethod::Illuminate/Container/{closure}()
#13 E:/laravel_project/passport-api/vendor/laravel/framework/src/Illuminate/Container/BoundMethod.php(84): Illuminate/Container/Util::unwrapIfClosure(Object(Closure))
#14 E:/laravel_project/passport-api/vendor/laravel/framework/src/Illuminate/Container/BoundMethod.php(35): Illuminate/Container/BoundMethod::callBoundMethod(Object(Illuminate/Foundation/Application), Object(Closure), Object(Closure))
#15 E:/laravel_project/passport-api/vendor/laravel/framework/src/Illuminate/Container/Container.php(799): Illuminate/Container/BoundMethod::call(Object(Illuminate/Foundation/Application), Object(Closure), Array, NULL)
#16 E:/laravel_project/passport-api/vendor/laravel/framework/src/Illuminate/Support/ServiceProvider.php(150): Illuminate/Container/Container->call(Object(Closure))
#17 E:/laravel_project/passport-api/vendor/laravel/framework/src/Illuminate/Foundation/Application.php(1154): Illuminate/Support/ServiceProvider->callBootedCallbacks()
#18 E:/laravel_project/passport-api/vendor/laravel/framework/src/Illuminate/Foundation/Application.php(1132): Illuminate/Foundation/Application->bootProvider(Object(Illuminate/Foundation/Support/Providers/RouteServiceProvider))
#19 [internal function]: Illuminate/Foundation/Application->Illuminate/Foundation/{closure}(Object(Illuminate/Foundation/Support/Providers/RouteServiceProvider), 'Illuminate//Foun...')
#20 E:/laravel_project/passport-api/vendor/laravel/framework/src/Illuminate/Foundation/Application.php(1131): array_walk(Array, Object(Closure))
#21 E:/laravel_project/passport-api/vendor/laravel/framework/src/Illuminate/Foundation/Bootstrap/BootProviders.php(17): Illuminate/Foundation/Application->boot()
#22 E:/laravel_project/passport-api/vendor/laravel/framework/src/Illuminate/Foundation/Application.php(342): Illuminate/Foundation/Bootstrap/BootProviders->bootstrap(Object(Illuminate/Foundation/Application))
#23 E:/laravel_project/passport-api/vendor/laravel/framework/src/Illuminate/Foundation/Console/Kernel.php(494): Illuminate/Foundation/Application->bootstrapWith(Array)
#24 E:/laravel_project/passport-api/vendor/laravel/framework/src/Illuminate/Foundation/Console/Kernel.php(196): Illuminate/Foundation/Console/Kernel->bootstrap()
#25 Command line code(1): Illuminate/Foundation/Console/Kernel->handle(Object(Symfony/Component/Console/Input/ArgvInput), Object(Symfony/Component/Console/Output/ConsoleOutput))
#26 {main}
"} 
[2026-03-26 15:06:07] local.ERROR: syntax error, unexpected end of file {"exception":"[object] (ParseError(code: 0): syntax error, unexpected end of file at E:/laravel_project/passport-api/routes/api.php:24)
[stacktrace]
#0 E:/laravel_project/passport-api/vendor/laravel/framework/src/Illuminate/Routing/Router.php(526): Illuminate/Routing/RouteFileRegistrar->register('E://laravel_proj...')
#1 E:/laravel_project/passport-api/vendor/laravel/framework/src/Illuminate/Routing/Router.php(480): Illuminate/Routing/Router->loadRoutes('E://laravel_proj...')
#2 E:/laravel_project/passport-api/vendor/laravel/framework/src/Illuminate/Routing/RouteRegistrar.php(212): Illuminate/Routing/Router->group(Array, 'E://laravel_proj...')
#3 E:/laravel_project/passport-api/vendor/laravel/framework/src/Illuminate/Foundation/Configuration/ApplicationBuilder.php(214): Illuminate/Routing/RouteRegistrar->group('E://laravel_proj...')
#4 E:/laravel_project/passport-api/vendor/laravel/framework/src/Illuminate/Container/BoundMethod.php(36): Illuminate/Foundation/Configuration/ApplicationBuilder->Illuminate/Foundation/Configuration/{closure}()
#5 E:/laravel_project/passport-api/vendor/laravel/framework/src/Illuminate/Container/Util.php(43): Illuminate/Container/BoundMethod::Illuminate/Container/{closure}()
#6 E:/laravel_project/passport-api/vendor/laravel/framework/src/Illuminate/Container/BoundMethod.php(84): Illuminate/Container/Util::unwrapIfClosure(Object(Closure))
#7 E:/laravel_project/passport-api/vendor/laravel/framework/src/Illuminate/Container/BoundMethod.php(35): Illuminate/Container/BoundMethod::callBoundMethod(Object(Illuminate/Foundation/Application), Object(Closure), Object(Closure))
#8 E:/laravel_project/passport-api/vendor/laravel/framework/src/Illuminate/Container/Container.php(799): Illuminate/Container/BoundMethod::call(Object(Illuminate/Foundation/Application), Object(Closure), Array, NULL)
#9 E:/laravel_project/passport-api/vendor/laravel/framework/src/Illuminate/Foundation/Support/Providers/RouteServiceProvider.php(162): Illuminate/Container/Container->call(Object(Closure))
#10 E:/laravel_project/passport-api/vendor/laravel/framework/src/Illuminate/Foundation/Support/Providers/RouteServiceProvider.php(59): Illuminate/Foundation/Support/Providers/RouteServiceProvider->loadRoutes()
#11 E:/laravel_project/passport-api/vendor/laravel/framework/src/Illuminate/Container/BoundMethod.php(36): Illuminate/Foundation/Support/Providers/RouteServiceProvider->Illuminate/Foundation/Support/Providers/{closure}()
#12 E:/laravel_project/passport-api/vendor/laravel/framework/src/Illuminate/Container/Util.php(43): Illuminate/Container/BoundMethod::Illuminate/Container/{closure}()
#13 E:/laravel_project/passport-api/vendor/laravel/framework/src/Illuminate/Container/BoundMethod.php(84): Illuminate/Container/Util::unwrapIfClosure(Object(Closure))
#14 E:/laravel_project/passport-api/vendor/laravel/framework/src/Illuminate/Container/BoundMethod.php(35): Illuminate/Container/BoundMethod::callBoundMethod(Object(Illuminate/Foundation/Application), Object(Closure), Object(Closure))
#15 E:/laravel_project/passport-api/vendor/laravel/framework/src/Illuminate/Container/Container.php(799): Illuminate/Container/BoundMethod::call(Object(Illuminate/Foundation/Application), Object(Closure), Array, NULL)
#16 E:/laravel_project/passport-api/vendor/laravel/framework/src/Illuminate/Support/ServiceProvider.php(150): Illuminate/Container/Container->call(Object(Closure))
#17 E:/laravel_project/passport-api/vendor/laravel/framework/src/Illuminate/Foundation/Application.php(1154): Illuminate/Support/ServiceProvider->callBootedCallbacks()
#18 E:/laravel_project/passport-api/vendor/laravel/framework/src/Illuminate/Foundation/Application.php(1132): Illuminate/Foundation/Application->bootProvider(Object(Illuminate/Foundation/Support/Providers/RouteServiceProvider))
#19 [internal function]: Illuminate/Foundation/Application->Illuminate/Foundation/{closure}(Object(Illuminate/Foundation/Support/Providers/RouteServiceProvider), 'Illuminate//Foun...')
#20 E:/laravel_project/passport-api/vendor/laravel/framework/src/Illuminate/Foundation/Application.php(1131): array_walk(Array, Object(Closure))
#21 E:/laravel_project/passport-api/vendor/laravel/framework/src/Illuminate/Foundation/Bootstrap/BootProviders.php(17): Illuminate/Foundation/Application->boot()
#22 E:/laravel_project/passport-api/vendor/laravel/framework/src/Illuminate/Foundation/Application.php(342): Illuminate/Foundation/Bootstrap/BootProviders->bootstrap(Object(Illuminate/Foundation/Application))
#23 E:/laravel_project/passport-api/vendor/laravel/framework/src/Illuminate/Foundation/Console/Kernel.php(494): Illuminate/Foundation/Application->bootstrapWith(Array)
#24 E:/laravel_project/passport-api/vendor/laravel/framework/src/Illuminate/Foundation/Console/Kernel.php(196): Illuminate/Foundation/Console/Kernel->bootstrap()
#25 Command line code(1): Illuminate/Foundation/Console/Kernel->handle(Object(Symfony/Component/Console/Input/ArgvInput), Object(Symfony/Component/Console/Output/ConsoleOutput))
#26 {main}
"} 
[2026-03-26 15:06:12] local.ERROR: syntax error, unexpected end of file {"exception":"[object] (ParseError(code: 0): syntax error, unexpected end of file at E:/laravel_project/passport-api/routes/api.php:24)
[stacktrace]
#0 E:/laravel_project/passport-api/vendor/laravel/framework/src/Illuminate/Routing/Router.php(526): Illuminate/Routing/RouteFileRegistrar->register('E://laravel_proj...')
#1 E:/laravel_project/passport-api/vendor/laravel/framework/src/Illuminate/Routing/Router.php(480): Illuminate/Routing/Router->loadRoutes('E://laravel_proj...')
#2 E:/laravel_project/passport-api/vendor/laravel/framework/src/Illuminate/Routing/RouteRegistrar.php(212): Illuminate/Routing/Router->group(Array, 'E://laravel_proj...')
#3 E:/laravel_project/passport-api/vendor/laravel/framework/src/Illuminate/Foundation/Configuration/ApplicationBuilder.php(214): Illuminate/Routing/RouteRegistrar->group('E://laravel_proj...')
#4 E:/laravel_project/passport-api/vendor/laravel/framework/src/Illuminate/Container/BoundMethod.php(36): Illuminate/Foundation/Configuration/ApplicationBuilder->Illuminate/Foundation/Configuration/{closure}()
#5 E:/laravel_project/passport-api/vendor/laravel/framework/src/Illuminate/Container/Util.php(43): Illuminate/Container/BoundMethod::Illuminate/Container/{closure}()
#6 E:/laravel_project/passport-api/vendor/laravel/framework/src/Illuminate/Container/BoundMethod.php(84): Illuminate/Container/Util::unwrapIfClosure(Object(Closure))
#7 E:/laravel_project/passport-api/vendor/laravel/framework/src/Illuminate/Container/BoundMethod.php(35): Illuminate/Container/BoundMethod::callBoundMethod(Object(Illuminate/Foundation/Application), Object(Closure), Object(Closure))
#8 E:/laravel_project/passport-api/vendor/laravel/framework/src/Illuminate/Container/Container.php(799): Illuminate/Container/BoundMethod::call(Object(Illuminate/Foundation/Application), Object(Closure), Array, NULL)
#9 E:/laravel_project/passport-api/vendor/laravel/framework/src/Illuminate/Foundation/Support/Providers/RouteServiceProvider.php(162): Illuminate/Container/Container->call(Object(Closure))
#10 E:/laravel_project/passport-api/vendor/laravel/framework/src/Illuminate/Foundation/Support/Providers/RouteServiceProvider.php(59): Illuminate/Foundation/Support/Providers/RouteServiceProvider->loadRoutes()
#11 E:/laravel_project/passport-api/vendor/laravel/framework/src/Illuminate/Container/BoundMethod.php(36): Illuminate/Foundation/Support/Providers/RouteServiceProvider->Illuminate/Foundation/Support/Providers/{closure}()
#12 E:/laravel_project/passport-api/vendor/laravel/framework/src/Illuminate/Container/Util.php(43): Illuminate/Container/BoundMethod::Illuminate/Container/{closure}()
#13 E:/laravel_project/passport-api/vendor/laravel/framework/src/Illuminate/Container/BoundMethod.php(84): Illuminate/Container/Util::unwrapIfClosure(Object(Closure))
#14 E:/laravel_project/passport-api/vendor/laravel/framework/src/Illuminate/Container/BoundMethod.php(35): Illuminate/Container/BoundMethod::callBoundMethod(Object(Illuminate/Foundation/Application), Object(Closure), Object(Closure))
#15 E:/laravel_project/passport-api/vendor/laravel/framework/src/Illuminate/Container/Container.php(799): Illuminate/Container/BoundMethod::call(Object(Illuminate/Foundation/Application), Object(Closure), Array, NULL)
#16 E:/laravel_project/passport-api/vendor/laravel/framework/src/Illuminate/Support/ServiceProvider.php(150): Illuminate/Container/Container->call(Object(Closure))
#17 E:/laravel_project/passport-api/vendor/laravel/framework/src/Illuminate/Foundation/Application.php(1154): Illuminate/Support/ServiceProvider->callBootedCallbacks()
#18 E:/laravel_project/passport-api/vendor/laravel/framework/src/Illuminate/Foundation/Application.php(1132): Illuminate/Foundation/Application->bootProvider(Object(Illuminate/Foundation/Support/Providers/RouteServiceProvider))
#19 [internal function]: Illuminate/Foundation/Application->Illuminate/Foundation/{closure}(Object(Illuminate/Foundation/Support/Providers/RouteServiceProvider), 'Illuminate//Foun...')
#20 E:/laravel_project/passport-api/vendor/laravel/framework/src/Illuminate/Foundation/Application.php(1131): array_walk(Array, Object(Closure))
#21 E:/laravel_project/passport-api/vendor/laravel/framework/src/Illuminate/Foundation/Bootstrap/BootProviders.php(17): Illuminate/Foundation/Application->boot()
#22 E:/laravel_project/passport-api/vendor/laravel/framework/src/Illuminate/Foundation/Application.php(342): Illuminate/Foundation/Bootstrap/BootProviders->bootstrap(Object(Illuminate/Foundation/Application))
#23 E:/laravel_project/passport-api/vendor/laravel/framework/src/Illuminate/Foundation/Console/Kernel.php(494): Illuminate/Foundation/Application->bootstrapWith(Array)
#24 E:/laravel_project/passport-api/vendor/laravel/framework/src/Illuminate/Foundation/Console/Kernel.php(196): Illuminate/Foundation/Console/Kernel->bootstrap()
#25 Command line code(1): Illuminate/Foundation/Console/Kernel->handle(Object(Symfony/Component/Console/Input/ArgvInput), Object(Symfony/Component/Console/Output/ConsoleOutput))
#26 {main}
"} 
[2026-03-26 15:06:40] local.ERROR: syntax error, unexpected end of file {"exception":"[object] (ParseError(code: 0): syntax error, unexpected end of file at E:/laravel_project/passport-api/routes/api.php:24)
[stacktrace]
#0 E:/laravel_project/passport-api/vendor/laravel/framework/src/Illuminate/Routing/Router.php(526): Illuminate/Routing/RouteFileRegistrar->register('E://laravel_proj...')
#1 E:/laravel_project/passport-api/vendor/laravel/framework/src/Illuminate/Routing/Router.php(480): Illuminate/Routing/Router->loadRoutes('E://laravel_proj...')
#2 E:/laravel_project/passport-api/vendor/laravel/framework/src/Illuminate/Routing/RouteRegistrar.php(212): Illuminate/Routing/Router->group(Array, 'E://laravel_proj...')
#3 E:/laravel_project/passport-api/vendor/laravel/framework/src/Illuminate/Foundation/Configuration/ApplicationBuilder.php(214): Illuminate/Routing/RouteRegistrar->group('E://laravel_proj...')
#4 E:/laravel_project/passport-api/vendor/laravel/framework/src/Illuminate/Container/BoundMethod.php(36): Illuminate/Foundation/Configuration/ApplicationBuilder->Illuminate/Foundation/Configuration/{closure}()
#5 E:/laravel_project/passport-api/vendor/laravel/framework/src/Illuminate/Container/Util.php(43): Illuminate/Container/BoundMethod::Illuminate/Container/{closure}()
#6 E:/laravel_project/passport-api/vendor/laravel/framework/src/Illuminate/Container/BoundMethod.php(84): Illuminate/Container/Util::unwrapIfClosure(Object(Closure))
#7 E:/laravel_project/passport-api/vendor/laravel/framework/src/Illuminate/Container/BoundMethod.php(35): Illuminate/Container/BoundMethod::callBoundMethod(Object(Illuminate/Foundation/Application), Object(Closure), Object(Closure))
#8 E:/laravel_project/passport-api/vendor/laravel/framework/src/Illuminate/Container/Container.php(799): Illuminate/Container/BoundMethod::call(Object(Illuminate/Foundation/Application), Object(Closure), Array, NULL)
#9 E:/laravel_project/passport-api/vendor/laravel/framework/src/Illuminate/Foundation/Support/Providers/RouteServiceProvider.php(162): Illuminate/Container/Container->call(Object(Closure))
#10 E:/laravel_project/passport-api/vendor/laravel/framework/src/Illuminate/Foundation/Support/Providers/RouteServiceProvider.php(59): Illuminate/Foundation/Support/Providers/RouteServiceProvider->loadRoutes()
#11 E:/laravel_project/passport-api/vendor/laravel/framework/src/Illuminate/Container/BoundMethod.php(36): Illuminate/Foundation/Support/Providers/RouteServiceProvider->Illuminate/Foundation/Support/Providers/{closure}()
#12 E:/laravel_project/passport-api/vendor/laravel/framework/src/Illuminate/Container/Util.php(43): Illuminate/Container/BoundMethod::Illuminate/Container/{closure}()
#13 E:/laravel_project/passport-api/vendor/laravel/framework/src/Illuminate/Container/BoundMethod.php(84): Illuminate/Container/Util::unwrapIfClosure(Object(Closure))
#14 E:/laravel_project/passport-api/vendor/laravel/framework/src/Illuminate/Container/BoundMethod.php(35): Illuminate/Container/BoundMethod::callBoundMethod(Object(Illuminate/Foundation/Application), Object(Closure), Object(Closure))
#15 E:/laravel_project/passport-api/vendor/laravel/framework/src/Illuminate/Container/Container.php(799): Illuminate/Container/BoundMethod::call(Object(Illuminate/Foundation/Application), Object(Closure), Array, NULL)
#16 E:/laravel_project/passport-api/vendor/laravel/framework/src/Illuminate/Support/ServiceProvider.php(150): Illuminate/Container/Container->call(Object(Closure))
#17 E:/laravel_project/passport-api/vendor/laravel/framework/src/Illuminate/Foundation/Application.php(1154): Illuminate/Support/ServiceProvider->callBootedCallbacks()
#18 E:/laravel_project/passport-api/vendor/laravel/framework/src/Illuminate/Foundation/Application.php(1132): Illuminate/Foundation/Application->bootProvider(Object(Illuminate/Foundation/Support/Providers/RouteServiceProvider))
#19 [internal function]: Illuminate/Foundation/Application->Illuminate/Foundation/{closure}(Object(Illuminate/Foundation/Support/Providers/RouteServiceProvider), 'Illuminate//Foun...')
#20 E:/laravel_project/passport-api/vendor/laravel/framework/src/Illuminate/Foundation/Application.php(1131): array_walk(Array, Object(Closure))
#21 E:/laravel_project/passport-api/vendor/laravel/framework/src/Illuminate/Foundation/Bootstrap/BootProviders.php(17): Illuminate/Foundation/Application->boot()
#22 E:/laravel_project/passport-api/vendor/laravel/framework/src/Illuminate/Foundation/Application.php(342): Illuminate/Foundation/Bootstrap/BootProviders->bootstrap(Object(Illuminate/Foundation/Application))
#23 E:/laravel_project/passport-api/vendor/laravel/framework/src/Illuminate/Foundation/Console/Kernel.php(494): Illuminate/Foundation/Application->bootstrapWith(Array)
#24 E:/laravel_project/passport-api/vendor/laravel/framework/src/Illuminate/Foundation/Console/Kernel.php(196): Illuminate/Foundation/Console/Kernel->bootstrap()
#25 Command line code(1): Illuminate/Foundation/Console/Kernel->handle(Object(Symfony/Component/Console/Input/ArgvInput), Object(Symfony/Component/Console/Output/ConsoleOutput))
#26 {main}
"} 
[2026-03-26 15:06:57] local.ERROR: syntax error, unexpected end of file {"exception":"[object] (ParseError(code: 0): syntax error, unexpected end of file at E:/laravel_project/passport-api/routes/api.php:24)
[stacktrace]
#0 E:/laravel_project/passport-api/vendor/laravel/framework/src/Illuminate/Routing/Router.php(526): Illuminate/Routing/RouteFileRegistrar->register('E://laravel_proj...')
#1 E:/laravel_project/passport-api/vendor/laravel/framework/src/Illuminate/Routing/Router.php(480): Illuminate/Routing/Router->loadRoutes('E://laravel_proj...')
#2 E:/laravel_project/passport-api/vendor/laravel/framework/src/Illuminate/Routing/RouteRegistrar.php(212): Illuminate/Routing/Router->group(Array, 'E://laravel_proj...')
#3 E:/laravel_project/passport-api/vendor/laravel/framework/src/Illuminate/Foundation/Configuration/ApplicationBuilder.php(214): Illuminate/Routing/RouteRegistrar->group('E://laravel_proj...')
#4 E:/laravel_project/passport-api/vendor/laravel/framework/src/Illuminate/Container/BoundMethod.php(36): Illuminate/Foundation/Configuration/ApplicationBuilder->Illuminate/Foundation/Configuration/{closure}()
#5 E:/laravel_project/passport-api/vendor/laravel/framework/src/Illuminate/Container/Util.php(43): Illuminate/Container/BoundMethod::Illuminate/Container/{closure}()
#6 E:/laravel_project/passport-api/vendor/laravel/framework/src/Illuminate/Container/BoundMethod.php(84): Illuminate/Container/Util::unwrapIfClosure(Object(Closure))
#7 E:/laravel_project/passport-api/vendor/laravel/framework/src/Illuminate/Container/BoundMethod.php(35): Illuminate/Container/BoundMethod::callBoundMethod(Object(Illuminate/Foundation/Application), Object(Closure), Object(Closure))
#8 E:/laravel_project/passport-api/vendor/laravel/framework/src/Illuminate/Container/Container.php(799): Illuminate/Container/BoundMethod::call(Object(Illuminate/Foundation/Application), Object(Closure), Array, NULL)
#9 E:/laravel_project/passport-api/vendor/laravel/framework/src/Illuminate/Foundation/Support/Providers/RouteServiceProvider.php(162): Illuminate/Container/Container->call(Object(Closure))
#10 E:/laravel_project/passport-api/vendor/laravel/framework/src/Illuminate/Foundation/Support/Providers/RouteServiceProvider.php(59): Illuminate/Foundation/Support/Providers/RouteServiceProvider->loadRoutes()
#11 E:/laravel_project/passport-api/vendor/laravel/framework/src/Illuminate/Container/BoundMethod.php(36): Illuminate/Foundation/Support/Providers/RouteServiceProvider->Illuminate/Foundation/Support/Providers/{closure}()
#12 E:/laravel_project/passport-api/vendor/laravel/framework/src/Illuminate/Container/Util.php(43): Illuminate/Container/BoundMethod::Illuminate/Container/{closure}()
#13 E:/laravel_project/passport-api/vendor/laravel/framework/src/Illuminate/Container/BoundMethod.php(84): Illuminate/Container/Util::unwrapIfClosure(Object(Closure))
#14 E:/laravel_project/passport-api/vendor/laravel/framework/src/Illuminate/Container/BoundMethod.php(35): Illuminate/Container/BoundMethod::callBoundMethod(Object(Illuminate/Foundation/Application), Object(Closure), Object(Closure))
#15 E:/laravel_project/passport-api/vendor/laravel/framework/src/Illuminate/Container/Container.php(799): Illuminate/Container/BoundMethod::call(Object(Illuminate/Foundation/Application), Object(Closure), Array, NULL)
#16 E:/laravel_project/passport-api/vendor/laravel/framework/src/Illuminate/Support/ServiceProvider.php(150): Illuminate/Container/Container->call(Object(Closure))
#17 E:/laravel_project/passport-api/vendor/laravel/framework/src/Illuminate/Foundation/Application.php(1154): Illuminate/Support/ServiceProvider->callBootedCallbacks()
#18 E:/laravel_project/passport-api/vendor/laravel/framework/src/Illuminate/Foundation/Application.php(1132): Illuminate/Foundation/Application->bootProvider(Object(Illuminate/Foundation/Support/Providers/RouteServiceProvider))
#19 [internal function]: Illuminate/Foundation/Application->Illuminate/Foundation/{closure}(Object(Illuminate/Foundation/Support/Providers/RouteServiceProvider), 'Illuminate//Foun...')
#20 E:/laravel_project/passport-api/vendor/laravel/framework/src/Illuminate/Foundation/Application.php(1131): array_walk(Array, Object(Closure))
#21 E:/laravel_project/passport-api/vendor/laravel/framework/src/Illuminate/Foundation/Bootstrap/BootProviders.php(17): Illuminate/Foundation/Application->boot()
#22 E:/laravel_project/passport-api/vendor/laravel/framework/src/Illuminate/Foundation/Application.php(342): Illuminate/Foundation/Bootstrap/BootProviders->bootstrap(Object(Illuminate/Foundation/Application))
#23 E:/laravel_project/passport-api/vendor/laravel/framework/src/Illuminate/Foundation/Console/Kernel.php(494): Illuminate/Foundation/Application->bootstrapWith(Array)
#24 E:/laravel_project/passport-api/vendor/laravel/framework/src/Illuminate/Foundation/Console/Kernel.php(196): Illuminate/Foundation/Console/Kernel->bootstrap()
#25 Command line code(1): Illuminate/Foundation/Console/Kernel->handle(Object(Symfony/Component/Console/Input/ArgvInput), Object(Symfony/Component/Console/Output/ConsoleOutput))
#26 {main}
"} 
[2026-03-26 15:07:07] local.ERROR: syntax error, unexpected end of file {"exception":"[object] (ParseError(code: 0): syntax error, unexpected end of file at E:/laravel_project/passport-api/routes/api.php:24)
[stacktrace]
#0 E:/laravel_project/passport-api/vendor/laravel/framework/src/Illuminate/Routing/Router.php(526): Illuminate/Routing/RouteFileRegistrar->register('E://laravel_proj...')
#1 E:/laravel_project/passport-api/vendor/laravel/framework/src/Illuminate/Routing/Router.php(480): Illuminate/Routing/Router->loadRoutes('E://laravel_proj...')
#2 E:/laravel_project/passport-api/vendor/laravel/framework/src/Illuminate/Routing/RouteRegistrar.php(212): Illuminate/Routing/Router->group(Array, 'E://laravel_proj...')
#3 E:/laravel_project/passport-api/vendor/laravel/framework/src/Illuminate/Foundation/Configuration/ApplicationBuilder.php(214): Illuminate/Routing/RouteRegistrar->group('E://laravel_proj...')
#4 E:/laravel_project/passport-api/vendor/laravel/framework/src/Illuminate/Container/BoundMethod.php(36): Illuminate/Foundation/Configuration/ApplicationBuilder->Illuminate/Foundation/Configuration/{closure}()
#5 E:/laravel_project/passport-api/vendor/laravel/framework/src/Illuminate/Container/Util.php(43): Illuminate/Container/BoundMethod::Illuminate/Container/{closure}()
#6 E:/laravel_project/passport-api/vendor/laravel/framework/src/Illuminate/Container/BoundMethod.php(84): Illuminate/Container/Util::unwrapIfClosure(Object(Closure))
#7 E:/laravel_project/passport-api/vendor/laravel/framework/src/Illuminate/Container/BoundMethod.php(35): Illuminate/Container/BoundMethod::callBoundMethod(Object(Illuminate/Foundation/Application), Object(Closure), Object(Closure))
#8 E:/laravel_project/passport-api/vendor/laravel/framework/src/Illuminate/Container/Container.php(799): Illuminate/Container/BoundMethod::call(Object(Illuminate/Foundation/Application), Object(Closure), Array, NULL)
#9 E:/laravel_project/passport-api/vendor/laravel/framework/src/Illuminate/Foundation/Support/Providers/RouteServiceProvider.php(162): Illuminate/Container/Container->call(Object(Closure))
#10 E:/laravel_project/passport-api/vendor/laravel/framework/src/Illuminate/Foundation/Support/Providers/RouteServiceProvider.php(59): Illuminate/Foundation/Support/Providers/RouteServiceProvider->loadRoutes()
#11 E:/laravel_project/passport-api/vendor/laravel/framework/src/Illuminate/Container/BoundMethod.php(36): Illuminate/Foundation/Support/Providers/RouteServiceProvider->Illuminate/Foundation/Support/Providers/{closure}()
#12 E:/laravel_project/passport-api/vendor/laravel/framework/src/Illuminate/Container/Util.php(43): Illuminate/Container/BoundMethod::Illuminate/Container/{closure}()
#13 E:/laravel_project/passport-api/vendor/laravel/framework/src/Illuminate/Container/BoundMethod.php(84): Illuminate/Container/Util::unwrapIfClosure(Object(Closure))
#14 E:/laravel_project/passport-api/vendor/laravel/framework/src/Illuminate/Container/BoundMethod.php(35): Illuminate/Container/BoundMethod::callBoundMethod(Object(Illuminate/Foundation/Application), Object(Closure), Object(Closure))
#15 E:/laravel_project/passport-api/vendor/laravel/framework/src/Illuminate/Container/Container.php(799): Illuminate/Container/BoundMethod::call(Object(Illuminate/Foundation/Application), Object(Closure), Array, NULL)
#16 E:/laravel_project/passport-api/vendor/laravel/framework/src/Illuminate/Support/ServiceProvider.php(150): Illuminate/Container/Container->call(Object(Closure))
#17 E:/laravel_project/passport-api/vendor/laravel/framework/src/Illuminate/Foundation/Application.php(1154): Illuminate/Support/ServiceProvider->callBootedCallbacks()
#18 E:/laravel_project/passport-api/vendor/laravel/framework/src/Illuminate/Foundation/Application.php(1132): Illuminate/Foundation/Application->bootProvider(Object(Illuminate/Foundation/Support/Providers/RouteServiceProvider))
#19 [internal function]: Illuminate/Foundation/Application->Illuminate/Foundation/{closure}(Object(Illuminate/Foundation/Support/Providers/RouteServiceProvider), 'Illuminate//Foun...')
#20 E:/laravel_project/passport-api/vendor/laravel/framework/src/Illuminate/Foundation/Application.php(1131): array_walk(Array, Object(Closure))
#21 E:/laravel_project/passport-api/vendor/laravel/framework/src/Illuminate/Foundation/Bootstrap/BootProviders.php(17): Illuminate/Foundation/Application->boot()
#22 E:/laravel_project/passport-api/vendor/laravel/framework/src/Illuminate/Foundation/Application.php(342): Illuminate/Foundation/Bootstrap/BootProviders->bootstrap(Object(Illuminate/Foundation/Application))
#23 E:/laravel_project/passport-api/vendor/laravel/framework/src/Illuminate/Foundation/Console/Kernel.php(494): Illuminate/Foundation/Application->bootstrapWith(Array)
#24 E:/laravel_project/passport-api/vendor/laravel/framework/src/Illuminate/Foundation/Console/Kernel.php(196): Illuminate/Foundation/Console/Kernel->bootstrap()
#25 Command line code(1): Illuminate/Foundation/Console/Kernel->handle(Object(Symfony/Component/Console/Input/ArgvInput), Object(Symfony/Component/Console/Output/ConsoleOutput))
#26 {main}
"} 
[2026-03-26 15:07:07] local.ERROR: syntax error, unexpected end of file {"exception":"[object] (ParseError(code: 0): syntax error, unexpected end of file at E:/laravel_project/passport-api/routes/api.php:24)
[stacktrace]
#0 E:/laravel_project/passport-api/vendor/laravel/framework/src/Illuminate/Routing/Router.php(526): Illuminate/Routing/RouteFileRegistrar->register('E://laravel_proj...')
#1 E:/laravel_project/passport-api/vendor/laravel/framework/src/Illuminate/Routing/Router.php(480): Illuminate/Routing/Router->loadRoutes('E://laravel_proj...')
#2 E:/laravel_project/passport-api/vendor/laravel/framework/src/Illuminate/Routing/RouteRegistrar.php(212): Illuminate/Routing/Router->group(Array, 'E://laravel_proj...')
#3 E:/laravel_project/passport-api/vendor/laravel/framework/src/Illuminate/Foundation/Configuration/ApplicationBuilder.php(214): Illuminate/Routing/RouteRegistrar->group('E://laravel_proj...')
#4 E:/laravel_project/passport-api/vendor/laravel/framework/src/Illuminate/Container/BoundMethod.php(36): Illuminate/Foundation/Configuration/ApplicationBuilder->Illuminate/Foundation/Configuration/{closure}()
#5 E:/laravel_project/passport-api/vendor/laravel/framework/src/Illuminate/Container/Util.php(43): Illuminate/Container/BoundMethod::Illuminate/Container/{closure}()
#6 E:/laravel_project/passport-api/vendor/laravel/framework/src/Illuminate/Container/BoundMethod.php(84): Illuminate/Container/Util::unwrapIfClosure(Object(Closure))
#7 E:/laravel_project/passport-api/vendor/laravel/framework/src/Illuminate/Container/BoundMethod.php(35): Illuminate/Container/BoundMethod::callBoundMethod(Object(Illuminate/Foundation/Application), Object(Closure), Object(Closure))
#8 E:/laravel_project/passport-api/vendor/laravel/framework/src/Illuminate/Container/Container.php(799): Illuminate/Container/BoundMethod::call(Object(Illuminate/Foundation/Application), Object(Closure), Array, NULL)
#9 E:/laravel_project/passport-api/vendor/laravel/framework/src/Illuminate/Foundation/Support/Providers/RouteServiceProvider.php(162): Illuminate/Container/Container->call(Object(Closure))
#10 E:/laravel_project/passport-api/vendor/laravel/framework/src/Illuminate/Foundation/Support/Providers/RouteServiceProvider.php(59): Illuminate/Foundation/Support/Providers/RouteServiceProvider->loadRoutes()
#11 E:/laravel_project/passport-api/vendor/laravel/framework/src/Illuminate/Container/BoundMethod.php(36): Illuminate/Foundation/Support/Providers/RouteServiceProvider->Illuminate/Foundation/Support/Providers/{closure}()
#12 E:/laravel_project/passport-api/vendor/laravel/framework/src/Illuminate/Container/Util.php(43): Illuminate/Container/BoundMethod::Illuminate/Container/{closure}()
#13 E:/laravel_project/passport-api/vendor/laravel/framework/src/Illuminate/Container/BoundMethod.php(84): Illuminate/Container/Util::unwrapIfClosure(Object(Closure))
#14 E:/laravel_project/passport-api/vendor/laravel/framework/src/Illuminate/Container/BoundMethod.php(35): Illuminate/Container/BoundMethod::callBoundMethod(Object(Illuminate/Foundation/Application), Object(Closure), Object(Closure))
#15 E:/laravel_project/passport-api/vendor/laravel/framework/src/Illuminate/Container/Container.php(799): Illuminate/Container/BoundMethod::call(Object(Illuminate/Foundation/Application), Object(Closure), Array, NULL)
#16 E:/laravel_project/passport-api/vendor/laravel/framework/src/Illuminate/Support/ServiceProvider.php(150): Illuminate/Container/Container->call(Object(Closure))
#17 E:/laravel_project/passport-api/vendor/laravel/framework/src/Illuminate/Foundation/Application.php(1154): Illuminate/Support/ServiceProvider->callBootedCallbacks()
#18 E:/laravel_project/passport-api/vendor/laravel/framework/src/Illuminate/Foundation/Application.php(1132): Illuminate/Foundation/Application->bootProvider(Object(Illuminate/Foundation/Support/Providers/RouteServiceProvider))
#19 [internal function]: Illuminate/Foundation/Application->Illuminate/Foundation/{closure}(Object(Illuminate/Foundation/Support/Providers/RouteServiceProvider), 'Illuminate//Foun...')
#20 E:/laravel_project/passport-api/vendor/laravel/framework/src/Illuminate/Foundation/Application.php(1131): array_walk(Array, Object(Closure))
#21 E:/laravel_project/passport-api/vendor/laravel/framework/src/Illuminate/Foundation/Bootstrap/BootProviders.php(17): Illuminate/Foundation/Application->boot()
#22 E:/laravel_project/passport-api/vendor/laravel/framework/src/Illuminate/Foundation/Application.php(342): Illuminate/Foundation/Bootstrap/BootProviders->bootstrap(Object(Illuminate/Foundation/Application))
#23 E:/laravel_project/passport-api/vendor/laravel/framework/src/Illuminate/Foundation/Console/Kernel.php(494): Illuminate/Foundation/Application->bootstrapWith(Array)
#24 E:/laravel_project/passport-api/vendor/laravel/framework/src/Illuminate/Foundation/Console/Kernel.php(196): Illuminate/Foundation/Console/Kernel->bootstrap()
#25 Command line code(1): Illuminate/Foundation/Console/Kernel->handle(Object(Symfony/Component/Console/Input/ArgvInput), Object(Symfony/Component/Console/Output/ConsoleOutput))
#26 {main}
"} 
[2026-03-26 15:07:12] local.ERROR: syntax error, unexpected end of file {"exception":"[object] (ParseError(code: 0): syntax error, unexpected end of file at E:/laravel_project/passport-api/routes/api.php:24)
[stacktrace]
#0 E:/laravel_project/passport-api/vendor/laravel/framework/src/Illuminate/Routing/Router.php(526): Illuminate/Routing/RouteFileRegistrar->register('E://laravel_proj...')
#1 E:/laravel_project/passport-api/vendor/laravel/framework/src/Illuminate/Routing/Router.php(480): Illuminate/Routing/Router->loadRoutes('E://laravel_proj...')
#2 E:/laravel_project/passport-api/vendor/laravel/framework/src/Illuminate/Routing/RouteRegistrar.php(212): Illuminate/Routing/Router->group(Array, 'E://laravel_proj...')
#3 E:/laravel_project/passport-api/vendor/laravel/framework/src/Illuminate/Foundation/Configuration/ApplicationBuilder.php(214): Illuminate/Routing/RouteRegistrar->group('E://laravel_proj...')
#4 E:/laravel_project/passport-api/vendor/laravel/framework/src/Illuminate/Container/BoundMethod.php(36): Illuminate/Foundation/Configuration/ApplicationBuilder->Illuminate/Foundation/Configuration/{closure}()
#5 E:/laravel_project/passport-api/vendor/laravel/framework/src/Illuminate/Container/Util.php(43): Illuminate/Container/BoundMethod::Illuminate/Container/{closure}()
#6 E:/laravel_project/passport-api/vendor/laravel/framework/src/Illuminate/Container/BoundMethod.php(84): Illuminate/Container/Util::unwrapIfClosure(Object(Closure))
#7 E:/laravel_project/passport-api/vendor/laravel/framework/src/Illuminate/Container/BoundMethod.php(35): Illuminate/Container/BoundMethod::callBoundMethod(Object(Illuminate/Foundation/Application), Object(Closure), Object(Closure))
#8 E:/laravel_project/passport-api/vendor/laravel/framework/src/Illuminate/Container/Container.php(799): Illuminate/Container/BoundMethod::call(Object(Illuminate/Foundation/Application), Object(Closure), Array, NULL)
#9 E:/laravel_project/passport-api/vendor/laravel/framework/src/Illuminate/Foundation/Support/Providers/RouteServiceProvider.php(162): Illuminate/Container/Container->call(Object(Closure))
#10 E:/laravel_project/passport-api/vendor/laravel/framework/src/Illuminate/Foundation/Support/Providers/RouteServiceProvider.php(59): Illuminate/Foundation/Support/Providers/RouteServiceProvider->loadRoutes()
#11 E:/laravel_project/passport-api/vendor/laravel/framework/src/Illuminate/Container/BoundMethod.php(36): Illuminate/Foundation/Support/Providers/RouteServiceProvider->Illuminate/Foundation/Support/Providers/{closure}()
#12 E:/laravel_project/passport-api/vendor/laravel/framework/src/Illuminate/Container/Util.php(43): Illuminate/Container/BoundMethod::Illuminate/Container/{closure}()
#13 E:/laravel_project/passport-api/vendor/laravel/framework/src/Illuminate/Container/BoundMethod.php(84): Illuminate/Container/Util::unwrapIfClosure(Object(Closure))
#14 E:/laravel_project/passport-api/vendor/laravel/framework/src/Illuminate/Container/BoundMethod.php(35): Illuminate/Container/BoundMethod::callBoundMethod(Object(Illuminate/Foundation/Application), Object(Closure), Object(Closure))
#15 E:/laravel_project/passport-api/vendor/laravel/framework/src/Illuminate/Container/Container.php(799): Illuminate/Container/BoundMethod::call(Object(Illuminate/Foundation/Application), Object(Closure), Array, NULL)
#16 E:/laravel_project/passport-api/vendor/laravel/framework/src/Illuminate/Support/ServiceProvider.php(150): Illuminate/Container/Container->call(Object(Closure))
#17 E:/laravel_project/passport-api/vendor/laravel/framework/src/Illuminate/Foundation/Application.php(1154): Illuminate/Support/ServiceProvider->callBootedCallbacks()
#18 E:/laravel_project/passport-api/vendor/laravel/framework/src/Illuminate/Foundation/Application.php(1132): Illuminate/Foundation/Application->bootProvider(Object(Illuminate/Foundation/Support/Providers/RouteServiceProvider))
#19 [internal function]: Illuminate/Foundation/Application->Illuminate/Foundation/{closure}(Object(Illuminate/Foundation/Support/Providers/RouteServiceProvider), 'Illuminate//Foun...')
#20 E:/laravel_project/passport-api/vendor/laravel/framework/src/Illuminate/Foundation/Application.php(1131): array_walk(Array, Object(Closure))
#21 E:/laravel_project/passport-api/vendor/laravel/framework/src/Illuminate/Foundation/Bootstrap/BootProviders.php(17): Illuminate/Foundation/Application->boot()
#22 E:/laravel_project/passport-api/vendor/laravel/framework/src/Illuminate/Foundation/Application.php(342): Illuminate/Foundation/Bootstrap/BootProviders->bootstrap(Object(Illuminate/Foundation/Application))
#23 E:/laravel_project/passport-api/vendor/laravel/framework/src/Illuminate/Foundation/Console/Kernel.php(494): Illuminate/Foundation/Application->bootstrapWith(Array)
#24 E:/laravel_project/passport-api/vendor/laravel/framework/src/Illuminate/Foundation/Console/Kernel.php(196): Illuminate/Foundation/Console/Kernel->bootstrap()
#25 Command line code(1): Illuminate/Foundation/Console/Kernel->handle(Object(Symfony/Component/Console/Input/ArgvInput), Object(Symfony/Component/Console/Output/ConsoleOutput))
#26 {main}
"} 
[2026-03-26 15:07:55] local.ERROR: syntax error, unexpected end of file {"exception":"[object] (ParseError(code: 0): syntax error, unexpected end of file at E:/laravel_project/passport-api/routes/api.php:24)
[stacktrace]
#0 E:/laravel_project/passport-api/vendor/laravel/framework/src/Illuminate/Routing/Router.php(526): Illuminate/Routing/RouteFileRegistrar->register('E://laravel_proj...')
#1 E:/laravel_project/passport-api/vendor/laravel/framework/src/Illuminate/Routing/Router.php(480): Illuminate/Routing/Router->loadRoutes('E://laravel_proj...')
#2 E:/laravel_project/passport-api/vendor/laravel/framework/src/Illuminate/Routing/RouteRegistrar.php(212): Illuminate/Routing/Router->group(Array, 'E://laravel_proj...')
#3 E:/laravel_project/passport-api/vendor/laravel/framework/src/Illuminate/Foundation/Configuration/ApplicationBuilder.php(214): Illuminate/Routing/RouteRegistrar->group('E://laravel_proj...')
#4 E:/laravel_project/passport-api/vendor/laravel/framework/src/Illuminate/Container/BoundMethod.php(36): Illuminate/Foundation/Configuration/ApplicationBuilder->Illuminate/Foundation/Configuration/{closure}()
#5 E:/laravel_project/passport-api/vendor/laravel/framework/src/Illuminate/Container/Util.php(43): Illuminate/Container/BoundMethod::Illuminate/Container/{closure}()
#6 E:/laravel_project/passport-api/vendor/laravel/framework/src/Illuminate/Container/BoundMethod.php(84): Illuminate/Container/Util::unwrapIfClosure(Object(Closure))
#7 E:/laravel_project/passport-api/vendor/laravel/framework/src/Illuminate/Container/BoundMethod.php(35): Illuminate/Container/BoundMethod::callBoundMethod(Object(Illuminate/Foundation/Application), Object(Closure), Object(Closure))
#8 E:/laravel_project/passport-api/vendor/laravel/framework/src/Illuminate/Container/Container.php(799): Illuminate/Container/BoundMethod::call(Object(Illuminate/Foundation/Application), Object(Closure), Array, NULL)
#9 E:/laravel_project/passport-api/vendor/laravel/framework/src/Illuminate/Foundation/Support/Providers/RouteServiceProvider.php(162): Illuminate/Container/Container->call(Object(Closure))
#10 E:/laravel_project/passport-api/vendor/laravel/framework/src/Illuminate/Foundation/Support/Providers/RouteServiceProvider.php(59): Illuminate/Foundation/Support/Providers/RouteServiceProvider->loadRoutes()
#11 E:/laravel_project/passport-api/vendor/laravel/framework/src/Illuminate/Container/BoundMethod.php(36): Illuminate/Foundation/Support/Providers/RouteServiceProvider->Illuminate/Foundation/Support/Providers/{closure}()
#12 E:/laravel_project/passport-api/vendor/laravel/framework/src/Illuminate/Container/Util.php(43): Illuminate/Container/BoundMethod::Illuminate/Container/{closure}()
#13 E:/laravel_project/passport-api/vendor/laravel/framework/src/Illuminate/Container/BoundMethod.php(84): Illuminate/Container/Util::unwrapIfClosure(Object(Closure))
#14 E:/laravel_project/passport-api/vendor/laravel/framework/src/Illuminate/Container/BoundMethod.php(35): Illuminate/Container/BoundMethod::callBoundMethod(Object(Illuminate/Foundation/Application), Object(Closure), Object(Closure))
#15 E:/laravel_project/passport-api/vendor/laravel/framework/src/Illuminate/Container/Container.php(799): Illuminate/Container/BoundMethod::call(Object(Illuminate/Foundation/Application), Object(Closure), Array, NULL)
#16 E:/laravel_project/passport-api/vendor/laravel/framework/src/Illuminate/Support/ServiceProvider.php(150): Illuminate/Container/Container->call(Object(Closure))
#17 E:/laravel_project/passport-api/vendor/laravel/framework/src/Illuminate/Foundation/Application.php(1154): Illuminate/Support/ServiceProvider->callBootedCallbacks()
#18 E:/laravel_project/passport-api/vendor/laravel/framework/src/Illuminate/Foundation/Application.php(1132): Illuminate/Foundation/Application->bootProvider(Object(Illuminate/Foundation/Support/Providers/RouteServiceProvider))
#19 [internal function]: Illuminate/Foundation/Application->Illuminate/Foundation/{closure}(Object(Illuminate/Foundation/Support/Providers/RouteServiceProvider), 'Illuminate//Foun...')
#20 E:/laravel_project/passport-api/vendor/laravel/framework/src/Illuminate/Foundation/Application.php(1131): array_walk(Array, Object(Closure))
#21 E:/laravel_project/passport-api/vendor/laravel/framework/src/Illuminate/Foundation/Bootstrap/BootProviders.php(17): Illuminate/Foundation/Application->boot()
#22 E:/laravel_project/passport-api/vendor/laravel/framework/src/Illuminate/Foundation/Application.php(342): Illuminate/Foundation/Bootstrap/BootProviders->bootstrap(Object(Illuminate/Foundation/Application))
#23 E:/laravel_project/passport-api/vendor/laravel/framework/src/Illuminate/Foundation/Console/Kernel.php(494): Illuminate/Foundation/Application->bootstrapWith(Array)
#24 E:/laravel_project/passport-api/vendor/laravel/framework/src/Illuminate/Foundation/Console/Kernel.php(196): Illuminate/Foundation/Console/Kernel->bootstrap()
#25 Command line code(1): Illuminate/Foundation/Console/Kernel->handle(Object(Symfony/Component/Console/Input/ArgvInput), Object(Symfony/Component/Console/Output/ConsoleOutput))
#26 {main}
"} 
[2026-03-26 15:08:04] local.ERROR: syntax error, unexpected end of file {"exception":"[object] (ParseError(code: 0): syntax error, unexpected end of file at E:/laravel_project/passport-api/routes/api.php:24)
[stacktrace]
#0 E:/laravel_project/passport-api/vendor/laravel/framework/src/Illuminate/Routing/Router.php(526): Illuminate/Routing/RouteFileRegistrar->register('E://laravel_proj...')
#1 E:/laravel_project/passport-api/vendor/laravel/framework/src/Illuminate/Routing/Router.php(480): Illuminate/Routing/Router->loadRoutes('E://laravel_proj...')
#2 E:/laravel_project/passport-api/vendor/laravel/framework/src/Illuminate/Routing/RouteRegistrar.php(212): Illuminate/Routing/Router->group(Array, 'E://laravel_proj...')
#3 E:/laravel_project/passport-api/vendor/laravel/framework/src/Illuminate/Foundation/Configuration/ApplicationBuilder.php(214): Illuminate/Routing/RouteRegistrar->group('E://laravel_proj...')
#4 E:/laravel_project/passport-api/vendor/laravel/framework/src/Illuminate/Container/BoundMethod.php(36): Illuminate/Foundation/Configuration/ApplicationBuilder->Illuminate/Foundation/Configuration/{closure}()
#5 E:/laravel_project/passport-api/vendor/laravel/framework/src/Illuminate/Container/Util.php(43): Illuminate/Container/BoundMethod::Illuminate/Container/{closure}()
#6 E:/laravel_project/passport-api/vendor/laravel/framework/src/Illuminate/Container/BoundMethod.php(84): Illuminate/Container/Util::unwrapIfClosure(Object(Closure))
#7 E:/laravel_project/passport-api/vendor/laravel/framework/src/Illuminate/Container/BoundMethod.php(35): Illuminate/Container/BoundMethod::callBoundMethod(Object(Illuminate/Foundation/Application), Object(Closure), Object(Closure))
#8 E:/laravel_project/passport-api/vendor/laravel/framework/src/Illuminate/Container/Container.php(799): Illuminate/Container/BoundMethod::call(Object(Illuminate/Foundation/Application), Object(Closure), Array, NULL)
#9 E:/laravel_project/passport-api/vendor/laravel/framework/src/Illuminate/Foundation/Support/Providers/RouteServiceProvider.php(162): Illuminate/Container/Container->call(Object(Closure))
#10 E:/laravel_project/passport-api/vendor/laravel/framework/src/Illuminate/Foundation/Support/Providers/RouteServiceProvider.php(59): Illuminate/Foundation/Support/Providers/RouteServiceProvider->loadRoutes()
#11 E:/laravel_project/passport-api/vendor/laravel/framework/src/Illuminate/Container/BoundMethod.php(36): Illuminate/Foundation/Support/Providers/RouteServiceProvider->Illuminate/Foundation/Support/Providers/{closure}()
#12 E:/laravel_project/passport-api/vendor/laravel/framework/src/Illuminate/Container/Util.php(43): Illuminate/Container/BoundMethod::Illuminate/Container/{closure}()
#13 E:/laravel_project/passport-api/vendor/laravel/framework/src/Illuminate/Container/BoundMethod.php(84): Illuminate/Container/Util::unwrapIfClosure(Object(Closure))
#14 E:/laravel_project/passport-api/vendor/laravel/framework/src/Illuminate/Container/BoundMethod.php(35): Illuminate/Container/BoundMethod::callBoundMethod(Object(Illuminate/Foundation/Application), Object(Closure), Object(Closure))
#15 E:/laravel_project/passport-api/vendor/laravel/framework/src/Illuminate/Container/Container.php(799): Illuminate/Container/BoundMethod::call(Object(Illuminate/Foundation/Application), Object(Closure), Array, NULL)
#16 E:/laravel_project/passport-api/vendor/laravel/framework/src/Illuminate/Support/ServiceProvider.php(150): Illuminate/Container/Container->call(Object(Closure))
#17 E:/laravel_project/passport-api/vendor/laravel/framework/src/Illuminate/Foundation/Application.php(1154): Illuminate/Support/ServiceProvider->callBootedCallbacks()
#18 E:/laravel_project/passport-api/vendor/laravel/framework/src/Illuminate/Foundation/Application.php(1132): Illuminate/Foundation/Application->bootProvider(Object(Illuminate/Foundation/Support/Providers/RouteServiceProvider))
#19 [internal function]: Illuminate/Foundation/Application->Illuminate/Foundation/{closure}(Object(Illuminate/Foundation/Support/Providers/RouteServiceProvider), 'Illuminate//Foun...')
#20 E:/laravel_project/passport-api/vendor/laravel/framework/src/Illuminate/Foundation/Application.php(1131): array_walk(Array, Object(Closure))
#21 E:/laravel_project/passport-api/vendor/laravel/framework/src/Illuminate/Foundation/Bootstrap/BootProviders.php(17): Illuminate/Foundation/Application->boot()
#22 E:/laravel_project/passport-api/vendor/laravel/framework/src/Illuminate/Foundation/Application.php(342): Illuminate/Foundation/Bootstrap/BootProviders->bootstrap(Object(Illuminate/Foundation/Application))
#23 E:/laravel_project/passport-api/vendor/laravel/framework/src/Illuminate/Foundation/Console/Kernel.php(494): Illuminate/Foundation/Application->bootstrapWith(Array)
#24 E:/laravel_project/passport-api/vendor/laravel/framework/src/Illuminate/Foundation/Console/Kernel.php(196): Illuminate/Foundation/Console/Kernel->bootstrap()
#25 Command line code(1): Illuminate/Foundation/Console/Kernel->handle(Object(Symfony/Component/Console/Input/ArgvInput), Object(Symfony/Component/Console/Output/ConsoleOutput))
#26 {main}
"} 
[2026-03-26 15:08:07] local.ERROR: syntax error, unexpected end of file {"exception":"[object] (ParseError(code: 0): syntax error, unexpected end of file at E:/laravel_project/passport-api/routes/api.php:24)
[stacktrace]
#0 E:/laravel_project/passport-api/vendor/laravel/framework/src/Illuminate/Routing/Router.php(526): Illuminate/Routing/RouteFileRegistrar->register('E://laravel_proj...')
#1 E:/laravel_project/passport-api/vendor/laravel/framework/src/Illuminate/Routing/Router.php(480): Illuminate/Routing/Router->loadRoutes('E://laravel_proj...')
#2 E:/laravel_project/passport-api/vendor/laravel/framework/src/Illuminate/Routing/RouteRegistrar.php(212): Illuminate/Routing/Router->group(Array, 'E://laravel_proj...')
#3 E:/laravel_project/passport-api/vendor/laravel/framework/src/Illuminate/Foundation/Configuration/ApplicationBuilder.php(214): Illuminate/Routing/RouteRegistrar->group('E://laravel_proj...')
#4 E:/laravel_project/passport-api/vendor/laravel/framework/src/Illuminate/Container/BoundMethod.php(36): Illuminate/Foundation/Configuration/ApplicationBuilder->Illuminate/Foundation/Configuration/{closure}()
#5 E:/laravel_project/passport-api/vendor/laravel/framework/src/Illuminate/Container/Util.php(43): Illuminate/Container/BoundMethod::Illuminate/Container/{closure}()
#6 E:/laravel_project/passport-api/vendor/laravel/framework/src/Illuminate/Container/BoundMethod.php(84): Illuminate/Container/Util::unwrapIfClosure(Object(Closure))
#7 E:/laravel_project/passport-api/vendor/laravel/framework/src/Illuminate/Container/BoundMethod.php(35): Illuminate/Container/BoundMethod::callBoundMethod(Object(Illuminate/Foundation/Application), Object(Closure), Object(Closure))
#8 E:/laravel_project/passport-api/vendor/laravel/framework/src/Illuminate/Container/Container.php(799): Illuminate/Container/BoundMethod::call(Object(Illuminate/Foundation/Application), Object(Closure), Array, NULL)
#9 E:/laravel_project/passport-api/vendor/laravel/framework/src/Illuminate/Foundation/Support/Providers/RouteServiceProvider.php(162): Illuminate/Container/Container->call(Object(Closure))
#10 E:/laravel_project/passport-api/vendor/laravel/framework/src/Illuminate/Foundation/Support/Providers/RouteServiceProvider.php(59): Illuminate/Foundation/Support/Providers/RouteServiceProvider->loadRoutes()
#11 E:/laravel_project/passport-api/vendor/laravel/framework/src/Illuminate/Container/BoundMethod.php(36): Illuminate/Foundation/Support/Providers/RouteServiceProvider->Illuminate/Foundation/Support/Providers/{closure}()
#12 E:/laravel_project/passport-api/vendor/laravel/framework/src/Illuminate/Container/Util.php(43): Illuminate/Container/BoundMethod::Illuminate/Container/{closure}()
#13 E:/laravel_project/passport-api/vendor/laravel/framework/src/Illuminate/Container/BoundMethod.php(84): Illuminate/Container/Util::unwrapIfClosure(Object(Closure))
#14 E:/laravel_project/passport-api/vendor/laravel/framework/src/Illuminate/Container/BoundMethod.php(35): Illuminate/Container/BoundMethod::callBoundMethod(Object(Illuminate/Foundation/Application), Object(Closure), Object(Closure))
#15 E:/laravel_project/passport-api/vendor/laravel/framework/src/Illuminate/Container/Container.php(799): Illuminate/Container/BoundMethod::call(Object(Illuminate/Foundation/Application), Object(Closure), Array, NULL)
#16 E:/laravel_project/passport-api/vendor/laravel/framework/src/Illuminate/Support/ServiceProvider.php(150): Illuminate/Container/Container->call(Object(Closure))
#17 E:/laravel_project/passport-api/vendor/laravel/framework/src/Illuminate/Foundation/Application.php(1154): Illuminate/Support/ServiceProvider->callBootedCallbacks()
#18 E:/laravel_project/passport-api/vendor/laravel/framework/src/Illuminate/Foundation/Application.php(1132): Illuminate/Foundation/Application->bootProvider(Object(Illuminate/Foundation/Support/Providers/RouteServiceProvider))
#19 [internal function]: Illuminate/Foundation/Application->Illuminate/Foundation/{closure}(Object(Illuminate/Foundation/Support/Providers/RouteServiceProvider), 'Illuminate//Foun...')
#20 E:/laravel_project/passport-api/vendor/laravel/framework/src/Illuminate/Foundation/Application.php(1131): array_walk(Array, Object(Closure))
#21 E:/laravel_project/passport-api/vendor/laravel/framework/src/Illuminate/Foundation/Bootstrap/BootProviders.php(17): Illuminate/Foundation/Application->boot()
#22 E:/laravel_project/passport-api/vendor/laravel/framework/src/Illuminate/Foundation/Application.php(342): Illuminate/Foundation/Bootstrap/BootProviders->bootstrap(Object(Illuminate/Foundation/Application))
#23 E:/laravel_project/passport-api/vendor/laravel/framework/src/Illuminate/Foundation/Console/Kernel.php(494): Illuminate/Foundation/Application->bootstrapWith(Array)
#24 E:/laravel_project/passport-api/vendor/laravel/framework/src/Illuminate/Foundation/Console/Kernel.php(196): Illuminate/Foundation/Console/Kernel->bootstrap()
#25 Command line code(1): Illuminate/Foundation/Console/Kernel->handle(Object(Symfony/Component/Console/Input/ArgvInput), Object(Symfony/Component/Console/Output/ConsoleOutput))
#26 {main}
"} 
[2026-03-26 15:08:07] local.ERROR: syntax error, unexpected end of file {"exception":"[object] (ParseError(code: 0): syntax error, unexpected end of file at E:/laravel_project/passport-api/routes/api.php:24)
[stacktrace]
#0 E:/laravel_project/passport-api/vendor/laravel/framework/src/Illuminate/Routing/Router.php(526): Illuminate/Routing/RouteFileRegistrar->register('E://laravel_proj...')
#1 E:/laravel_project/passport-api/vendor/laravel/framework/src/Illuminate/Routing/Router.php(480): Illuminate/Routing/Router->loadRoutes('E://laravel_proj...')
#2 E:/laravel_project/passport-api/vendor/laravel/framework/src/Illuminate/Routing/RouteRegistrar.php(212): Illuminate/Routing/Router->group(Array, 'E://laravel_proj...')
#3 E:/laravel_project/passport-api/vendor/laravel/framework/src/Illuminate/Foundation/Configuration/ApplicationBuilder.php(214): Illuminate/Routing/RouteRegistrar->group('E://laravel_proj...')
#4 E:/laravel_project/passport-api/vendor/laravel/framework/src/Illuminate/Container/BoundMethod.php(36): Illuminate/Foundation/Configuration/ApplicationBuilder->Illuminate/Foundation/Configuration/{closure}()
#5 E:/laravel_project/passport-api/vendor/laravel/framework/src/Illuminate/Container/Util.php(43): Illuminate/Container/BoundMethod::Illuminate/Container/{closure}()
#6 E:/laravel_project/passport-api/vendor/laravel/framework/src/Illuminate/Container/BoundMethod.php(84): Illuminate/Container/Util::unwrapIfClosure(Object(Closure))
#7 E:/laravel_project/passport-api/vendor/laravel/framework/src/Illuminate/Container/BoundMethod.php(35): Illuminate/Container/BoundMethod::callBoundMethod(Object(Illuminate/Foundation/Application), Object(Closure), Object(Closure))
#8 E:/laravel_project/passport-api/vendor/laravel/framework/src/Illuminate/Container/Container.php(799): Illuminate/Container/BoundMethod::call(Object(Illuminate/Foundation/Application), Object(Closure), Array, NULL)
#9 E:/laravel_project/passport-api/vendor/laravel/framework/src/Illuminate/Foundation/Support/Providers/RouteServiceProvider.php(162): Illuminate/Container/Container->call(Object(Closure))
#10 E:/laravel_project/passport-api/vendor/laravel/framework/src/Illuminate/Foundation/Support/Providers/RouteServiceProvider.php(59): Illuminate/Foundation/Support/Providers/RouteServiceProvider->loadRoutes()
#11 E:/laravel_project/passport-api/vendor/laravel/framework/src/Illuminate/Container/BoundMethod.php(36): Illuminate/Foundation/Support/Providers/RouteServiceProvider->Illuminate/Foundation/Support/Providers/{closure}()
#12 E:/laravel_project/passport-api/vendor/laravel/framework/src/Illuminate/Container/Util.php(43): Illuminate/Container/BoundMethod::Illuminate/Container/{closure}()
#13 E:/laravel_project/passport-api/vendor/laravel/framework/src/Illuminate/Container/BoundMethod.php(84): Illuminate/Container/Util::unwrapIfClosure(Object(Closure))
#14 E:/laravel_project/passport-api/vendor/laravel/framework/src/Illuminate/Container/BoundMethod.php(35): Illuminate/Container/BoundMethod::callBoundMethod(Object(Illuminate/Foundation/Application), Object(Closure), Object(Closure))
#15 E:/laravel_project/passport-api/vendor/laravel/framework/src/Illuminate/Container/Container.php(799): Illuminate/Container/BoundMethod::call(Object(Illuminate/Foundation/Application), Object(Closure), Array, NULL)
#16 E:/laravel_project/passport-api/vendor/laravel/framework/src/Illuminate/Support/ServiceProvider.php(150): Illuminate/Container/Container->call(Object(Closure))
#17 E:/laravel_project/passport-api/vendor/laravel/framework/src/Illuminate/Foundation/Application.php(1154): Illuminate/Support/ServiceProvider->callBootedCallbacks()
#18 E:/laravel_project/passport-api/vendor/laravel/framework/src/Illuminate/Foundation/Application.php(1132): Illuminate/Foundation/Application->bootProvider(Object(Illuminate/Foundation/Support/Providers/RouteServiceProvider))
#19 [internal function]: Illuminate/Foundation/Application->Illuminate/Foundation/{closure}(Object(Illuminate/Foundation/Support/Providers/RouteServiceProvider), 'Illuminate//Foun...')
#20 E:/laravel_project/passport-api/vendor/laravel/framework/src/Illuminate/Foundation/Application.php(1131): array_walk(Array, Object(Closure))
#21 E:/laravel_project/passport-api/vendor/laravel/framework/src/Illuminate/Foundation/Bootstrap/BootProviders.php(17): Illuminate/Foundation/Application->boot()
#22 E:/laravel_project/passport-api/vendor/laravel/framework/src/Illuminate/Foundation/Application.php(342): Illuminate/Foundation/Bootstrap/BootProviders->bootstrap(Object(Illuminate/Foundation/Application))
#23 E:/laravel_project/passport-api/vendor/laravel/framework/src/Illuminate/Foundation/Console/Kernel.php(494): Illuminate/Foundation/Application->bootstrapWith(Array)
#24 E:/laravel_project/passport-api/vendor/laravel/framework/src/Illuminate/Foundation/Console/Kernel.php(196): Illuminate/Foundation/Console/Kernel->bootstrap()
#25 Command line code(1): Illuminate/Foundation/Console/Kernel->handle(Object(Symfony/Component/Console/Input/ArgvInput), Object(Symfony/Component/Console/Output/ConsoleOutput))
#26 {main}
"} 
[2026-03-26 15:08:18] local.ERROR: syntax error, unexpected end of file {"exception":"[object] (ParseError(code: 0): syntax error, unexpected end of file at E:/laravel_project/passport-api/routes/api.php:24)
[stacktrace]
#0 E:/laravel_project/passport-api/vendor/laravel/framework/src/Illuminate/Routing/Router.php(526): Illuminate/Routing/RouteFileRegistrar->register('E://laravel_proj...')
#1 E:/laravel_project/passport-api/vendor/laravel/framework/src/Illuminate/Routing/Router.php(480): Illuminate/Routing/Router->loadRoutes('E://laravel_proj...')
#2 E:/laravel_project/passport-api/vendor/laravel/framework/src/Illuminate/Routing/RouteRegistrar.php(212): Illuminate/Routing/Router->group(Array, 'E://laravel_proj...')
#3 E:/laravel_project/passport-api/vendor/laravel/framework/src/Illuminate/Foundation/Configuration/ApplicationBuilder.php(214): Illuminate/Routing/RouteRegistrar->group('E://laravel_proj...')
#4 E:/laravel_project/passport-api/vendor/laravel/framework/src/Illuminate/Container/BoundMethod.php(36): Illuminate/Foundation/Configuration/ApplicationBuilder->Illuminate/Foundation/Configuration/{closure}()
#5 E:/laravel_project/passport-api/vendor/laravel/framework/src/Illuminate/Container/Util.php(43): Illuminate/Container/BoundMethod::Illuminate/Container/{closure}()
#6 E:/laravel_project/passport-api/vendor/laravel/framework/src/Illuminate/Container/BoundMethod.php(84): Illuminate/Container/Util::unwrapIfClosure(Object(Closure))
#7 E:/laravel_project/passport-api/vendor/laravel/framework/src/Illuminate/Container/BoundMethod.php(35): Illuminate/Container/BoundMethod::callBoundMethod(Object(Illuminate/Foundation/Application), Object(Closure), Object(Closure))
#8 E:/laravel_project/passport-api/vendor/laravel/framework/src/Illuminate/Container/Container.php(799): Illuminate/Container/BoundMethod::call(Object(Illuminate/Foundation/Application), Object(Closure), Array, NULL)
#9 E:/laravel_project/passport-api/vendor/laravel/framework/src/Illuminate/Foundation/Support/Providers/RouteServiceProvider.php(162): Illuminate/Container/Container->call(Object(Closure))
#10 E:/laravel_project/passport-api/vendor/laravel/framework/src/Illuminate/Foundation/Support/Providers/RouteServiceProvider.php(59): Illuminate/Foundation/Support/Providers/RouteServiceProvider->loadRoutes()
#11 E:/laravel_project/passport-api/vendor/laravel/framework/src/Illuminate/Container/BoundMethod.php(36): Illuminate/Foundation/Support/Providers/RouteServiceProvider->Illuminate/Foundation/Support/Providers/{closure}()
#12 E:/laravel_project/passport-api/vendor/laravel/framework/src/Illuminate/Container/Util.php(43): Illuminate/Container/BoundMethod::Illuminate/Container/{closure}()
#13 E:/laravel_project/passport-api/vendor/laravel/framework/src/Illuminate/Container/BoundMethod.php(84): Illuminate/Container/Util::unwrapIfClosure(Object(Closure))
#14 E:/laravel_project/passport-api/vendor/laravel/framework/src/Illuminate/Container/BoundMethod.php(35): Illuminate/Container/BoundMethod::callBoundMethod(Object(Illuminate/Foundation/Application), Object(Closure), Object(Closure))
#15 E:/laravel_project/passport-api/vendor/laravel/framework/src/Illuminate/Container/Container.php(799): Illuminate/Container/BoundMethod::call(Object(Illuminate/Foundation/Application), Object(Closure), Array, NULL)
#16 E:/laravel_project/passport-api/vendor/laravel/framework/src/Illuminate/Support/ServiceProvider.php(150): Illuminate/Container/Container->call(Object(Closure))
#17 E:/laravel_project/passport-api/vendor/laravel/framework/src/Illuminate/Foundation/Application.php(1154): Illuminate/Support/ServiceProvider->callBootedCallbacks()
#18 E:/laravel_project/passport-api/vendor/laravel/framework/src/Illuminate/Foundation/Application.php(1132): Illuminate/Foundation/Application->bootProvider(Object(Illuminate/Foundation/Support/Providers/RouteServiceProvider))
#19 [internal function]: Illuminate/Foundation/Application->Illuminate/Foundation/{closure}(Object(Illuminate/Foundation/Support/Providers/RouteServiceProvider), 'Illuminate//Foun...')
#20 E:/laravel_project/passport-api/vendor/laravel/framework/src/Illuminate/Foundation/Application.php(1131): array_walk(Array, Object(Closure))
#21 E:/laravel_project/passport-api/vendor/laravel/framework/src/Illuminate/Foundation/Bootstrap/BootProviders.php(17): Illuminate/Foundation/Application->boot()
#22 E:/laravel_project/passport-api/vendor/laravel/framework/src/Illuminate/Foundation/Application.php(342): Illuminate/Foundation/Bootstrap/BootProviders->bootstrap(Object(Illuminate/Foundation/Application))
#23 E:/laravel_project/passport-api/vendor/laravel/framework/src/Illuminate/Foundation/Console/Kernel.php(494): Illuminate/Foundation/Application->bootstrapWith(Array)
#24 E:/laravel_project/passport-api/vendor/laravel/framework/src/Illuminate/Foundation/Console/Kernel.php(196): Illuminate/Foundation/Console/Kernel->bootstrap()
#25 Command line code(1): Illuminate/Foundation/Console/Kernel->handle(Object(Symfony/Component/Console/Input/ArgvInput), Object(Symfony/Component/Console/Output/ConsoleOutput))
#26 {main}
"} 
[2026-03-26 15:08:47] local.ERROR: syntax error, unexpected end of file {"exception":"[object] (ParseError(code: 0): syntax error, unexpected end of file at E:/laravel_project/passport-api/routes/api.php:24)
[stacktrace]
#0 E:/laravel_project/passport-api/vendor/laravel/framework/src/Illuminate/Routing/Router.php(526): Illuminate/Routing/RouteFileRegistrar->register('E://laravel_proj...')
#1 E:/laravel_project/passport-api/vendor/laravel/framework/src/Illuminate/Routing/Router.php(480): Illuminate/Routing/Router->loadRoutes('E://laravel_proj...')
#2 E:/laravel_project/passport-api/vendor/laravel/framework/src/Illuminate/Routing/RouteRegistrar.php(212): Illuminate/Routing/Router->group(Array, 'E://laravel_proj...')
#3 E:/laravel_project/passport-api/vendor/laravel/framework/src/Illuminate/Foundation/Configuration/ApplicationBuilder.php(214): Illuminate/Routing/RouteRegistrar->group('E://laravel_proj...')
#4 E:/laravel_project/passport-api/vendor/laravel/framework/src/Illuminate/Container/BoundMethod.php(36): Illuminate/Foundation/Configuration/ApplicationBuilder->Illuminate/Foundation/Configuration/{closure}()
#5 E:/laravel_project/passport-api/vendor/laravel/framework/src/Illuminate/Container/Util.php(43): Illuminate/Container/BoundMethod::Illuminate/Container/{closure}()
#6 E:/laravel_project/passport-api/vendor/laravel/framework/src/Illuminate/Container/BoundMethod.php(84): Illuminate/Container/Util::unwrapIfClosure(Object(Closure))
#7 E:/laravel_project/passport-api/vendor/laravel/framework/src/Illuminate/Container/BoundMethod.php(35): Illuminate/Container/BoundMethod::callBoundMethod(Object(Illuminate/Foundation/Application), Object(Closure), Object(Closure))
#8 E:/laravel_project/passport-api/vendor/laravel/framework/src/Illuminate/Container/Container.php(799): Illuminate/Container/BoundMethod::call(Object(Illuminate/Foundation/Application), Object(Closure), Array, NULL)
#9 E:/laravel_project/passport-api/vendor/laravel/framework/src/Illuminate/Foundation/Support/Providers/RouteServiceProvider.php(162): Illuminate/Container/Container->call(Object(Closure))
#10 E:/laravel_project/passport-api/vendor/laravel/framework/src/Illuminate/Foundation/Support/Providers/RouteServiceProvider.php(59): Illuminate/Foundation/Support/Providers/RouteServiceProvider->loadRoutes()
#11 E:/laravel_project/passport-api/vendor/laravel/framework/src/Illuminate/Container/BoundMethod.php(36): Illuminate/Foundation/Support/Providers/RouteServiceProvider->Illuminate/Foundation/Support/Providers/{closure}()
#12 E:/laravel_project/passport-api/vendor/laravel/framework/src/Illuminate/Container/Util.php(43): Illuminate/Container/BoundMethod::Illuminate/Container/{closure}()
#13 E:/laravel_project/passport-api/vendor/laravel/framework/src/Illuminate/Container/BoundMethod.php(84): Illuminate/Container/Util::unwrapIfClosure(Object(Closure))
#14 E:/laravel_project/passport-api/vendor/laravel/framework/src/Illuminate/Container/BoundMethod.php(35): Illuminate/Container/BoundMethod::callBoundMethod(Object(Illuminate/Foundation/Application), Object(Closure), Object(Closure))
#15 E:/laravel_project/passport-api/vendor/laravel/framework/src/Illuminate/Container/Container.php(799): Illuminate/Container/BoundMethod::call(Object(Illuminate/Foundation/Application), Object(Closure), Array, NULL)
#16 E:/laravel_project/passport-api/vendor/laravel/framework/src/Illuminate/Support/ServiceProvider.php(150): Illuminate/Container/Container->call(Object(Closure))
#17 E:/laravel_project/passport-api/vendor/laravel/framework/src/Illuminate/Foundation/Application.php(1154): Illuminate/Support/ServiceProvider->callBootedCallbacks()
#18 E:/laravel_project/passport-api/vendor/laravel/framework/src/Illuminate/Foundation/Application.php(1132): Illuminate/Foundation/Application->bootProvider(Object(Illuminate/Foundation/Support/Providers/RouteServiceProvider))
#19 [internal function]: Illuminate/Foundation/Application->Illuminate/Foundation/{closure}(Object(Illuminate/Foundation/Support/Providers/RouteServiceProvider), 'Illuminate//Foun...')
#20 E:/laravel_project/passport-api/vendor/laravel/framework/src/Illuminate/Foundation/Application.php(1131): array_walk(Array, Object(Closure))
#21 E:/laravel_project/passport-api/vendor/laravel/framework/src/Illuminate/Foundation/Bootstrap/BootProviders.php(17): Illuminate/Foundation/Application->boot()
#22 E:/laravel_project/passport-api/vendor/laravel/framework/src/Illuminate/Foundation/Application.php(342): Illuminate/Foundation/Bootstrap/BootProviders->bootstrap(Object(Illuminate/Foundation/Application))
#23 E:/laravel_project/passport-api/vendor/laravel/framework/src/Illuminate/Foundation/Console/Kernel.php(494): Illuminate/Foundation/Application->bootstrapWith(Array)
#24 E:/laravel_project/passport-api/vendor/laravel/framework/src/Illuminate/Foundation/Console/Kernel.php(196): Illuminate/Foundation/Console/Kernel->bootstrap()
#25 Command line code(1): Illuminate/Foundation/Console/Kernel->handle(Object(Symfony/Component/Console/Input/ArgvInput), Object(Symfony/Component/Console/Output/ConsoleOutput))
#26 {main}
"} 
[2026-03-26 15:08:53] local.ERROR: syntax error, unexpected end of file {"exception":"[object] (ParseError(code: 0): syntax error, unexpected end of file at E:/laravel_project/passport-api/routes/api.php:24)
[stacktrace]
#0 E:/laravel_project/passport-api/vendor/laravel/framework/src/Illuminate/Routing/Router.php(526): Illuminate/Routing/RouteFileRegistrar->register('E://laravel_proj...')
#1 E:/laravel_project/passport-api/vendor/laravel/framework/src/Illuminate/Routing/Router.php(480): Illuminate/Routing/Router->loadRoutes('E://laravel_proj...')
#2 E:/laravel_project/passport-api/vendor/laravel/framework/src/Illuminate/Routing/RouteRegistrar.php(212): Illuminate/Routing/Router->group(Array, 'E://laravel_proj...')
#3 E:/laravel_project/passport-api/vendor/laravel/framework/src/Illuminate/Foundation/Configuration/ApplicationBuilder.php(214): Illuminate/Routing/RouteRegistrar->group('E://laravel_proj...')
#4 E:/laravel_project/passport-api/vendor/laravel/framework/src/Illuminate/Container/BoundMethod.php(36): Illuminate/Foundation/Configuration/ApplicationBuilder->Illuminate/Foundation/Configuration/{closure}()
#5 E:/laravel_project/passport-api/vendor/laravel/framework/src/Illuminate/Container/Util.php(43): Illuminate/Container/BoundMethod::Illuminate/Container/{closure}()
#6 E:/laravel_project/passport-api/vendor/laravel/framework/src/Illuminate/Container/BoundMethod.php(84): Illuminate/Container/Util::unwrapIfClosure(Object(Closure))
#7 E:/laravel_project/passport-api/vendor/laravel/framework/src/Illuminate/Container/BoundMethod.php(35): Illuminate/Container/BoundMethod::callBoundMethod(Object(Illuminate/Foundation/Application), Object(Closure), Object(Closure))
#8 E:/laravel_project/passport-api/vendor/laravel/framework/src/Illuminate/Container/Container.php(799): Illuminate/Container/BoundMethod::call(Object(Illuminate/Foundation/Application), Object(Closure), Array, NULL)
#9 E:/laravel_project/passport-api/vendor/laravel/framework/src/Illuminate/Foundation/Support/Providers/RouteServiceProvider.php(162): Illuminate/Container/Container->call(Object(Closure))
#10 E:/laravel_project/passport-api/vendor/laravel/framework/src/Illuminate/Foundation/Support/Providers/RouteServiceProvider.php(59): Illuminate/Foundation/Support/Providers/RouteServiceProvider->loadRoutes()
#11 E:/laravel_project/passport-api/vendor/laravel/framework/src/Illuminate/Container/BoundMethod.php(36): Illuminate/Foundation/Support/Providers/RouteServiceProvider->Illuminate/Foundation/Support/Providers/{closure}()
#12 E:/laravel_project/passport-api/vendor/laravel/framework/src/Illuminate/Container/Util.php(43): Illuminate/Container/BoundMethod::Illuminate/Container/{closure}()
#13 E:/laravel_project/passport-api/vendor/laravel/framework/src/Illuminate/Container/BoundMethod.php(84): Illuminate/Container/Util::unwrapIfClosure(Object(Closure))
#14 E:/laravel_project/passport-api/vendor/laravel/framework/src/Illuminate/Container/BoundMethod.php(35): Illuminate/Container/BoundMethod::callBoundMethod(Object(Illuminate/Foundation/Application), Object(Closure), Object(Closure))
#15 E:/laravel_project/passport-api/vendor/laravel/framework/src/Illuminate/Container/Container.php(799): Illuminate/Container/BoundMethod::call(Object(Illuminate/Foundation/Application), Object(Closure), Array, NULL)
#16 E:/laravel_project/passport-api/vendor/laravel/framework/src/Illuminate/Support/ServiceProvider.php(150): Illuminate/Container/Container->call(Object(Closure))
#17 E:/laravel_project/passport-api/vendor/laravel/framework/src/Illuminate/Foundation/Application.php(1154): Illuminate/Support/ServiceProvider->callBootedCallbacks()
#18 E:/laravel_project/passport-api/vendor/laravel/framework/src/Illuminate/Foundation/Application.php(1132): Illuminate/Foundation/Application->bootProvider(Object(Illuminate/Foundation/Support/Providers/RouteServiceProvider))
#19 [internal function]: Illuminate/Foundation/Application->Illuminate/Foundation/{closure}(Object(Illuminate/Foundation/Support/Providers/RouteServiceProvider), 'Illuminate//Foun...')
#20 E:/laravel_project/passport-api/vendor/laravel/framework/src/Illuminate/Foundation/Application.php(1131): array_walk(Array, Object(Closure))
#21 E:/laravel_project/passport-api/vendor/laravel/framework/src/Illuminate/Foundation/Bootstrap/BootProviders.php(17): Illuminate/Foundation/Application->boot()
#22 E:/laravel_project/passport-api/vendor/laravel/framework/src/Illuminate/Foundation/Application.php(342): Illuminate/Foundation/Bootstrap/BootProviders->bootstrap(Object(Illuminate/Foundation/Application))
#23 E:/laravel_project/passport-api/vendor/laravel/framework/src/Illuminate/Foundation/Console/Kernel.php(494): Illuminate/Foundation/Application->bootstrapWith(Array)
#24 E:/laravel_project/passport-api/vendor/laravel/framework/src/Illuminate/Foundation/Console/Kernel.php(196): Illuminate/Foundation/Console/Kernel->bootstrap()
#25 Command line code(1): Illuminate/Foundation/Console/Kernel->handle(Object(Symfony/Component/Console/Input/ArgvInput), Object(Symfony/Component/Console/Output/ConsoleOutput))
#26 {main}
"} 
[2026-03-26 15:09:07] local.ERROR: syntax error, unexpected end of file {"exception":"[object] (ParseError(code: 0): syntax error, unexpected end of file at E:/laravel_project/passport-api/routes/api.php:24)
[stacktrace]
#0 E:/laravel_project/passport-api/vendor/laravel/framework/src/Illuminate/Routing/Router.php(526): Illuminate/Routing/RouteFileRegistrar->register('E://laravel_proj...')
#1 E:/laravel_project/passport-api/vendor/laravel/framework/src/Illuminate/Routing/Router.php(480): Illuminate/Routing/Router->loadRoutes('E://laravel_proj...')
#2 E:/laravel_project/passport-api/vendor/laravel/framework/src/Illuminate/Routing/RouteRegistrar.php(212): Illuminate/Routing/Router->group(Array, 'E://laravel_proj...')
#3 E:/laravel_project/passport-api/vendor/laravel/framework/src/Illuminate/Foundation/Configuration/ApplicationBuilder.php(214): Illuminate/Routing/RouteRegistrar->group('E://laravel_proj...')
#4 E:/laravel_project/passport-api/vendor/laravel/framework/src/Illuminate/Container/BoundMethod.php(36): Illuminate/Foundation/Configuration/ApplicationBuilder->Illuminate/Foundation/Configuration/{closure}()
#5 E:/laravel_project/passport-api/vendor/laravel/framework/src/Illuminate/Container/Util.php(43): Illuminate/Container/BoundMethod::Illuminate/Container/{closure}()
#6 E:/laravel_project/passport-api/vendor/laravel/framework/src/Illuminate/Container/BoundMethod.php(84): Illuminate/Container/Util::unwrapIfClosure(Object(Closure))
#7 E:/laravel_project/passport-api/vendor/laravel/framework/src/Illuminate/Container/BoundMethod.php(35): Illuminate/Container/BoundMethod::callBoundMethod(Object(Illuminate/Foundation/Application), Object(Closure), Object(Closure))
#8 E:/laravel_project/passport-api/vendor/laravel/framework/src/Illuminate/Container/Container.php(799): Illuminate/Container/BoundMethod::call(Object(Illuminate/Foundation/Application), Object(Closure), Array, NULL)
#9 E:/laravel_project/passport-api/vendor/laravel/framework/src/Illuminate/Foundation/Support/Providers/RouteServiceProvider.php(162): Illuminate/Container/Container->call(Object(Closure))
#10 E:/laravel_project/passport-api/vendor/laravel/framework/src/Illuminate/Foundation/Support/Providers/RouteServiceProvider.php(59): Illuminate/Foundation/Support/Providers/RouteServiceProvider->loadRoutes()
#11 E:/laravel_project/passport-api/vendor/laravel/framework/src/Illuminate/Container/BoundMethod.php(36): Illuminate/Foundation/Support/Providers/RouteServiceProvider->Illuminate/Foundation/Support/Providers/{closure}()
#12 E:/laravel_project/passport-api/vendor/laravel/framework/src/Illuminate/Container/Util.php(43): Illuminate/Container/BoundMethod::Illuminate/Container/{closure}()
#13 E:/laravel_project/passport-api/vendor/laravel/framework/src/Illuminate/Container/BoundMethod.php(84): Illuminate/Container/Util::unwrapIfClosure(Object(Closure))
#14 E:/laravel_project/passport-api/vendor/laravel/framework/src/Illuminate/Container/BoundMethod.php(35): Illuminate/Container/BoundMethod::callBoundMethod(Object(Illuminate/Foundation/Application), Object(Closure), Object(Closure))
#15 E:/laravel_project/passport-api/vendor/laravel/framework/src/Illuminate/Container/Container.php(799): Illuminate/Container/BoundMethod::call(Object(Illuminate/Foundation/Application), Object(Closure), Array, NULL)
#16 E:/laravel_project/passport-api/vendor/laravel/framework/src/Illuminate/Support/ServiceProvider.php(150): Illuminate/Container/Container->call(Object(Closure))
#17 E:/laravel_project/passport-api/vendor/laravel/framework/src/Illuminate/Foundation/Application.php(1154): Illuminate/Support/ServiceProvider->callBootedCallbacks()
#18 E:/laravel_project/passport-api/vendor/laravel/framework/src/Illuminate/Foundation/Application.php(1132): Illuminate/Foundation/Application->bootProvider(Object(Illuminate/Foundation/Support/Providers/RouteServiceProvider))
#19 [internal function]: Illuminate/Foundation/Application->Illuminate/Foundation/{closure}(Object(Illuminate/Foundation/Support/Providers/RouteServiceProvider), 'Illuminate//Foun...')
#20 E:/laravel_project/passport-api/vendor/laravel/framework/src/Illuminate/Foundation/Application.php(1131): array_walk(Array, Object(Closure))
#21 E:/laravel_project/passport-api/vendor/laravel/framework/src/Illuminate/Foundation/Bootstrap/BootProviders.php(17): Illuminate/Foundation/Application->boot()
#22 E:/laravel_project/passport-api/vendor/laravel/framework/src/Illuminate/Foundation/Application.php(342): Illuminate/Foundation/Bootstrap/BootProviders->bootstrap(Object(Illuminate/Foundation/Application))
#23 E:/laravel_project/passport-api/vendor/laravel/framework/src/Illuminate/Foundation/Console/Kernel.php(494): Illuminate/Foundation/Application->bootstrapWith(Array)
#24 E:/laravel_project/passport-api/vendor/laravel/framework/src/Illuminate/Foundation/Console/Kernel.php(196): Illuminate/Foundation/Console/Kernel->bootstrap()
#25 Command line code(1): Illuminate/Foundation/Console/Kernel->handle(Object(Symfony/Component/Console/Input/ArgvInput), Object(Symfony/Component/Console/Output/ConsoleOutput))
#26 {main}
"} 
[2026-03-26 15:09:07] local.ERROR: syntax error, unexpected end of file {"exception":"[object] (ParseError(code: 0): syntax error, unexpected end of file at E:/laravel_project/passport-api/routes/api.php:24)
[stacktrace]
#0 E:/laravel_project/passport-api/vendor/laravel/framework/src/Illuminate/Routing/Router.php(526): Illuminate/Routing/RouteFileRegistrar->register('E://laravel_proj...')
#1 E:/laravel_project/passport-api/vendor/laravel/framework/src/Illuminate/Routing/Router.php(480): Illuminate/Routing/Router->loadRoutes('E://laravel_proj...')
#2 E:/laravel_project/passport-api/vendor/laravel/framework/src/Illuminate/Routing/RouteRegistrar.php(212): Illuminate/Routing/Router->group(Array, 'E://laravel_proj...')
#3 E:/laravel_project/passport-api/vendor/laravel/framework/src/Illuminate/Foundation/Configuration/ApplicationBuilder.php(214): Illuminate/Routing/RouteRegistrar->group('E://laravel_proj...')
#4 E:/laravel_project/passport-api/vendor/laravel/framework/src/Illuminate/Container/BoundMethod.php(36): Illuminate/Foundation/Configuration/ApplicationBuilder->Illuminate/Foundation/Configuration/{closure}()
#5 E:/laravel_project/passport-api/vendor/laravel/framework/src/Illuminate/Container/Util.php(43): Illuminate/Container/BoundMethod::Illuminate/Container/{closure}()
#6 E:/laravel_project/passport-api/vendor/laravel/framework/src/Illuminate/Container/BoundMethod.php(84): Illuminate/Container/Util::unwrapIfClosure(Object(Closure))
#7 E:/laravel_project/passport-api/vendor/laravel/framework/src/Illuminate/Container/BoundMethod.php(35): Illuminate/Container/BoundMethod::callBoundMethod(Object(Illuminate/Foundation/Application), Object(Closure), Object(Closure))
#8 E:/laravel_project/passport-api/vendor/laravel/framework/src/Illuminate/Container/Container.php(799): Illuminate/Container/BoundMethod::call(Object(Illuminate/Foundation/Application), Object(Closure), Array, NULL)
#9 E:/laravel_project/passport-api/vendor/laravel/framework/src/Illuminate/Foundation/Support/Providers/RouteServiceProvider.php(162): Illuminate/Container/Container->call(Object(Closure))
#10 E:/laravel_project/passport-api/vendor/laravel/framework/src/Illuminate/Foundation/Support/Providers/RouteServiceProvider.php(59): Illuminate/Foundation/Support/Providers/RouteServiceProvider->loadRoutes()
#11 E:/laravel_project/passport-api/vendor/laravel/framework/src/Illuminate/Container/BoundMethod.php(36): Illuminate/Foundation/Support/Providers/RouteServiceProvider->Illuminate/Foundation/Support/Providers/{closure}()
#12 E:/laravel_project/passport-api/vendor/laravel/framework/src/Illuminate/Container/Util.php(43): Illuminate/Container/BoundMethod::Illuminate/Container/{closure}()
#13 E:/laravel_project/passport-api/vendor/laravel/framework/src/Illuminate/Container/BoundMethod.php(84): Illuminate/Container/Util::unwrapIfClosure(Object(Closure))
#14 E:/laravel_project/passport-api/vendor/laravel/framework/src/Illuminate/Container/BoundMethod.php(35): Illuminate/Container/BoundMethod::callBoundMethod(Object(Illuminate/Foundation/Application), Object(Closure), Object(Closure))
#15 E:/laravel_project/passport-api/vendor/laravel/framework/src/Illuminate/Container/Container.php(799): Illuminate/Container/BoundMethod::call(Object(Illuminate/Foundation/Application), Object(Closure), Array, NULL)
#16 E:/laravel_project/passport-api/vendor/laravel/framework/src/Illuminate/Support/ServiceProvider.php(150): Illuminate/Container/Container->call(Object(Closure))
#17 E:/laravel_project/passport-api/vendor/laravel/framework/src/Illuminate/Foundation/Application.php(1154): Illuminate/Support/ServiceProvider->callBootedCallbacks()
#18 E:/laravel_project/passport-api/vendor/laravel/framework/src/Illuminate/Foundation/Application.php(1132): Illuminate/Foundation/Application->bootProvider(Object(Illuminate/Foundation/Support/Providers/RouteServiceProvider))
#19 [internal function]: Illuminate/Foundation/Application->Illuminate/Foundation/{closure}(Object(Illuminate/Foundation/Support/Providers/RouteServiceProvider), 'Illuminate//Foun...')
#20 E:/laravel_project/passport-api/vendor/laravel/framework/src/Illuminate/Foundation/Application.php(1131): array_walk(Array, Object(Closure))
#21 E:/laravel_project/passport-api/vendor/laravel/framework/src/Illuminate/Foundation/Bootstrap/BootProviders.php(17): Illuminate/Foundation/Application->boot()
#22 E:/laravel_project/passport-api/vendor/laravel/framework/src/Illuminate/Foundation/Application.php(342): Illuminate/Foundation/Bootstrap/BootProviders->bootstrap(Object(Illuminate/Foundation/Application))
#23 E:/laravel_project/passport-api/vendor/laravel/framework/src/Illuminate/Foundation/Console/Kernel.php(494): Illuminate/Foundation/Application->bootstrapWith(Array)
#24 E:/laravel_project/passport-api/vendor/laravel/framework/src/Illuminate/Foundation/Console/Kernel.php(196): Illuminate/Foundation/Console/Kernel->bootstrap()
#25 Command line code(1): Illuminate/Foundation/Console/Kernel->handle(Object(Symfony/Component/Console/Input/ArgvInput), Object(Symfony/Component/Console/Output/ConsoleOutput))
#26 {main}
"} 
[2026-03-26 15:09:25] local.ERROR: syntax error, unexpected end of file {"exception":"[object] (ParseError(code: 0): syntax error, unexpected end of file at E:/laravel_project/passport-api/routes/api.php:24)
[stacktrace]
#0 E:/laravel_project/passport-api/vendor/laravel/framework/src/Illuminate/Routing/Router.php(526): Illuminate/Routing/RouteFileRegistrar->register('E://laravel_proj...')
#1 E:/laravel_project/passport-api/vendor/laravel/framework/src/Illuminate/Routing/Router.php(480): Illuminate/Routing/Router->loadRoutes('E://laravel_proj...')
#2 E:/laravel_project/passport-api/vendor/laravel/framework/src/Illuminate/Routing/RouteRegistrar.php(212): Illuminate/Routing/Router->group(Array, 'E://laravel_proj...')
#3 E:/laravel_project/passport-api/vendor/laravel/framework/src/Illuminate/Foundation/Configuration/ApplicationBuilder.php(214): Illuminate/Routing/RouteRegistrar->group('E://laravel_proj...')
#4 E:/laravel_project/passport-api/vendor/laravel/framework/src/Illuminate/Container/BoundMethod.php(36): Illuminate/Foundation/Configuration/ApplicationBuilder->Illuminate/Foundation/Configuration/{closure}()
#5 E:/laravel_project/passport-api/vendor/laravel/framework/src/Illuminate/Container/Util.php(43): Illuminate/Container/BoundMethod::Illuminate/Container/{closure}()
#6 E:/laravel_project/passport-api/vendor/laravel/framework/src/Illuminate/Container/BoundMethod.php(84): Illuminate/Container/Util::unwrapIfClosure(Object(Closure))
#7 E:/laravel_project/passport-api/vendor/laravel/framework/src/Illuminate/Container/BoundMethod.php(35): Illuminate/Container/BoundMethod::callBoundMethod(Object(Illuminate/Foundation/Application), Object(Closure), Object(Closure))
#8 E:/laravel_project/passport-api/vendor/laravel/framework/src/Illuminate/Container/Container.php(799): Illuminate/Container/BoundMethod::call(Object(Illuminate/Foundation/Application), Object(Closure), Array, NULL)
#9 E:/laravel_project/passport-api/vendor/laravel/framework/src/Illuminate/Foundation/Support/Providers/RouteServiceProvider.php(162): Illuminate/Container/Container->call(Object(Closure))
#10 E:/laravel_project/passport-api/vendor/laravel/framework/src/Illuminate/Foundation/Support/Providers/RouteServiceProvider.php(59): Illuminate/Foundation/Support/Providers/RouteServiceProvider->loadRoutes()
#11 E:/laravel_project/passport-api/vendor/laravel/framework/src/Illuminate/Container/BoundMethod.php(36): Illuminate/Foundation/Support/Providers/RouteServiceProvider->Illuminate/Foundation/Support/Providers/{closure}()
#12 E:/laravel_project/passport-api/vendor/laravel/framework/src/Illuminate/Container/Util.php(43): Illuminate/Container/BoundMethod::Illuminate/Container/{closure}()
#13 E:/laravel_project/passport-api/vendor/laravel/framework/src/Illuminate/Container/BoundMethod.php(84): Illuminate/Container/Util::unwrapIfClosure(Object(Closure))
#14 E:/laravel_project/passport-api/vendor/laravel/framework/src/Illuminate/Container/BoundMethod.php(35): Illuminate/Container/BoundMethod::callBoundMethod(Object(Illuminate/Foundation/Application), Object(Closure), Object(Closure))
#15 E:/laravel_project/passport-api/vendor/laravel/framework/src/Illuminate/Container/Container.php(799): Illuminate/Container/BoundMethod::call(Object(Illuminate/Foundation/Application), Object(Closure), Array, NULL)
#16 E:/laravel_project/passport-api/vendor/laravel/framework/src/Illuminate/Support/ServiceProvider.php(150): Illuminate/Container/Container->call(Object(Closure))
#17 E:/laravel_project/passport-api/vendor/laravel/framework/src/Illuminate/Foundation/Application.php(1154): Illuminate/Support/ServiceProvider->callBootedCallbacks()
#18 E:/laravel_project/passport-api/vendor/laravel/framework/src/Illuminate/Foundation/Application.php(1132): Illuminate/Foundation/Application->bootProvider(Object(Illuminate/Foundation/Support/Providers/RouteServiceProvider))
#19 [internal function]: Illuminate/Foundation/Application->Illuminate/Foundation/{closure}(Object(Illuminate/Foundation/Support/Providers/RouteServiceProvider), 'Illuminate//Foun...')
#20 E:/laravel_project/passport-api/vendor/laravel/framework/src/Illuminate/Foundation/Application.php(1131): array_walk(Array, Object(Closure))
#21 E:/laravel_project/passport-api/vendor/laravel/framework/src/Illuminate/Foundation/Bootstrap/BootProviders.php(17): Illuminate/Foundation/Application->boot()
#22 E:/laravel_project/passport-api/vendor/laravel/framework/src/Illuminate/Foundation/Application.php(342): Illuminate/Foundation/Bootstrap/BootProviders->bootstrap(Object(Illuminate/Foundation/Application))
#23 E:/laravel_project/passport-api/vendor/laravel/framework/src/Illuminate/Foundation/Console/Kernel.php(494): Illuminate/Foundation/Application->bootstrapWith(Array)
#24 E:/laravel_project/passport-api/vendor/laravel/framework/src/Illuminate/Foundation/Console/Kernel.php(196): Illuminate/Foundation/Console/Kernel->bootstrap()
#25 Command line code(1): Illuminate/Foundation/Console/Kernel->handle(Object(Symfony/Component/Console/Input/ArgvInput), Object(Symfony/Component/Console/Output/ConsoleOutput))
#26 {main}
"} 
[2026-03-26 15:09:36] local.ERROR: syntax error, unexpected end of file {"exception":"[object] (ParseError(code: 0): syntax error, unexpected end of file at E:/laravel_project/passport-api/routes/api.php:24)
[stacktrace]
#0 E:/laravel_project/passport-api/vendor/laravel/framework/src/Illuminate/Routing/Router.php(526): Illuminate/Routing/RouteFileRegistrar->register('E://laravel_proj...')
#1 E:/laravel_project/passport-api/vendor/laravel/framework/src/Illuminate/Routing/Router.php(480): Illuminate/Routing/Router->loadRoutes('E://laravel_proj...')
#2 E:/laravel_project/passport-api/vendor/laravel/framework/src/Illuminate/Routing/RouteRegistrar.php(212): Illuminate/Routing/Router->group(Array, 'E://laravel_proj...')
#3 E:/laravel_project/passport-api/vendor/laravel/framework/src/Illuminate/Foundation/Configuration/ApplicationBuilder.php(214): Illuminate/Routing/RouteRegistrar->group('E://laravel_proj...')
#4 E:/laravel_project/passport-api/vendor/laravel/framework/src/Illuminate/Container/BoundMethod.php(36): Illuminate/Foundation/Configuration/ApplicationBuilder->Illuminate/Foundation/Configuration/{closure}()
#5 E:/laravel_project/passport-api/vendor/laravel/framework/src/Illuminate/Container/Util.php(43): Illuminate/Container/BoundMethod::Illuminate/Container/{closure}()
#6 E:/laravel_project/passport-api/vendor/laravel/framework/src/Illuminate/Container/BoundMethod.php(84): Illuminate/Container/Util::unwrapIfClosure(Object(Closure))
#7 E:/laravel_project/passport-api/vendor/laravel/framework/src/Illuminate/Container/BoundMethod.php(35): Illuminate/Container/BoundMethod::callBoundMethod(Object(Illuminate/Foundation/Application), Object(Closure), Object(Closure))
#8 E:/laravel_project/passport-api/vendor/laravel/framework/src/Illuminate/Container/Container.php(799): Illuminate/Container/BoundMethod::call(Object(Illuminate/Foundation/Application), Object(Closure), Array, NULL)
#9 E:/laravel_project/passport-api/vendor/laravel/framework/src/Illuminate/Foundation/Support/Providers/RouteServiceProvider.php(162): Illuminate/Container/Container->call(Object(Closure))
#10 E:/laravel_project/passport-api/vendor/laravel/framework/src/Illuminate/Foundation/Support/Providers/RouteServiceProvider.php(59): Illuminate/Foundation/Support/Providers/RouteServiceProvider->loadRoutes()
#11 E:/laravel_project/passport-api/vendor/laravel/framework/src/Illuminate/Container/BoundMethod.php(36): Illuminate/Foundation/Support/Providers/RouteServiceProvider->Illuminate/Foundation/Support/Providers/{closure}()
#12 E:/laravel_project/passport-api/vendor/laravel/framework/src/Illuminate/Container/Util.php(43): Illuminate/Container/BoundMethod::Illuminate/Container/{closure}()
#13 E:/laravel_project/passport-api/vendor/laravel/framework/src/Illuminate/Container/BoundMethod.php(84): Illuminate/Container/Util::unwrapIfClosure(Object(Closure))
#14 E:/laravel_project/passport-api/vendor/laravel/framework/src/Illuminate/Container/BoundMethod.php(35): Illuminate/Container/BoundMethod::callBoundMethod(Object(Illuminate/Foundation/Application), Object(Closure), Object(Closure))
#15 E:/laravel_project/passport-api/vendor/laravel/framework/src/Illuminate/Container/Container.php(799): Illuminate/Container/BoundMethod::call(Object(Illuminate/Foundation/Application), Object(Closure), Array, NULL)
#16 E:/laravel_project/passport-api/vendor/laravel/framework/src/Illuminate/Support/ServiceProvider.php(150): Illuminate/Container/Container->call(Object(Closure))
#17 E:/laravel_project/passport-api/vendor/laravel/framework/src/Illuminate/Foundation/Application.php(1154): Illuminate/Support/ServiceProvider->callBootedCallbacks()
#18 E:/laravel_project/passport-api/vendor/laravel/framework/src/Illuminate/Foundation/Application.php(1132): Illuminate/Foundation/Application->bootProvider(Object(Illuminate/Foundation/Support/Providers/RouteServiceProvider))
#19 [internal function]: Illuminate/Foundation/Application->Illuminate/Foundation/{closure}(Object(Illuminate/Foundation/Support/Providers/RouteServiceProvider), 'Illuminate//Foun...')
#20 E:/laravel_project/passport-api/vendor/laravel/framework/src/Illuminate/Foundation/Application.php(1131): array_walk(Array, Object(Closure))
#21 E:/laravel_project/passport-api/vendor/laravel/framework/src/Illuminate/Foundation/Bootstrap/BootProviders.php(17): Illuminate/Foundation/Application->boot()
#22 E:/laravel_project/passport-api/vendor/laravel/framework/src/Illuminate/Foundation/Application.php(342): Illuminate/Foundation/Bootstrap/BootProviders->bootstrap(Object(Illuminate/Foundation/Application))
#23 E:/laravel_project/passport-api/vendor/laravel/framework/src/Illuminate/Foundation/Console/Kernel.php(494): Illuminate/Foundation/Application->bootstrapWith(Array)
#24 E:/laravel_project/passport-api/vendor/laravel/framework/src/Illuminate/Foundation/Console/Kernel.php(196): Illuminate/Foundation/Console/Kernel->bootstrap()
#25 Command line code(1): Illuminate/Foundation/Console/Kernel->handle(Object(Symfony/Component/Console/Input/ArgvInput), Object(Symfony/Component/Console/Output/ConsoleOutput))
#26 {main}
"} 
[2026-03-26 15:09:42] local.ERROR: syntax error, unexpected end of file {"exception":"[object] (ParseError(code: 0): syntax error, unexpected end of file at E:/laravel_project/passport-api/routes/api.php:24)
[stacktrace]
#0 E:/laravel_project/passport-api/vendor/laravel/framework/src/Illuminate/Routing/Router.php(526): Illuminate/Routing/RouteFileRegistrar->register('E://laravel_proj...')
#1 E:/laravel_project/passport-api/vendor/laravel/framework/src/Illuminate/Routing/Router.php(480): Illuminate/Routing/Router->loadRoutes('E://laravel_proj...')
#2 E:/laravel_project/passport-api/vendor/laravel/framework/src/Illuminate/Routing/RouteRegistrar.php(212): Illuminate/Routing/Router->group(Array, 'E://laravel_proj...')
#3 E:/laravel_project/passport-api/vendor/laravel/framework/src/Illuminate/Foundation/Configuration/ApplicationBuilder.php(214): Illuminate/Routing/RouteRegistrar->group('E://laravel_proj...')
#4 E:/laravel_project/passport-api/vendor/laravel/framework/src/Illuminate/Container/BoundMethod.php(36): Illuminate/Foundation/Configuration/ApplicationBuilder->Illuminate/Foundation/Configuration/{closure}()
#5 E:/laravel_project/passport-api/vendor/laravel/framework/src/Illuminate/Container/Util.php(43): Illuminate/Container/BoundMethod::Illuminate/Container/{closure}()
#6 E:/laravel_project/passport-api/vendor/laravel/framework/src/Illuminate/Container/BoundMethod.php(84): Illuminate/Container/Util::unwrapIfClosure(Object(Closure))
#7 E:/laravel_project/passport-api/vendor/laravel/framework/src/Illuminate/Container/BoundMethod.php(35): Illuminate/Container/BoundMethod::callBoundMethod(Object(Illuminate/Foundation/Application), Object(Closure), Object(Closure))
#8 E:/laravel_project/passport-api/vendor/laravel/framework/src/Illuminate/Container/Container.php(799): Illuminate/Container/BoundMethod::call(Object(Illuminate/Foundation/Application), Object(Closure), Array, NULL)
#9 E:/laravel_project/passport-api/vendor/laravel/framework/src/Illuminate/Foundation/Support/Providers/RouteServiceProvider.php(162): Illuminate/Container/Container->call(Object(Closure))
#10 E:/laravel_project/passport-api/vendor/laravel/framework/src/Illuminate/Foundation/Support/Providers/RouteServiceProvider.php(59): Illuminate/Foundation/Support/Providers/RouteServiceProvider->loadRoutes()
#11 E:/laravel_project/passport-api/vendor/laravel/framework/src/Illuminate/Container/BoundMethod.php(36): Illuminate/Foundation/Support/Providers/RouteServiceProvider->Illuminate/Foundation/Support/Providers/{closure}()
#12 E:/laravel_project/passport-api/vendor/laravel/framework/src/Illuminate/Container/Util.php(43): Illuminate/Container/BoundMethod::Illuminate/Container/{closure}()
#13 E:/laravel_project/passport-api/vendor/laravel/framework/src/Illuminate/Container/BoundMethod.php(84): Illuminate/Container/Util::unwrapIfClosure(Object(Closure))
#14 E:/laravel_project/passport-api/vendor/laravel/framework/src/Illuminate/Container/BoundMethod.php(35): Illuminate/Container/BoundMethod::callBoundMethod(Object(Illuminate/Foundation/Application), Object(Closure), Object(Closure))
#15 E:/laravel_project/passport-api/vendor/laravel/framework/src/Illuminate/Container/Container.php(799): Illuminate/Container/BoundMethod::call(Object(Illuminate/Foundation/Application), Object(Closure), Array, NULL)
#16 E:/laravel_project/passport-api/vendor/laravel/framework/src/Illuminate/Support/ServiceProvider.php(150): Illuminate/Container/Container->call(Object(Closure))
#17 E:/laravel_project/passport-api/vendor/laravel/framework/src/Illuminate/Foundation/Application.php(1154): Illuminate/Support/ServiceProvider->callBootedCallbacks()
#18 E:/laravel_project/passport-api/vendor/laravel/framework/src/Illuminate/Foundation/Application.php(1132): Illuminate/Foundation/Application->bootProvider(Object(Illuminate/Foundation/Support/Providers/RouteServiceProvider))
#19 [internal function]: Illuminate/Foundation/Application->Illuminate/Foundation/{closure}(Object(Illuminate/Foundation/Support/Providers/RouteServiceProvider), 'Illuminate//Foun...')
#20 E:/laravel_project/passport-api/vendor/laravel/framework/src/Illuminate/Foundation/Application.php(1131): array_walk(Array, Object(Closure))
#21 E:/laravel_project/passport-api/vendor/laravel/framework/src/Illuminate/Foundation/Bootstrap/BootProviders.php(17): Illuminate/Foundation/Application->boot()
#22 E:/laravel_project/passport-api/vendor/laravel/framework/src/Illuminate/Foundation/Application.php(342): Illuminate/Foundation/Bootstrap/BootProviders->bootstrap(Object(Illuminate/Foundation/Application))
#23 E:/laravel_project/passport-api/vendor/laravel/framework/src/Illuminate/Foundation/Console/Kernel.php(494): Illuminate/Foundation/Application->bootstrapWith(Array)
#24 E:/laravel_project/passport-api/vendor/laravel/framework/src/Illuminate/Foundation/Console/Kernel.php(196): Illuminate/Foundation/Console/Kernel->bootstrap()
#25 Command line code(1): Illuminate/Foundation/Console/Kernel->handle(Object(Symfony/Component/Console/Input/ArgvInput), Object(Symfony/Component/Console/Output/ConsoleOutput))
#26 {main}
"} 
[2026-03-26 15:09:52] local.ERROR: syntax error, unexpected end of file {"exception":"[object] (ParseError(code: 0): syntax error, unexpected end of file at E:/laravel_project/passport-api/routes/api.php:24)
[stacktrace]
#0 E:/laravel_project/passport-api/vendor/laravel/framework/src/Illuminate/Routing/Router.php(526): Illuminate/Routing/RouteFileRegistrar->register('E://laravel_proj...')
#1 E:/laravel_project/passport-api/vendor/laravel/framework/src/Illuminate/Routing/Router.php(480): Illuminate/Routing/Router->loadRoutes('E://laravel_proj...')
#2 E:/laravel_project/passport-api/vendor/laravel/framework/src/Illuminate/Routing/RouteRegistrar.php(212): Illuminate/Routing/Router->group(Array, 'E://laravel_proj...')
#3 E:/laravel_project/passport-api/vendor/laravel/framework/src/Illuminate/Foundation/Configuration/ApplicationBuilder.php(214): Illuminate/Routing/RouteRegistrar->group('E://laravel_proj...')
#4 E:/laravel_project/passport-api/vendor/laravel/framework/src/Illuminate/Container/BoundMethod.php(36): Illuminate/Foundation/Configuration/ApplicationBuilder->Illuminate/Foundation/Configuration/{closure}()
#5 E:/laravel_project/passport-api/vendor/laravel/framework/src/Illuminate/Container/Util.php(43): Illuminate/Container/BoundMethod::Illuminate/Container/{closure}()
#6 E:/laravel_project/passport-api/vendor/laravel/framework/src/Illuminate/Container/BoundMethod.php(84): Illuminate/Container/Util::unwrapIfClosure(Object(Closure))
#7 E:/laravel_project/passport-api/vendor/laravel/framework/src/Illuminate/Container/BoundMethod.php(35): Illuminate/Container/BoundMethod::callBoundMethod(Object(Illuminate/Foundation/Application), Object(Closure), Object(Closure))
#8 E:/laravel_project/passport-api/vendor/laravel/framework/src/Illuminate/Container/Container.php(799): Illuminate/Container/BoundMethod::call(Object(Illuminate/Foundation/Application), Object(Closure), Array, NULL)
#9 E:/laravel_project/passport-api/vendor/laravel/framework/src/Illuminate/Foundation/Support/Providers/RouteServiceProvider.php(162): Illuminate/Container/Container->call(Object(Closure))
#10 E:/laravel_project/passport-api/vendor/laravel/framework/src/Illuminate/Foundation/Support/Providers/RouteServiceProvider.php(59): Illuminate/Foundation/Support/Providers/RouteServiceProvider->loadRoutes()
#11 E:/laravel_project/passport-api/vendor/laravel/framework/src/Illuminate/Container/BoundMethod.php(36): Illuminate/Foundation/Support/Providers/RouteServiceProvider->Illuminate/Foundation/Support/Providers/{closure}()
#12 E:/laravel_project/passport-api/vendor/laravel/framework/src/Illuminate/Container/Util.php(43): Illuminate/Container/BoundMethod::Illuminate/Container/{closure}()
#13 E:/laravel_project/passport-api/vendor/laravel/framework/src/Illuminate/Container/BoundMethod.php(84): Illuminate/Container/Util::unwrapIfClosure(Object(Closure))
#14 E:/laravel_project/passport-api/vendor/laravel/framework/src/Illuminate/Container/BoundMethod.php(35): Illuminate/Container/BoundMethod::callBoundMethod(Object(Illuminate/Foundation/Application), Object(Closure), Object(Closure))
#15 E:/laravel_project/passport-api/vendor/laravel/framework/src/Illuminate/Container/Container.php(799): Illuminate/Container/BoundMethod::call(Object(Illuminate/Foundation/Application), Object(Closure), Array, NULL)
#16 E:/laravel_project/passport-api/vendor/laravel/framework/src/Illuminate/Support/ServiceProvider.php(150): Illuminate/Container/Container->call(Object(Closure))
#17 E:/laravel_project/passport-api/vendor/laravel/framework/src/Illuminate/Foundation/Application.php(1154): Illuminate/Support/ServiceProvider->callBootedCallbacks()
#18 E:/laravel_project/passport-api/vendor/laravel/framework/src/Illuminate/Foundation/Application.php(1132): Illuminate/Foundation/Application->bootProvider(Object(Illuminate/Foundation/Support/Providers/RouteServiceProvider))
#19 [internal function]: Illuminate/Foundation/Application->Illuminate/Foundation/{closure}(Object(Illuminate/Foundation/Support/Providers/RouteServiceProvider), 'Illuminate//Foun...')
#20 E:/laravel_project/passport-api/vendor/laravel/framework/src/Illuminate/Foundation/Application.php(1131): array_walk(Array, Object(Closure))
#21 E:/laravel_project/passport-api/vendor/laravel/framework/src/Illuminate/Foundation/Bootstrap/BootProviders.php(17): Illuminate/Foundation/Application->boot()
#22 E:/laravel_project/passport-api/vendor/laravel/framework/src/Illuminate/Foundation/Application.php(342): Illuminate/Foundation/Bootstrap/BootProviders->bootstrap(Object(Illuminate/Foundation/Application))
#23 E:/laravel_project/passport-api/vendor/laravel/framework/src/Illuminate/Foundation/Console/Kernel.php(494): Illuminate/Foundation/Application->bootstrapWith(Array)
#24 E:/laravel_project/passport-api/vendor/laravel/framework/src/Illuminate/Foundation/Console/Kernel.php(196): Illuminate/Foundation/Console/Kernel->bootstrap()
#25 Command line code(1): Illuminate/Foundation/Console/Kernel->handle(Object(Symfony/Component/Console/Input/ArgvInput), Object(Symfony/Component/Console/Output/ConsoleOutput))
#26 {main}
"} 
[2026-03-26 15:10:07] local.ERROR: syntax error, unexpected end of file {"exception":"[object] (ParseError(code: 0): syntax error, unexpected end of file at E:/laravel_project/passport-api/routes/api.php:24)
[stacktrace]
#0 E:/laravel_project/passport-api/vendor/laravel/framework/src/Illuminate/Routing/Router.php(526): Illuminate/Routing/RouteFileRegistrar->register('E://laravel_proj...')
#1 E:/laravel_project/passport-api/vendor/laravel/framework/src/Illuminate/Routing/Router.php(480): Illuminate/Routing/Router->loadRoutes('E://laravel_proj...')
#2 E:/laravel_project/passport-api/vendor/laravel/framework/src/Illuminate/Routing/RouteRegistrar.php(212): Illuminate/Routing/Router->group(Array, 'E://laravel_proj...')
#3 E:/laravel_project/passport-api/vendor/laravel/framework/src/Illuminate/Foundation/Configuration/ApplicationBuilder.php(214): Illuminate/Routing/RouteRegistrar->group('E://laravel_proj...')
#4 E:/laravel_project/passport-api/vendor/laravel/framework/src/Illuminate/Container/BoundMethod.php(36): Illuminate/Foundation/Configuration/ApplicationBuilder->Illuminate/Foundation/Configuration/{closure}()
#5 E:/laravel_project/passport-api/vendor/laravel/framework/src/Illuminate/Container/Util.php(43): Illuminate/Container/BoundMethod::Illuminate/Container/{closure}()
#6 E:/laravel_project/passport-api/vendor/laravel/framework/src/Illuminate/Container/BoundMethod.php(84): Illuminate/Container/Util::unwrapIfClosure(Object(Closure))
#7 E:/laravel_project/passport-api/vendor/laravel/framework/src/Illuminate/Container/BoundMethod.php(35): Illuminate/Container/BoundMethod::callBoundMethod(Object(Illuminate/Foundation/Application), Object(Closure), Object(Closure))
#8 E:/laravel_project/passport-api/vendor/laravel/framework/src/Illuminate/Container/Container.php(799): Illuminate/Container/BoundMethod::call(Object(Illuminate/Foundation/Application), Object(Closure), Array, NULL)
#9 E:/laravel_project/passport-api/vendor/laravel/framework/src/Illuminate/Foundation/Support/Providers/RouteServiceProvider.php(162): Illuminate/Container/Container->call(Object(Closure))
#10 E:/laravel_project/passport-api/vendor/laravel/framework/src/Illuminate/Foundation/Support/Providers/RouteServiceProvider.php(59): Illuminate/Foundation/Support/Providers/RouteServiceProvider->loadRoutes()
#11 E:/laravel_project/passport-api/vendor/laravel/framework/src/Illuminate/Container/BoundMethod.php(36): Illuminate/Foundation/Support/Providers/RouteServiceProvider->Illuminate/Foundation/Support/Providers/{closure}()
#12 E:/laravel_project/passport-api/vendor/laravel/framework/src/Illuminate/Container/Util.php(43): Illuminate/Container/BoundMethod::Illuminate/Container/{closure}()
#13 E:/laravel_project/passport-api/vendor/laravel/framework/src/Illuminate/Container/BoundMethod.php(84): Illuminate/Container/Util::unwrapIfClosure(Object(Closure))
#14 E:/laravel_project/passport-api/vendor/laravel/framework/src/Illuminate/Container/BoundMethod.php(35): Illuminate/Container/BoundMethod::callBoundMethod(Object(Illuminate/Foundation/Application), Object(Closure), Object(Closure))
#15 E:/laravel_project/passport-api/vendor/laravel/framework/src/Illuminate/Container/Container.php(799): Illuminate/Container/BoundMethod::call(Object(Illuminate/Foundation/Application), Object(Closure), Array, NULL)
#16 E:/laravel_project/passport-api/vendor/laravel/framework/src/Illuminate/Support/ServiceProvider.php(150): Illuminate/Container/Container->call(Object(Closure))
#17 E:/laravel_project/passport-api/vendor/laravel/framework/src/Illuminate/Foundation/Application.php(1154): Illuminate/Support/ServiceProvider->callBootedCallbacks()
#18 E:/laravel_project/passport-api/vendor/laravel/framework/src/Illuminate/Foundation/Application.php(1132): Illuminate/Foundation/Application->bootProvider(Object(Illuminate/Foundation/Support/Providers/RouteServiceProvider))
#19 [internal function]: Illuminate/Foundation/Application->Illuminate/Foundation/{closure}(Object(Illuminate/Foundation/Support/Providers/RouteServiceProvider), 'Illuminate//Foun...')
#20 E:/laravel_project/passport-api/vendor/laravel/framework/src/Illuminate/Foundation/Application.php(1131): array_walk(Array, Object(Closure))
#21 E:/laravel_project/passport-api/vendor/laravel/framework/src/Illuminate/Foundation/Bootstrap/BootProviders.php(17): Illuminate/Foundation/Application->boot()
#22 E:/laravel_project/passport-api/vendor/laravel/framework/src/Illuminate/Foundation/Application.php(342): Illuminate/Foundation/Bootstrap/BootProviders->bootstrap(Object(Illuminate/Foundation/Application))
#23 E:/laravel_project/passport-api/vendor/laravel/framework/src/Illuminate/Foundation/Console/Kernel.php(494): Illuminate/Foundation/Application->bootstrapWith(Array)
#24 E:/laravel_project/passport-api/vendor/laravel/framework/src/Illuminate/Foundation/Console/Kernel.php(196): Illuminate/Foundation/Console/Kernel->bootstrap()
#25 Command line code(1): Illuminate/Foundation/Console/Kernel->handle(Object(Symfony/Component/Console/Input/ArgvInput), Object(Symfony/Component/Console/Output/ConsoleOutput))
#26 {main}
"} 
[2026-03-26 15:10:07] local.ERROR: syntax error, unexpected end of file {"exception":"[object] (ParseError(code: 0): syntax error, unexpected end of file at E:/laravel_project/passport-api/routes/api.php:24)
[stacktrace]
#0 E:/laravel_project/passport-api/vendor/laravel/framework/src/Illuminate/Routing/Router.php(526): Illuminate/Routing/RouteFileRegistrar->register('E://laravel_proj...')
#1 E:/laravel_project/passport-api/vendor/laravel/framework/src/Illuminate/Routing/Router.php(480): Illuminate/Routing/Router->loadRoutes('E://laravel_proj...')
#2 E:/laravel_project/passport-api/vendor/laravel/framework/src/Illuminate/Routing/RouteRegistrar.php(212): Illuminate/Routing/Router->group(Array, 'E://laravel_proj...')
#3 E:/laravel_project/passport-api/vendor/laravel/framework/src/Illuminate/Foundation/Configuration/ApplicationBuilder.php(214): Illuminate/Routing/RouteRegistrar->group('E://laravel_proj...')
#4 E:/laravel_project/passport-api/vendor/laravel/framework/src/Illuminate/Container/BoundMethod.php(36): Illuminate/Foundation/Configuration/ApplicationBuilder->Illuminate/Foundation/Configuration/{closure}()
#5 E:/laravel_project/passport-api/vendor/laravel/framework/src/Illuminate/Container/Util.php(43): Illuminate/Container/BoundMethod::Illuminate/Container/{closure}()
#6 E:/laravel_project/passport-api/vendor/laravel/framework/src/Illuminate/Container/BoundMethod.php(84): Illuminate/Container/Util::unwrapIfClosure(Object(Closure))
#7 E:/laravel_project/passport-api/vendor/laravel/framework/src/Illuminate/Container/BoundMethod.php(35): Illuminate/Container/BoundMethod::callBoundMethod(Object(Illuminate/Foundation/Application), Object(Closure), Object(Closure))
#8 E:/laravel_project/passport-api/vendor/laravel/framework/src/Illuminate/Container/Container.php(799): Illuminate/Container/BoundMethod::call(Object(Illuminate/Foundation/Application), Object(Closure), Array, NULL)
#9 E:/laravel_project/passport-api/vendor/laravel/framework/src/Illuminate/Foundation/Support/Providers/RouteServiceProvider.php(162): Illuminate/Container/Container->call(Object(Closure))
#10 E:/laravel_project/passport-api/vendor/laravel/framework/src/Illuminate/Foundation/Support/Providers/RouteServiceProvider.php(59): Illuminate/Foundation/Support/Providers/RouteServiceProvider->loadRoutes()
#11 E:/laravel_project/passport-api/vendor/laravel/framework/src/Illuminate/Container/BoundMethod.php(36): Illuminate/Foundation/Support/Providers/RouteServiceProvider->Illuminate/Foundation/Support/Providers/{closure}()
#12 E:/laravel_project/passport-api/vendor/laravel/framework/src/Illuminate/Container/Util.php(43): Illuminate/Container/BoundMethod::Illuminate/Container/{closure}()
#13 E:/laravel_project/passport-api/vendor/laravel/framework/src/Illuminate/Container/BoundMethod.php(84): Illuminate/Container/Util::unwrapIfClosure(Object(Closure))
#14 E:/laravel_project/passport-api/vendor/laravel/framework/src/Illuminate/Container/BoundMethod.php(35): Illuminate/Container/BoundMethod::callBoundMethod(Object(Illuminate/Foundation/Application), Object(Closure), Object(Closure))
#15 E:/laravel_project/passport-api/vendor/laravel/framework/src/Illuminate/Container/Container.php(799): Illuminate/Container/BoundMethod::call(Object(Illuminate/Foundation/Application), Object(Closure), Array, NULL)
#16 E:/laravel_project/passport-api/vendor/laravel/framework/src/Illuminate/Support/ServiceProvider.php(150): Illuminate/Container/Container->call(Object(Closure))
#17 E:/laravel_project/passport-api/vendor/laravel/framework/src/Illuminate/Foundation/Application.php(1154): Illuminate/Support/ServiceProvider->callBootedCallbacks()
#18 E:/laravel_project/passport-api/vendor/laravel/framework/src/Illuminate/Foundation/Application.php(1132): Illuminate/Foundation/Application->bootProvider(Object(Illuminate/Foundation/Support/Providers/RouteServiceProvider))
#19 [internal function]: Illuminate/Foundation/Application->Illuminate/Foundation/{closure}(Object(Illuminate/Foundation/Support/Providers/RouteServiceProvider), 'Illuminate//Foun...')
#20 E:/laravel_project/passport-api/vendor/laravel/framework/src/Illuminate/Foundation/Application.php(1131): array_walk(Array, Object(Closure))
#21 E:/laravel_project/passport-api/vendor/laravel/framework/src/Illuminate/Foundation/Bootstrap/BootProviders.php(17): Illuminate/Foundation/Application->boot()
#22 E:/laravel_project/passport-api/vendor/laravel/framework/src/Illuminate/Foundation/Application.php(342): Illuminate/Foundation/Bootstrap/BootProviders->bootstrap(Object(Illuminate/Foundation/Application))
#23 E:/laravel_project/passport-api/vendor/laravel/framework/src/Illuminate/Foundation/Console/Kernel.php(494): Illuminate/Foundation/Application->bootstrapWith(Array)
#24 E:/laravel_project/passport-api/vendor/laravel/framework/src/Illuminate/Foundation/Console/Kernel.php(196): Illuminate/Foundation/Console/Kernel->bootstrap()
#25 Command line code(1): Illuminate/Foundation/Console/Kernel->handle(Object(Symfony/Component/Console/Input/ArgvInput), Object(Symfony/Component/Console/Output/ConsoleOutput))
#26 {main}
"} 
[2026-03-26 15:10:10] local.ERROR: syntax error, unexpected end of file {"exception":"[object] (ParseError(code: 0): syntax error, unexpected end of file at E:/laravel_project/passport-api/routes/api.php:24)
[stacktrace]
#0 E:/laravel_project/passport-api/vendor/laravel/framework/src/Illuminate/Routing/Router.php(526): Illuminate/Routing/RouteFileRegistrar->register('E://laravel_proj...')
#1 E:/laravel_project/passport-api/vendor/laravel/framework/src/Illuminate/Routing/Router.php(480): Illuminate/Routing/Router->loadRoutes('E://laravel_proj...')
#2 E:/laravel_project/passport-api/vendor/laravel/framework/src/Illuminate/Routing/RouteRegistrar.php(212): Illuminate/Routing/Router->group(Array, 'E://laravel_proj...')
#3 E:/laravel_project/passport-api/vendor/laravel/framework/src/Illuminate/Foundation/Configuration/ApplicationBuilder.php(214): Illuminate/Routing/RouteRegistrar->group('E://laravel_proj...')
#4 E:/laravel_project/passport-api/vendor/laravel/framework/src/Illuminate/Container/BoundMethod.php(36): Illuminate/Foundation/Configuration/ApplicationBuilder->Illuminate/Foundation/Configuration/{closure}()
#5 E:/laravel_project/passport-api/vendor/laravel/framework/src/Illuminate/Container/Util.php(43): Illuminate/Container/BoundMethod::Illuminate/Container/{closure}()
#6 E:/laravel_project/passport-api/vendor/laravel/framework/src/Illuminate/Container/BoundMethod.php(84): Illuminate/Container/Util::unwrapIfClosure(Object(Closure))
#7 E:/laravel_project/passport-api/vendor/laravel/framework/src/Illuminate/Container/BoundMethod.php(35): Illuminate/Container/BoundMethod::callBoundMethod(Object(Illuminate/Foundation/Application), Object(Closure), Object(Closure))
#8 E:/laravel_project/passport-api/vendor/laravel/framework/src/Illuminate/Container/Container.php(799): Illuminate/Container/BoundMethod::call(Object(Illuminate/Foundation/Application), Object(Closure), Array, NULL)
#9 E:/laravel_project/passport-api/vendor/laravel/framework/src/Illuminate/Foundation/Support/Providers/RouteServiceProvider.php(162): Illuminate/Container/Container->call(Object(Closure))
#10 E:/laravel_project/passport-api/vendor/laravel/framework/src/Illuminate/Foundation/Support/Providers/RouteServiceProvider.php(59): Illuminate/Foundation/Support/Providers/RouteServiceProvider->loadRoutes()
#11 E:/laravel_project/passport-api/vendor/laravel/framework/src/Illuminate/Container/BoundMethod.php(36): Illuminate/Foundation/Support/Providers/RouteServiceProvider->Illuminate/Foundation/Support/Providers/{closure}()
#12 E:/laravel_project/passport-api/vendor/laravel/framework/src/Illuminate/Container/Util.php(43): Illuminate/Container/BoundMethod::Illuminate/Container/{closure}()
#13 E:/laravel_project/passport-api/vendor/laravel/framework/src/Illuminate/Container/BoundMethod.php(84): Illuminate/Container/Util::unwrapIfClosure(Object(Closure))
#14 E:/laravel_project/passport-api/vendor/laravel/framework/src/Illuminate/Container/BoundMethod.php(35): Illuminate/Container/BoundMethod::callBoundMethod(Object(Illuminate/Foundation/Application), Object(Closure), Object(Closure))
#15 E:/laravel_project/passport-api/vendor/laravel/framework/src/Illuminate/Container/Container.php(799): Illuminate/Container/BoundMethod::call(Object(Illuminate/Foundation/Application), Object(Closure), Array, NULL)
#16 E:/laravel_project/passport-api/vendor/laravel/framework/src/Illuminate/Support/ServiceProvider.php(150): Illuminate/Container/Container->call(Object(Closure))
#17 E:/laravel_project/passport-api/vendor/laravel/framework/src/Illuminate/Foundation/Application.php(1154): Illuminate/Support/ServiceProvider->callBootedCallbacks()
#18 E:/laravel_project/passport-api/vendor/laravel/framework/src/Illuminate/Foundation/Application.php(1132): Illuminate/Foundation/Application->bootProvider(Object(Illuminate/Foundation/Support/Providers/RouteServiceProvider))
#19 [internal function]: Illuminate/Foundation/Application->Illuminate/Foundation/{closure}(Object(Illuminate/Foundation/Support/Providers/RouteServiceProvider), 'Illuminate//Foun...')
#20 E:/laravel_project/passport-api/vendor/laravel/framework/src/Illuminate/Foundation/Application.php(1131): array_walk(Array, Object(Closure))
#21 E:/laravel_project/passport-api/vendor/laravel/framework/src/Illuminate/Foundation/Bootstrap/BootProviders.php(17): Illuminate/Foundation/Application->boot()
#22 E:/laravel_project/passport-api/vendor/laravel/framework/src/Illuminate/Foundation/Application.php(342): Illuminate/Foundation/Bootstrap/BootProviders->bootstrap(Object(Illuminate/Foundation/Application))
#23 E:/laravel_project/passport-api/vendor/laravel/framework/src/Illuminate/Foundation/Console/Kernel.php(494): Illuminate/Foundation/Application->bootstrapWith(Array)
#24 E:/laravel_project/passport-api/vendor/laravel/framework/src/Illuminate/Foundation/Console/Kernel.php(196): Illuminate/Foundation/Console/Kernel->bootstrap()
#25 Command line code(1): Illuminate/Foundation/Console/Kernel->handle(Object(Symfony/Component/Console/Input/ArgvInput), Object(Symfony/Component/Console/Output/ConsoleOutput))
#26 {main}
"} 
[2026-03-26 15:10:19] local.ERROR: syntax error, unexpected end of file {"exception":"[object] (ParseError(code: 0): syntax error, unexpected end of file at E:/laravel_project/passport-api/routes/api.php:24)
[stacktrace]
#0 E:/laravel_project/passport-api/vendor/laravel/framework/src/Illuminate/Routing/Router.php(526): Illuminate/Routing/RouteFileRegistrar->register('E://laravel_proj...')
#1 E:/laravel_project/passport-api/vendor/laravel/framework/src/Illuminate/Routing/Router.php(480): Illuminate/Routing/Router->loadRoutes('E://laravel_proj...')
#2 E:/laravel_project/passport-api/vendor/laravel/framework/src/Illuminate/Routing/RouteRegistrar.php(212): Illuminate/Routing/Router->group(Array, 'E://laravel_proj...')
#3 E:/laravel_project/passport-api/vendor/laravel/framework/src/Illuminate/Foundation/Configuration/ApplicationBuilder.php(214): Illuminate/Routing/RouteRegistrar->group('E://laravel_proj...')
#4 E:/laravel_project/passport-api/vendor/laravel/framework/src/Illuminate/Container/BoundMethod.php(36): Illuminate/Foundation/Configuration/ApplicationBuilder->Illuminate/Foundation/Configuration/{closure}()
#5 E:/laravel_project/passport-api/vendor/laravel/framework/src/Illuminate/Container/Util.php(43): Illuminate/Container/BoundMethod::Illuminate/Container/{closure}()
#6 E:/laravel_project/passport-api/vendor/laravel/framework/src/Illuminate/Container/BoundMethod.php(84): Illuminate/Container/Util::unwrapIfClosure(Object(Closure))
#7 E:/laravel_project/passport-api/vendor/laravel/framework/src/Illuminate/Container/BoundMethod.php(35): Illuminate/Container/BoundMethod::callBoundMethod(Object(Illuminate/Foundation/Application), Object(Closure), Object(Closure))
#8 E:/laravel_project/passport-api/vendor/laravel/framework/src/Illuminate/Container/Container.php(799): Illuminate/Container/BoundMethod::call(Object(Illuminate/Foundation/Application), Object(Closure), Array, NULL)
#9 E:/laravel_project/passport-api/vendor/laravel/framework/src/Illuminate/Foundation/Support/Providers/RouteServiceProvider.php(162): Illuminate/Container/Container->call(Object(Closure))
#10 E:/laravel_project/passport-api/vendor/laravel/framework/src/Illuminate/Foundation/Support/Providers/RouteServiceProvider.php(59): Illuminate/Foundation/Support/Providers/RouteServiceProvider->loadRoutes()
#11 E:/laravel_project/passport-api/vendor/laravel/framework/src/Illuminate/Container/BoundMethod.php(36): Illuminate/Foundation/Support/Providers/RouteServiceProvider->Illuminate/Foundation/Support/Providers/{closure}()
#12 E:/laravel_project/passport-api/vendor/laravel/framework/src/Illuminate/Container/Util.php(43): Illuminate/Container/BoundMethod::Illuminate/Container/{closure}()
#13 E:/laravel_project/passport-api/vendor/laravel/framework/src/Illuminate/Container/BoundMethod.php(84): Illuminate/Container/Util::unwrapIfClosure(Object(Closure))
#14 E:/laravel_project/passport-api/vendor/laravel/framework/src/Illuminate/Container/BoundMethod.php(35): Illuminate/Container/BoundMethod::callBoundMethod(Object(Illuminate/Foundation/Application), Object(Closure), Object(Closure))
#15 E:/laravel_project/passport-api/vendor/laravel/framework/src/Illuminate/Container/Container.php(799): Illuminate/Container/BoundMethod::call(Object(Illuminate/Foundation/Application), Object(Closure), Array, NULL)
#16 E:/laravel_project/passport-api/vendor/laravel/framework/src/Illuminate/Support/ServiceProvider.php(150): Illuminate/Container/Container->call(Object(Closure))
#17 E:/laravel_project/passport-api/vendor/laravel/framework/src/Illuminate/Foundation/Application.php(1154): Illuminate/Support/ServiceProvider->callBootedCallbacks()
#18 E:/laravel_project/passport-api/vendor/laravel/framework/src/Illuminate/Foundation/Application.php(1132): Illuminate/Foundation/Application->bootProvider(Object(Illuminate/Foundation/Support/Providers/RouteServiceProvider))
#19 [internal function]: Illuminate/Foundation/Application->Illuminate/Foundation/{closure}(Object(Illuminate/Foundation/Support/Providers/RouteServiceProvider), 'Illuminate//Foun...')
#20 E:/laravel_project/passport-api/vendor/laravel/framework/src/Illuminate/Foundation/Application.php(1131): array_walk(Array, Object(Closure))
#21 E:/laravel_project/passport-api/vendor/laravel/framework/src/Illuminate/Foundation/Bootstrap/BootProviders.php(17): Illuminate/Foundation/Application->boot()
#22 E:/laravel_project/passport-api/vendor/laravel/framework/src/Illuminate/Foundation/Application.php(342): Illuminate/Foundation/Bootstrap/BootProviders->bootstrap(Object(Illuminate/Foundation/Application))
#23 E:/laravel_project/passport-api/vendor/laravel/framework/src/Illuminate/Foundation/Console/Kernel.php(494): Illuminate/Foundation/Application->bootstrapWith(Array)
#24 E:/laravel_project/passport-api/vendor/laravel/framework/src/Illuminate/Foundation/Console/Kernel.php(196): Illuminate/Foundation/Console/Kernel->bootstrap()
#25 Command line code(1): Illuminate/Foundation/Console/Kernel->handle(Object(Symfony/Component/Console/Input/ArgvInput), Object(Symfony/Component/Console/Output/ConsoleOutput))
#26 {main}
"} 
[2026-03-26 15:10:32] local.ERROR: syntax error, unexpected end of file {"exception":"[object] (ParseError(code: 0): syntax error, unexpected end of file at E:/laravel_project/passport-api/routes/api.php:24)
[stacktrace]
#0 E:/laravel_project/passport-api/vendor/laravel/framework/src/Illuminate/Routing/Router.php(526): Illuminate/Routing/RouteFileRegistrar->register('E://laravel_proj...')
#1 E:/laravel_project/passport-api/vendor/laravel/framework/src/Illuminate/Routing/Router.php(480): Illuminate/Routing/Router->loadRoutes('E://laravel_proj...')
#2 E:/laravel_project/passport-api/vendor/laravel/framework/src/Illuminate/Routing/RouteRegistrar.php(212): Illuminate/Routing/Router->group(Array, 'E://laravel_proj...')
#3 E:/laravel_project/passport-api/vendor/laravel/framework/src/Illuminate/Foundation/Configuration/ApplicationBuilder.php(214): Illuminate/Routing/RouteRegistrar->group('E://laravel_proj...')
#4 E:/laravel_project/passport-api/vendor/laravel/framework/src/Illuminate/Container/BoundMethod.php(36): Illuminate/Foundation/Configuration/ApplicationBuilder->Illuminate/Foundation/Configuration/{closure}()
#5 E:/laravel_project/passport-api/vendor/laravel/framework/src/Illuminate/Container/Util.php(43): Illuminate/Container/BoundMethod::Illuminate/Container/{closure}()
#6 E:/laravel_project/passport-api/vendor/laravel/framework/src/Illuminate/Container/BoundMethod.php(84): Illuminate/Container/Util::unwrapIfClosure(Object(Closure))
#7 E:/laravel_project/passport-api/vendor/laravel/framework/src/Illuminate/Container/BoundMethod.php(35): Illuminate/Container/BoundMethod::callBoundMethod(Object(Illuminate/Foundation/Application), Object(Closure), Object(Closure))
#8 E:/laravel_project/passport-api/vendor/laravel/framework/src/Illuminate/Container/Container.php(799): Illuminate/Container/BoundMethod::call(Object(Illuminate/Foundation/Application), Object(Closure), Array, NULL)
#9 E:/laravel_project/passport-api/vendor/laravel/framework/src/Illuminate/Foundation/Support/Providers/RouteServiceProvider.php(162): Illuminate/Container/Container->call(Object(Closure))
#10 E:/laravel_project/passport-api/vendor/laravel/framework/src/Illuminate/Foundation/Support/Providers/RouteServiceProvider.php(59): Illuminate/Foundation/Support/Providers/RouteServiceProvider->loadRoutes()
#11 E:/laravel_project/passport-api/vendor/laravel/framework/src/Illuminate/Container/BoundMethod.php(36): Illuminate/Foundation/Support/Providers/RouteServiceProvider->Illuminate/Foundation/Support/Providers/{closure}()
#12 E:/laravel_project/passport-api/vendor/laravel/framework/src/Illuminate/Container/Util.php(43): Illuminate/Container/BoundMethod::Illuminate/Container/{closure}()
#13 E:/laravel_project/passport-api/vendor/laravel/framework/src/Illuminate/Container/BoundMethod.php(84): Illuminate/Container/Util::unwrapIfClosure(Object(Closure))
#14 E:/laravel_project/passport-api/vendor/laravel/framework/src/Illuminate/Container/BoundMethod.php(35): Illuminate/Container/BoundMethod::callBoundMethod(Object(Illuminate/Foundation/Application), Object(Closure), Object(Closure))
#15 E:/laravel_project/passport-api/vendor/laravel/framework/src/Illuminate/Container/Container.php(799): Illuminate/Container/BoundMethod::call(Object(Illuminate/Foundation/Application), Object(Closure), Array, NULL)
#16 E:/laravel_project/passport-api/vendor/laravel/framework/src/Illuminate/Support/ServiceProvider.php(150): Illuminate/Container/Container->call(Object(Closure))
#17 E:/laravel_project/passport-api/vendor/laravel/framework/src/Illuminate/Foundation/Application.php(1154): Illuminate/Support/ServiceProvider->callBootedCallbacks()
#18 E:/laravel_project/passport-api/vendor/laravel/framework/src/Illuminate/Foundation/Application.php(1132): Illuminate/Foundation/Application->bootProvider(Object(Illuminate/Foundation/Support/Providers/RouteServiceProvider))
#19 [internal function]: Illuminate/Foundation/Application->Illuminate/Foundation/{closure}(Object(Illuminate/Foundation/Support/Providers/RouteServiceProvider), 'Illuminate//Foun...')
#20 E:/laravel_project/passport-api/vendor/laravel/framework/src/Illuminate/Foundation/Application.php(1131): array_walk(Array, Object(Closure))
#21 E:/laravel_project/passport-api/vendor/laravel/framework/src/Illuminate/Foundation/Bootstrap/BootProviders.php(17): Illuminate/Foundation/Application->boot()
#22 E:/laravel_project/passport-api/vendor/laravel/framework/src/Illuminate/Foundation/Application.php(342): Illuminate/Foundation/Bootstrap/BootProviders->bootstrap(Object(Illuminate/Foundation/Application))
#23 E:/laravel_project/passport-api/vendor/laravel/framework/src/Illuminate/Foundation/Console/Kernel.php(494): Illuminate/Foundation/Application->bootstrapWith(Array)
#24 E:/laravel_project/passport-api/vendor/laravel/framework/src/Illuminate/Foundation/Console/Kernel.php(196): Illuminate/Foundation/Console/Kernel->bootstrap()
#25 Command line code(1): Illuminate/Foundation/Console/Kernel->handle(Object(Symfony/Component/Console/Input/ArgvInput), Object(Symfony/Component/Console/Output/ConsoleOutput))
#26 {main}
"} 
[2026-03-26 15:10:40] local.ERROR: syntax error, unexpected end of file {"exception":"[object] (ParseError(code: 0): syntax error, unexpected end of file at E:/laravel_project/passport-api/routes/api.php:24)
[stacktrace]
#0 E:/laravel_project/passport-api/vendor/laravel/framework/src/Illuminate/Routing/Router.php(526): Illuminate/Routing/RouteFileRegistrar->register('E://laravel_proj...')
#1 E:/laravel_project/passport-api/vendor/laravel/framework/src/Illuminate/Routing/Router.php(480): Illuminate/Routing/Router->loadRoutes('E://laravel_proj...')
#2 E:/laravel_project/passport-api/vendor/laravel/framework/src/Illuminate/Routing/RouteRegistrar.php(212): Illuminate/Routing/Router->group(Array, 'E://laravel_proj...')
#3 E:/laravel_project/passport-api/vendor/laravel/framework/src/Illuminate/Foundation/Configuration/ApplicationBuilder.php(214): Illuminate/Routing/RouteRegistrar->group('E://laravel_proj...')
#4 E:/laravel_project/passport-api/vendor/laravel/framework/src/Illuminate/Container/BoundMethod.php(36): Illuminate/Foundation/Configuration/ApplicationBuilder->Illuminate/Foundation/Configuration/{closure}()
#5 E:/laravel_project/passport-api/vendor/laravel/framework/src/Illuminate/Container/Util.php(43): Illuminate/Container/BoundMethod::Illuminate/Container/{closure}()
#6 E:/laravel_project/passport-api/vendor/laravel/framework/src/Illuminate/Container/BoundMethod.php(84): Illuminate/Container/Util::unwrapIfClosure(Object(Closure))
#7 E:/laravel_project/passport-api/vendor/laravel/framework/src/Illuminate/Container/BoundMethod.php(35): Illuminate/Container/BoundMethod::callBoundMethod(Object(Illuminate/Foundation/Application), Object(Closure), Object(Closure))
#8 E:/laravel_project/passport-api/vendor/laravel/framework/src/Illuminate/Container/Container.php(799): Illuminate/Container/BoundMethod::call(Object(Illuminate/Foundation/Application), Object(Closure), Array, NULL)
#9 E:/laravel_project/passport-api/vendor/laravel/framework/src/Illuminate/Foundation/Support/Providers/RouteServiceProvider.php(162): Illuminate/Container/Container->call(Object(Closure))
#10 E:/laravel_project/passport-api/vendor/laravel/framework/src/Illuminate/Foundation/Support/Providers/RouteServiceProvider.php(59): Illuminate/Foundation/Support/Providers/RouteServiceProvider->loadRoutes()
#11 E:/laravel_project/passport-api/vendor/laravel/framework/src/Illuminate/Container/BoundMethod.php(36): Illuminate/Foundation/Support/Providers/RouteServiceProvider->Illuminate/Foundation/Support/Providers/{closure}()
#12 E:/laravel_project/passport-api/vendor/laravel/framework/src/Illuminate/Container/Util.php(43): Illuminate/Container/BoundMethod::Illuminate/Container/{closure}()
#13 E:/laravel_project/passport-api/vendor/laravel/framework/src/Illuminate/Container/BoundMethod.php(84): Illuminate/Container/Util::unwrapIfClosure(Object(Closure))
#14 E:/laravel_project/passport-api/vendor/laravel/framework/src/Illuminate/Container/BoundMethod.php(35): Illuminate/Container/BoundMethod::callBoundMethod(Object(Illuminate/Foundation/Application), Object(Closure), Object(Closure))
#15 E:/laravel_project/passport-api/vendor/laravel/framework/src/Illuminate/Container/Container.php(799): Illuminate/Container/BoundMethod::call(Object(Illuminate/Foundation/Application), Object(Closure), Array, NULL)
#16 E:/laravel_project/passport-api/vendor/laravel/framework/src/Illuminate/Support/ServiceProvider.php(150): Illuminate/Container/Container->call(Object(Closure))
#17 E:/laravel_project/passport-api/vendor/laravel/framework/src/Illuminate/Foundation/Application.php(1154): Illuminate/Support/ServiceProvider->callBootedCallbacks()
#18 E:/laravel_project/passport-api/vendor/laravel/framework/src/Illuminate/Foundation/Application.php(1132): Illuminate/Foundation/Application->bootProvider(Object(Illuminate/Foundation/Support/Providers/RouteServiceProvider))
#19 [internal function]: Illuminate/Foundation/Application->Illuminate/Foundation/{closure}(Object(Illuminate/Foundation/Support/Providers/RouteServiceProvider), 'Illuminate//Foun...')
#20 E:/laravel_project/passport-api/vendor/laravel/framework/src/Illuminate/Foundation/Application.php(1131): array_walk(Array, Object(Closure))
#21 E:/laravel_project/passport-api/vendor/laravel/framework/src/Illuminate/Foundation/Bootstrap/BootProviders.php(17): Illuminate/Foundation/Application->boot()
#22 E:/laravel_project/passport-api/vendor/laravel/framework/src/Illuminate/Foundation/Application.php(342): Illuminate/Foundation/Bootstrap/BootProviders->bootstrap(Object(Illuminate/Foundation/Application))
#23 E:/laravel_project/passport-api/vendor/laravel/framework/src/Illuminate/Foundation/Console/Kernel.php(494): Illuminate/Foundation/Application->bootstrapWith(Array)
#24 E:/laravel_project/passport-api/vendor/laravel/framework/src/Illuminate/Foundation/Console/Kernel.php(196): Illuminate/Foundation/Console/Kernel->bootstrap()
#25 Command line code(1): Illuminate/Foundation/Console/Kernel->handle(Object(Symfony/Component/Console/Input/ArgvInput), Object(Symfony/Component/Console/Output/ConsoleOutput))
#26 {main}
"} 
[2026-03-26 15:11:07] local.ERROR: syntax error, unexpected end of file {"exception":"[object] (ParseError(code: 0): syntax error, unexpected end of file at E:/laravel_project/passport-api/routes/api.php:24)
[stacktrace]
#0 E:/laravel_project/passport-api/vendor/laravel/framework/src/Illuminate/Routing/Router.php(526): Illuminate/Routing/RouteFileRegistrar->register('E://laravel_proj...')
#1 E:/laravel_project/passport-api/vendor/laravel/framework/src/Illuminate/Routing/Router.php(480): Illuminate/Routing/Router->loadRoutes('E://laravel_proj...')
#2 E:/laravel_project/passport-api/vendor/laravel/framework/src/Illuminate/Routing/RouteRegistrar.php(212): Illuminate/Routing/Router->group(Array, 'E://laravel_proj...')
#3 E:/laravel_project/passport-api/vendor/laravel/framework/src/Illuminate/Foundation/Configuration/ApplicationBuilder.php(214): Illuminate/Routing/RouteRegistrar->group('E://laravel_proj...')
#4 E:/laravel_project/passport-api/vendor/laravel/framework/src/Illuminate/Container/BoundMethod.php(36): Illuminate/Foundation/Configuration/ApplicationBuilder->Illuminate/Foundation/Configuration/{closure}()
#5 E:/laravel_project/passport-api/vendor/laravel/framework/src/Illuminate/Container/Util.php(43): Illuminate/Container/BoundMethod::Illuminate/Container/{closure}()
#6 E:/laravel_project/passport-api/vendor/laravel/framework/src/Illuminate/Container/BoundMethod.php(84): Illuminate/Container/Util::unwrapIfClosure(Object(Closure))
#7 E:/laravel_project/passport-api/vendor/laravel/framework/src/Illuminate/Container/BoundMethod.php(35): Illuminate/Container/BoundMethod::callBoundMethod(Object(Illuminate/Foundation/Application), Object(Closure), Object(Closure))
#8 E:/laravel_project/passport-api/vendor/laravel/framework/src/Illuminate/Container/Container.php(799): Illuminate/Container/BoundMethod::call(Object(Illuminate/Foundation/Application), Object(Closure), Array, NULL)
#9 E:/laravel_project/passport-api/vendor/laravel/framework/src/Illuminate/Foundation/Support/Providers/RouteServiceProvider.php(162): Illuminate/Container/Container->call(Object(Closure))
#10 E:/laravel_project/passport-api/vendor/laravel/framework/src/Illuminate/Foundation/Support/Providers/RouteServiceProvider.php(59): Illuminate/Foundation/Support/Providers/RouteServiceProvider->loadRoutes()
#11 E:/laravel_project/passport-api/vendor/laravel/framework/src/Illuminate/Container/BoundMethod.php(36): Illuminate/Foundation/Support/Providers/RouteServiceProvider->Illuminate/Foundation/Support/Providers/{closure}()
#12 E:/laravel_project/passport-api/vendor/laravel/framework/src/Illuminate/Container/Util.php(43): Illuminate/Container/BoundMethod::Illuminate/Container/{closure}()
#13 E:/laravel_project/passport-api/vendor/laravel/framework/src/Illuminate/Container/BoundMethod.php(84): Illuminate/Container/Util::unwrapIfClosure(Object(Closure))
#14 E:/laravel_project/passport-api/vendor/laravel/framework/src/Illuminate/Container/BoundMethod.php(35): Illuminate/Container/BoundMethod::callBoundMethod(Object(Illuminate/Foundation/Application), Object(Closure), Object(Closure))
#15 E:/laravel_project/passport-api/vendor/laravel/framework/src/Illuminate/Container/Container.php(799): Illuminate/Container/BoundMethod::call(Object(Illuminate/Foundation/Application), Object(Closure), Array, NULL)
#16 E:/laravel_project/passport-api/vendor/laravel/framework/src/Illuminate/Support/ServiceProvider.php(150): Illuminate/Container/Container->call(Object(Closure))
#17 E:/laravel_project/passport-api/vendor/laravel/framework/src/Illuminate/Foundation/Application.php(1154): Illuminate/Support/ServiceProvider->callBootedCallbacks()
#18 E:/laravel_project/passport-api/vendor/laravel/framework/src/Illuminate/Foundation/Application.php(1132): Illuminate/Foundation/Application->bootProvider(Object(Illuminate/Foundation/Support/Providers/RouteServiceProvider))
#19 [internal function]: Illuminate/Foundation/Application->Illuminate/Foundation/{closure}(Object(Illuminate/Foundation/Support/Providers/RouteServiceProvider), 'Illuminate//Foun...')
#20 E:/laravel_project/passport-api/vendor/laravel/framework/src/Illuminate/Foundation/Application.php(1131): array_walk(Array, Object(Closure))
#21 E:/laravel_project/passport-api/vendor/laravel/framework/src/Illuminate/Foundation/Bootstrap/BootProviders.php(17): Illuminate/Foundation/Application->boot()
#22 E:/laravel_project/passport-api/vendor/laravel/framework/src/Illuminate/Foundation/Application.php(342): Illuminate/Foundation/Bootstrap/BootProviders->bootstrap(Object(Illuminate/Foundation/Application))
#23 E:/laravel_project/passport-api/vendor/laravel/framework/src/Illuminate/Foundation/Console/Kernel.php(494): Illuminate/Foundation/Application->bootstrapWith(Array)
#24 E:/laravel_project/passport-api/vendor/laravel/framework/src/Illuminate/Foundation/Console/Kernel.php(196): Illuminate/Foundation/Console/Kernel->bootstrap()
#25 Command line code(1): Illuminate/Foundation/Console/Kernel->handle(Object(Symfony/Component/Console/Input/ArgvInput), Object(Symfony/Component/Console/Output/ConsoleOutput))
#26 {main}
"} 
[2026-03-26 15:11:24] local.ERROR: syntax error, unexpected end of file {"exception":"[object] (ParseError(code: 0): syntax error, unexpected end of file at E:/laravel_project/passport-api/routes/api.php:24)
[stacktrace]
#0 E:/laravel_project/passport-api/vendor/laravel/framework/src/Illuminate/Routing/Router.php(526): Illuminate/Routing/RouteFileRegistrar->register('E://laravel_proj...')
#1 E:/laravel_project/passport-api/vendor/laravel/framework/src/Illuminate/Routing/Router.php(480): Illuminate/Routing/Router->loadRoutes('E://laravel_proj...')
#2 E:/laravel_project/passport-api/vendor/laravel/framework/src/Illuminate/Routing/RouteRegistrar.php(212): Illuminate/Routing/Router->group(Array, 'E://laravel_proj...')
#3 E:/laravel_project/passport-api/vendor/laravel/framework/src/Illuminate/Foundation/Configuration/ApplicationBuilder.php(214): Illuminate/Routing/RouteRegistrar->group('E://laravel_proj...')
#4 E:/laravel_project/passport-api/vendor/laravel/framework/src/Illuminate/Container/BoundMethod.php(36): Illuminate/Foundation/Configuration/ApplicationBuilder->Illuminate/Foundation/Configuration/{closure}()
#5 E:/laravel_project/passport-api/vendor/laravel/framework/src/Illuminate/Container/Util.php(43): Illuminate/Container/BoundMethod::Illuminate/Container/{closure}()
#6 E:/laravel_project/passport-api/vendor/laravel/framework/src/Illuminate/Container/BoundMethod.php(84): Illuminate/Container/Util::unwrapIfClosure(Object(Closure))
#7 E:/laravel_project/passport-api/vendor/laravel/framework/src/Illuminate/Container/BoundMethod.php(35): Illuminate/Container/BoundMethod::callBoundMethod(Object(Illuminate/Foundation/Application), Object(Closure), Object(Closure))
#8 E:/laravel_project/passport-api/vendor/laravel/framework/src/Illuminate/Container/Container.php(799): Illuminate/Container/BoundMethod::call(Object(Illuminate/Foundation/Application), Object(Closure), Array, NULL)
#9 E:/laravel_project/passport-api/vendor/laravel/framework/src/Illuminate/Foundation/Support/Providers/RouteServiceProvider.php(162): Illuminate/Container/Container->call(Object(Closure))
#10 E:/laravel_project/passport-api/vendor/laravel/framework/src/Illuminate/Foundation/Support/Providers/RouteServiceProvider.php(59): Illuminate/Foundation/Support/Providers/RouteServiceProvider->loadRoutes()
#11 E:/laravel_project/passport-api/vendor/laravel/framework/src/Illuminate/Container/BoundMethod.php(36): Illuminate/Foundation/Support/Providers/RouteServiceProvider->Illuminate/Foundation/Support/Providers/{closure}()
#12 E:/laravel_project/passport-api/vendor/laravel/framework/src/Illuminate/Container/Util.php(43): Illuminate/Container/BoundMethod::Illuminate/Container/{closure}()
#13 E:/laravel_project/passport-api/vendor/laravel/framework/src/Illuminate/Container/BoundMethod.php(84): Illuminate/Container/Util::unwrapIfClosure(Object(Closure))
#14 E:/laravel_project/passport-api/vendor/laravel/framework/src/Illuminate/Container/BoundMethod.php(35): Illuminate/Container/BoundMethod::callBoundMethod(Object(Illuminate/Foundation/Application), Object(Closure), Object(Closure))
#15 E:/laravel_project/passport-api/vendor/laravel/framework/src/Illuminate/Container/Container.php(799): Illuminate/Container/BoundMethod::call(Object(Illuminate/Foundation/Application), Object(Closure), Array, NULL)
#16 E:/laravel_project/passport-api/vendor/laravel/framework/src/Illuminate/Support/ServiceProvider.php(150): Illuminate/Container/Container->call(Object(Closure))
#17 E:/laravel_project/passport-api/vendor/laravel/framework/src/Illuminate/Foundation/Application.php(1154): Illuminate/Support/ServiceProvider->callBootedCallbacks()
#18 E:/laravel_project/passport-api/vendor/laravel/framework/src/Illuminate/Foundation/Application.php(1132): Illuminate/Foundation/Application->bootProvider(Object(Illuminate/Foundation/Support/Providers/RouteServiceProvider))
#19 [internal function]: Illuminate/Foundation/Application->Illuminate/Foundation/{closure}(Object(Illuminate/Foundation/Support/Providers/RouteServiceProvider), 'Illuminate//Foun...')
#20 E:/laravel_project/passport-api/vendor/laravel/framework/src/Illuminate/Foundation/Application.php(1131): array_walk(Array, Object(Closure))
#21 E:/laravel_project/passport-api/vendor/laravel/framework/src/Illuminate/Foundation/Bootstrap/BootProviders.php(17): Illuminate/Foundation/Application->boot()
#22 E:/laravel_project/passport-api/vendor/laravel/framework/src/Illuminate/Foundation/Application.php(342): Illuminate/Foundation/Bootstrap/BootProviders->bootstrap(Object(Illuminate/Foundation/Application))
#23 E:/laravel_project/passport-api/vendor/laravel/framework/src/Illuminate/Foundation/Console/Kernel.php(494): Illuminate/Foundation/Application->bootstrapWith(Array)
#24 E:/laravel_project/passport-api/vendor/laravel/framework/src/Illuminate/Foundation/Console/Kernel.php(196): Illuminate/Foundation/Console/Kernel->bootstrap()
#25 Command line code(1): Illuminate/Foundation/Console/Kernel->handle(Object(Symfony/Component/Console/Input/ArgvInput), Object(Symfony/Component/Console/Output/ConsoleOutput))
#26 {main}
"} 
[2026-03-26 15:11:32] local.ERROR: syntax error, unexpected end of file {"exception":"[object] (ParseError(code: 0): syntax error, unexpected end of file at E:/laravel_project/passport-api/routes/api.php:24)
[stacktrace]
#0 E:/laravel_project/passport-api/vendor/laravel/framework/src/Illuminate/Routing/Router.php(526): Illuminate/Routing/RouteFileRegistrar->register('E://laravel_proj...')
#1 E:/laravel_project/passport-api/vendor/laravel/framework/src/Illuminate/Routing/Router.php(480): Illuminate/Routing/Router->loadRoutes('E://laravel_proj...')
#2 E:/laravel_project/passport-api/vendor/laravel/framework/src/Illuminate/Routing/RouteRegistrar.php(212): Illuminate/Routing/Router->group(Array, 'E://laravel_proj...')
#3 E:/laravel_project/passport-api/vendor/laravel/framework/src/Illuminate/Foundation/Configuration/ApplicationBuilder.php(214): Illuminate/Routing/RouteRegistrar->group('E://laravel_proj...')
#4 E:/laravel_project/passport-api/vendor/laravel/framework/src/Illuminate/Container/BoundMethod.php(36): Illuminate/Foundation/Configuration/ApplicationBuilder->Illuminate/Foundation/Configuration/{closure}()
#5 E:/laravel_project/passport-api/vendor/laravel/framework/src/Illuminate/Container/Util.php(43): Illuminate/Container/BoundMethod::Illuminate/Container/{closure}()
#6 E:/laravel_project/passport-api/vendor/laravel/framework/src/Illuminate/Container/BoundMethod.php(84): Illuminate/Container/Util::unwrapIfClosure(Object(Closure))
#7 E:/laravel_project/passport-api/vendor/laravel/framework/src/Illuminate/Container/BoundMethod.php(35): Illuminate/Container/BoundMethod::callBoundMethod(Object(Illuminate/Foundation/Application), Object(Closure), Object(Closure))
#8 E:/laravel_project/passport-api/vendor/laravel/framework/src/Illuminate/Container/Container.php(799): Illuminate/Container/BoundMethod::call(Object(Illuminate/Foundation/Application), Object(Closure), Array, NULL)
#9 E:/laravel_project/passport-api/vendor/laravel/framework/src/Illuminate/Foundation/Support/Providers/RouteServiceProvider.php(162): Illuminate/Container/Container->call(Object(Closure))
#10 E:/laravel_project/passport-api/vendor/laravel/framework/src/Illuminate/Foundation/Support/Providers/RouteServiceProvider.php(59): Illuminate/Foundation/Support/Providers/RouteServiceProvider->loadRoutes()
#11 E:/laravel_project/passport-api/vendor/laravel/framework/src/Illuminate/Container/BoundMethod.php(36): Illuminate/Foundation/Support/Providers/RouteServiceProvider->Illuminate/Foundation/Support/Providers/{closure}()
#12 E:/laravel_project/passport-api/vendor/laravel/framework/src/Illuminate/Container/Util.php(43): Illuminate/Container/BoundMethod::Illuminate/Container/{closure}()
#13 E:/laravel_project/passport-api/vendor/laravel/framework/src/Illuminate/Container/BoundMethod.php(84): Illuminate/Container/Util::unwrapIfClosure(Object(Closure))
#14 E:/laravel_project/passport-api/vendor/laravel/framework/src/Illuminate/Container/BoundMethod.php(35): Illuminate/Container/BoundMethod::callBoundMethod(Object(Illuminate/Foundation/Application), Object(Closure), Object(Closure))
#15 E:/laravel_project/passport-api/vendor/laravel/framework/src/Illuminate/Container/Container.php(799): Illuminate/Container/BoundMethod::call(Object(Illuminate/Foundation/Application), Object(Closure), Array, NULL)
#16 E:/laravel_project/passport-api/vendor/laravel/framework/src/Illuminate/Support/ServiceProvider.php(150): Illuminate/Container/Container->call(Object(Closure))
#17 E:/laravel_project/passport-api/vendor/laravel/framework/src/Illuminate/Foundation/Application.php(1154): Illuminate/Support/ServiceProvider->callBootedCallbacks()
#18 E:/laravel_project/passport-api/vendor/laravel/framework/src/Illuminate/Foundation/Application.php(1132): Illuminate/Foundation/Application->bootProvider(Object(Illuminate/Foundation/Support/Providers/RouteServiceProvider))
#19 [internal function]: Illuminate/Foundation/Application->Illuminate/Foundation/{closure}(Object(Illuminate/Foundation/Support/Providers/RouteServiceProvider), 'Illuminate//Foun...')
#20 E:/laravel_project/passport-api/vendor/laravel/framework/src/Illuminate/Foundation/Application.php(1131): array_walk(Array, Object(Closure))
#21 E:/laravel_project/passport-api/vendor/laravel/framework/src/Illuminate/Foundation/Bootstrap/BootProviders.php(17): Illuminate/Foundation/Application->boot()
#22 E:/laravel_project/passport-api/vendor/laravel/framework/src/Illuminate/Foundation/Application.php(342): Illuminate/Foundation/Bootstrap/BootProviders->bootstrap(Object(Illuminate/Foundation/Application))
#23 E:/laravel_project/passport-api/vendor/laravel/framework/src/Illuminate/Foundation/Console/Kernel.php(494): Illuminate/Foundation/Application->bootstrapWith(Array)
#24 E:/laravel_project/passport-api/vendor/laravel/framework/src/Illuminate/Foundation/Console/Kernel.php(196): Illuminate/Foundation/Console/Kernel->bootstrap()
#25 Command line code(1): Illuminate/Foundation/Console/Kernel->handle(Object(Symfony/Component/Console/Input/ArgvInput), Object(Symfony/Component/Console/Output/ConsoleOutput))
#26 {main}
"} 
[2026-03-26 15:12:07] local.ERROR: syntax error, unexpected end of file {"exception":"[object] (ParseError(code: 0): syntax error, unexpected end of file at E:/laravel_project/passport-api/routes/api.php:24)
[stacktrace]
#0 E:/laravel_project/passport-api/vendor/laravel/framework/src/Illuminate/Routing/Router.php(526): Illuminate/Routing/RouteFileRegistrar->register('E://laravel_proj...')
#1 E:/laravel_project/passport-api/vendor/laravel/framework/src/Illuminate/Routing/Router.php(480): Illuminate/Routing/Router->loadRoutes('E://laravel_proj...')
#2 E:/laravel_project/passport-api/vendor/laravel/framework/src/Illuminate/Routing/RouteRegistrar.php(212): Illuminate/Routing/Router->group(Array, 'E://laravel_proj...')
#3 E:/laravel_project/passport-api/vendor/laravel/framework/src/Illuminate/Foundation/Configuration/ApplicationBuilder.php(214): Illuminate/Routing/RouteRegistrar->group('E://laravel_proj...')
#4 E:/laravel_project/passport-api/vendor/laravel/framework/src/Illuminate/Container/BoundMethod.php(36): Illuminate/Foundation/Configuration/ApplicationBuilder->Illuminate/Foundation/Configuration/{closure}()
#5 E:/laravel_project/passport-api/vendor/laravel/framework/src/Illuminate/Container/Util.php(43): Illuminate/Container/BoundMethod::Illuminate/Container/{closure}()
#6 E:/laravel_project/passport-api/vendor/laravel/framework/src/Illuminate/Container/BoundMethod.php(84): Illuminate/Container/Util::unwrapIfClosure(Object(Closure))
#7 E:/laravel_project/passport-api/vendor/laravel/framework/src/Illuminate/Container/BoundMethod.php(35): Illuminate/Container/BoundMethod::callBoundMethod(Object(Illuminate/Foundation/Application), Object(Closure), Object(Closure))
#8 E:/laravel_project/passport-api/vendor/laravel/framework/src/Illuminate/Container/Container.php(799): Illuminate/Container/BoundMethod::call(Object(Illuminate/Foundation/Application), Object(Closure), Array, NULL)
#9 E:/laravel_project/passport-api/vendor/laravel/framework/src/Illuminate/Foundation/Support/Providers/RouteServiceProvider.php(162): Illuminate/Container/Container->call(Object(Closure))
#10 E:/laravel_project/passport-api/vendor/laravel/framework/src/Illuminate/Foundation/Support/Providers/RouteServiceProvider.php(59): Illuminate/Foundation/Support/Providers/RouteServiceProvider->loadRoutes()
#11 E:/laravel_project/passport-api/vendor/laravel/framework/src/Illuminate/Container/BoundMethod.php(36): Illuminate/Foundation/Support/Providers/RouteServiceProvider->Illuminate/Foundation/Support/Providers/{closure}()
#12 E:/laravel_project/passport-api/vendor/laravel/framework/src/Illuminate/Container/Util.php(43): Illuminate/Container/BoundMethod::Illuminate/Container/{closure}()
#13 E:/laravel_project/passport-api/vendor/laravel/framework/src/Illuminate/Container/BoundMethod.php(84): Illuminate/Container/Util::unwrapIfClosure(Object(Closure))
#14 E:/laravel_project/passport-api/vendor/laravel/framework/src/Illuminate/Container/BoundMethod.php(35): Illuminate/Container/BoundMethod::callBoundMethod(Object(Illuminate/Foundation/Application), Object(Closure), Object(Closure))
#15 E:/laravel_project/passport-api/vendor/laravel/framework/src/Illuminate/Container/Container.php(799): Illuminate/Container/BoundMethod::call(Object(Illuminate/Foundation/Application), Object(Closure), Array, NULL)
#16 E:/laravel_project/passport-api/vendor/laravel/framework/src/Illuminate/Support/ServiceProvider.php(150): Illuminate/Container/Container->call(Object(Closure))
#17 E:/laravel_project/passport-api/vendor/laravel/framework/src/Illuminate/Foundation/Application.php(1154): Illuminate/Support/ServiceProvider->callBootedCallbacks()
#18 E:/laravel_project/passport-api/vendor/laravel/framework/src/Illuminate/Foundation/Application.php(1132): Illuminate/Foundation/Application->bootProvider(Object(Illuminate/Foundation/Support/Providers/RouteServiceProvider))
#19 [internal function]: Illuminate/Foundation/Application->Illuminate/Foundation/{closure}(Object(Illuminate/Foundation/Support/Providers/RouteServiceProvider), 'Illuminate//Foun...')
#20 E:/laravel_project/passport-api/vendor/laravel/framework/src/Illuminate/Foundation/Application.php(1131): array_walk(Array, Object(Closure))
#21 E:/laravel_project/passport-api/vendor/laravel/framework/src/Illuminate/Foundation/Bootstrap/BootProviders.php(17): Illuminate/Foundation/Application->boot()
#22 E:/laravel_project/passport-api/vendor/laravel/framework/src/Illuminate/Foundation/Application.php(342): Illuminate/Foundation/Bootstrap/BootProviders->bootstrap(Object(Illuminate/Foundation/Application))
#23 E:/laravel_project/passport-api/vendor/laravel/framework/src/Illuminate/Foundation/Console/Kernel.php(494): Illuminate/Foundation/Application->bootstrapWith(Array)
#24 E:/laravel_project/passport-api/vendor/laravel/framework/src/Illuminate/Foundation/Console/Kernel.php(196): Illuminate/Foundation/Console/Kernel->bootstrap()
#25 Command line code(1): Illuminate/Foundation/Console/Kernel->handle(Object(Symfony/Component/Console/Input/ArgvInput), Object(Symfony/Component/Console/Output/ConsoleOutput))
#26 {main}
"} 
[2026-03-26 15:12:07] local.ERROR: syntax error, unexpected end of file {"exception":"[object] (ParseError(code: 0): syntax error, unexpected end of file at E:/laravel_project/passport-api/routes/api.php:24)
[stacktrace]
#0 E:/laravel_project/passport-api/vendor/laravel/framework/src/Illuminate/Routing/Router.php(526): Illuminate/Routing/RouteFileRegistrar->register('E://laravel_proj...')
#1 E:/laravel_project/passport-api/vendor/laravel/framework/src/Illuminate/Routing/Router.php(480): Illuminate/Routing/Router->loadRoutes('E://laravel_proj...')
#2 E:/laravel_project/passport-api/vendor/laravel/framework/src/Illuminate/Routing/RouteRegistrar.php(212): Illuminate/Routing/Router->group(Array, 'E://laravel_proj...')
#3 E:/laravel_project/passport-api/vendor/laravel/framework/src/Illuminate/Foundation/Configuration/ApplicationBuilder.php(214): Illuminate/Routing/RouteRegistrar->group('E://laravel_proj...')
#4 E:/laravel_project/passport-api/vendor/laravel/framework/src/Illuminate/Container/BoundMethod.php(36): Illuminate/Foundation/Configuration/ApplicationBuilder->Illuminate/Foundation/Configuration/{closure}()
#5 E:/laravel_project/passport-api/vendor/laravel/framework/src/Illuminate/Container/Util.php(43): Illuminate/Container/BoundMethod::Illuminate/Container/{closure}()
#6 E:/laravel_project/passport-api/vendor/laravel/framework/src/Illuminate/Container/BoundMethod.php(84): Illuminate/Container/Util::unwrapIfClosure(Object(Closure))
#7 E:/laravel_project/passport-api/vendor/laravel/framework/src/Illuminate/Container/BoundMethod.php(35): Illuminate/Container/BoundMethod::callBoundMethod(Object(Illuminate/Foundation/Application), Object(Closure), Object(Closure))
#8 E:/laravel_project/passport-api/vendor/laravel/framework/src/Illuminate/Container/Container.php(799): Illuminate/Container/BoundMethod::call(Object(Illuminate/Foundation/Application), Object(Closure), Array, NULL)
#9 E:/laravel_project/passport-api/vendor/laravel/framework/src/Illuminate/Foundation/Support/Providers/RouteServiceProvider.php(162): Illuminate/Container/Container->call(Object(Closure))
#10 E:/laravel_project/passport-api/vendor/laravel/framework/src/Illuminate/Foundation/Support/Providers/RouteServiceProvider.php(59): Illuminate/Foundation/Support/Providers/RouteServiceProvider->loadRoutes()
#11 E:/laravel_project/passport-api/vendor/laravel/framework/src/Illuminate/Container/BoundMethod.php(36): Illuminate/Foundation/Support/Providers/RouteServiceProvider->Illuminate/Foundation/Support/Providers/{closure}()
#12 E:/laravel_project/passport-api/vendor/laravel/framework/src/Illuminate/Container/Util.php(43): Illuminate/Container/BoundMethod::Illuminate/Container/{closure}()
#13 E:/laravel_project/passport-api/vendor/laravel/framework/src/Illuminate/Container/BoundMethod.php(84): Illuminate/Container/Util::unwrapIfClosure(Object(Closure))
#14 E:/laravel_project/passport-api/vendor/laravel/framework/src/Illuminate/Container/BoundMethod.php(35): Illuminate/Container/BoundMethod::callBoundMethod(Object(Illuminate/Foundation/Application), Object(Closure), Object(Closure))
#15 E:/laravel_project/passport-api/vendor/laravel/framework/src/Illuminate/Container/Container.php(799): Illuminate/Container/BoundMethod::call(Object(Illuminate/Foundation/Application), Object(Closure), Array, NULL)
#16 E:/laravel_project/passport-api/vendor/laravel/framework/src/Illuminate/Support/ServiceProvider.php(150): Illuminate/Container/Container->call(Object(Closure))
#17 E:/laravel_project/passport-api/vendor/laravel/framework/src/Illuminate/Foundation/Application.php(1154): Illuminate/Support/ServiceProvider->callBootedCallbacks()
#18 E:/laravel_project/passport-api/vendor/laravel/framework/src/Illuminate/Foundation/Application.php(1132): Illuminate/Foundation/Application->bootProvider(Object(Illuminate/Foundation/Support/Providers/RouteServiceProvider))
#19 [internal function]: Illuminate/Foundation/Application->Illuminate/Foundation/{closure}(Object(Illuminate/Foundation/Support/Providers/RouteServiceProvider), 'Illuminate//Foun...')
#20 E:/laravel_project/passport-api/vendor/laravel/framework/src/Illuminate/Foundation/Application.php(1131): array_walk(Array, Object(Closure))
#21 E:/laravel_project/passport-api/vendor/laravel/framework/src/Illuminate/Foundation/Bootstrap/BootProviders.php(17): Illuminate/Foundation/Application->boot()
#22 E:/laravel_project/passport-api/vendor/laravel/framework/src/Illuminate/Foundation/Application.php(342): Illuminate/Foundation/Bootstrap/BootProviders->bootstrap(Object(Illuminate/Foundation/Application))
#23 E:/laravel_project/passport-api/vendor/laravel/framework/src/Illuminate/Foundation/Console/Kernel.php(494): Illuminate/Foundation/Application->bootstrapWith(Array)
#24 E:/laravel_project/passport-api/vendor/laravel/framework/src/Illuminate/Foundation/Console/Kernel.php(196): Illuminate/Foundation/Console/Kernel->bootstrap()
#25 Command line code(1): Illuminate/Foundation/Console/Kernel->handle(Object(Symfony/Component/Console/Input/ArgvInput), Object(Symfony/Component/Console/Output/ConsoleOutput))
#26 {main}
"} 
[2026-03-26 15:12:35] local.ERROR: syntax error, unexpected end of file {"exception":"[object] (ParseError(code: 0): syntax error, unexpected end of file at E:/laravel_project/passport-api/routes/api.php:24)
[stacktrace]
#0 E:/laravel_project/passport-api/vendor/laravel/framework/src/Illuminate/Routing/Router.php(526): Illuminate/Routing/RouteFileRegistrar->register('E://laravel_proj...')
#1 E:/laravel_project/passport-api/vendor/laravel/framework/src/Illuminate/Routing/Router.php(480): Illuminate/Routing/Router->loadRoutes('E://laravel_proj...')
#2 E:/laravel_project/passport-api/vendor/laravel/framework/src/Illuminate/Routing/RouteRegistrar.php(212): Illuminate/Routing/Router->group(Array, 'E://laravel_proj...')
#3 E:/laravel_project/passport-api/vendor/laravel/framework/src/Illuminate/Foundation/Configuration/ApplicationBuilder.php(214): Illuminate/Routing/RouteRegistrar->group('E://laravel_proj...')
#4 E:/laravel_project/passport-api/vendor/laravel/framework/src/Illuminate/Container/BoundMethod.php(36): Illuminate/Foundation/Configuration/ApplicationBuilder->Illuminate/Foundation/Configuration/{closure}()
#5 E:/laravel_project/passport-api/vendor/laravel/framework/src/Illuminate/Container/Util.php(43): Illuminate/Container/BoundMethod::Illuminate/Container/{closure}()
#6 E:/laravel_project/passport-api/vendor/laravel/framework/src/Illuminate/Container/BoundMethod.php(84): Illuminate/Container/Util::unwrapIfClosure(Object(Closure))
#7 E:/laravel_project/passport-api/vendor/laravel/framework/src/Illuminate/Container/BoundMethod.php(35): Illuminate/Container/BoundMethod::callBoundMethod(Object(Illuminate/Foundation/Application), Object(Closure), Object(Closure))
#8 E:/laravel_project/passport-api/vendor/laravel/framework/src/Illuminate/Container/Container.php(799): Illuminate/Container/BoundMethod::call(Object(Illuminate/Foundation/Application), Object(Closure), Array, NULL)
#9 E:/laravel_project/passport-api/vendor/laravel/framework/src/Illuminate/Foundation/Support/Providers/RouteServiceProvider.php(162): Illuminate/Container/Container->call(Object(Closure))
#10 E:/laravel_project/passport-api/vendor/laravel/framework/src/Illuminate/Foundation/Support/Providers/RouteServiceProvider.php(59): Illuminate/Foundation/Support/Providers/RouteServiceProvider->loadRoutes()
#11 E:/laravel_project/passport-api/vendor/laravel/framework/src/Illuminate/Container/BoundMethod.php(36): Illuminate/Foundation/Support/Providers/RouteServiceProvider->Illuminate/Foundation/Support/Providers/{closure}()
#12 E:/laravel_project/passport-api/vendor/laravel/framework/src/Illuminate/Container/Util.php(43): Illuminate/Container/BoundMethod::Illuminate/Container/{closure}()
#13 E:/laravel_project/passport-api/vendor/laravel/framework/src/Illuminate/Container/BoundMethod.php(84): Illuminate/Container/Util::unwrapIfClosure(Object(Closure))
#14 E:/laravel_project/passport-api/vendor/laravel/framework/src/Illuminate/Container/BoundMethod.php(35): Illuminate/Container/BoundMethod::callBoundMethod(Object(Illuminate/Foundation/Application), Object(Closure), Object(Closure))
#15 E:/laravel_project/passport-api/vendor/laravel/framework/src/Illuminate/Container/Container.php(799): Illuminate/Container/BoundMethod::call(Object(Illuminate/Foundation/Application), Object(Closure), Array, NULL)
#16 E:/laravel_project/passport-api/vendor/laravel/framework/src/Illuminate/Support/ServiceProvider.php(150): Illuminate/Container/Container->call(Object(Closure))
#17 E:/laravel_project/passport-api/vendor/laravel/framework/src/Illuminate/Foundation/Application.php(1154): Illuminate/Support/ServiceProvider->callBootedCallbacks()
#18 E:/laravel_project/passport-api/vendor/laravel/framework/src/Illuminate/Foundation/Application.php(1132): Illuminate/Foundation/Application->bootProvider(Object(Illuminate/Foundation/Support/Providers/RouteServiceProvider))
#19 [internal function]: Illuminate/Foundation/Application->Illuminate/Foundation/{closure}(Object(Illuminate/Foundation/Support/Providers/RouteServiceProvider), 'Illuminate//Foun...')
#20 E:/laravel_project/passport-api/vendor/laravel/framework/src/Illuminate/Foundation/Application.php(1131): array_walk(Array, Object(Closure))
#21 E:/laravel_project/passport-api/vendor/laravel/framework/src/Illuminate/Foundation/Bootstrap/BootProviders.php(17): Illuminate/Foundation/Application->boot()
#22 E:/laravel_project/passport-api/vendor/laravel/framework/src/Illuminate/Foundation/Application.php(342): Illuminate/Foundation/Bootstrap/BootProviders->bootstrap(Object(Illuminate/Foundation/Application))
#23 E:/laravel_project/passport-api/vendor/laravel/framework/src/Illuminate/Foundation/Console/Kernel.php(494): Illuminate/Foundation/Application->bootstrapWith(Array)
#24 E:/laravel_project/passport-api/vendor/laravel/framework/src/Illuminate/Foundation/Console/Kernel.php(196): Illuminate/Foundation/Console/Kernel->bootstrap()
#25 E:/laravel_project/passport-api/vendor/laravel/framework/src/Illuminate/Foundation/Application.php(1235): Illuminate/Foundation/Console/Kernel->handle(Object(Symfony/Component/Console/Input/ArgvInput), Object(Symfony/Component/Console/Output/ConsoleOutput))
#26 E:/laravel_project/passport-api/artisan(16): Illuminate/Foundation/Application->handleCommand(Object(Symfony/Component/Console/Input/ArgvInput))
#27 {main}
"} 
[2026-03-26 15:13:06] local.ERROR: syntax error, unexpected end of file {"exception":"[object] (ParseError(code: 0): syntax error, unexpected end of file at E:/laravel_project/passport-api/routes/api.php:24)
[stacktrace]
#0 E:/laravel_project/passport-api/vendor/laravel/framework/src/Illuminate/Routing/Router.php(526): Illuminate/Routing/RouteFileRegistrar->register('E://laravel_proj...')
#1 E:/laravel_project/passport-api/vendor/laravel/framework/src/Illuminate/Routing/Router.php(480): Illuminate/Routing/Router->loadRoutes('E://laravel_proj...')
#2 E:/laravel_project/passport-api/vendor/laravel/framework/src/Illuminate/Routing/RouteRegistrar.php(212): Illuminate/Routing/Router->group(Array, 'E://laravel_proj...')
#3 E:/laravel_project/passport-api/vendor/laravel/framework/src/Illuminate/Foundation/Configuration/ApplicationBuilder.php(214): Illuminate/Routing/RouteRegistrar->group('E://laravel_proj...')
#4 E:/laravel_project/passport-api/vendor/laravel/framework/src/Illuminate/Container/BoundMethod.php(36): Illuminate/Foundation/Configuration/ApplicationBuilder->Illuminate/Foundation/Configuration/{closure}()
#5 E:/laravel_project/passport-api/vendor/laravel/framework/src/Illuminate/Container/Util.php(43): Illuminate/Container/BoundMethod::Illuminate/Container/{closure}()
#6 E:/laravel_project/passport-api/vendor/laravel/framework/src/Illuminate/Container/BoundMethod.php(84): Illuminate/Container/Util::unwrapIfClosure(Object(Closure))
#7 E:/laravel_project/passport-api/vendor/laravel/framework/src/Illuminate/Container/BoundMethod.php(35): Illuminate/Container/BoundMethod::callBoundMethod(Object(Illuminate/Foundation/Application), Object(Closure), Object(Closure))
#8 E:/laravel_project/passport-api/vendor/laravel/framework/src/Illuminate/Container/Container.php(799): Illuminate/Container/BoundMethod::call(Object(Illuminate/Foundation/Application), Object(Closure), Array, NULL)
#9 E:/laravel_project/passport-api/vendor/laravel/framework/src/Illuminate/Foundation/Support/Providers/RouteServiceProvider.php(162): Illuminate/Container/Container->call(Object(Closure))
#10 E:/laravel_project/passport-api/vendor/laravel/framework/src/Illuminate/Foundation/Support/Providers/RouteServiceProvider.php(59): Illuminate/Foundation/Support/Providers/RouteServiceProvider->loadRoutes()
#11 E:/laravel_project/passport-api/vendor/laravel/framework/src/Illuminate/Container/BoundMethod.php(36): Illuminate/Foundation/Support/Providers/RouteServiceProvider->Illuminate/Foundation/Support/Providers/{closure}()
#12 E:/laravel_project/passport-api/vendor/laravel/framework/src/Illuminate/Container/Util.php(43): Illuminate/Container/BoundMethod::Illuminate/Container/{closure}()
#13 E:/laravel_project/passport-api/vendor/laravel/framework/src/Illuminate/Container/BoundMethod.php(84): Illuminate/Container/Util::unwrapIfClosure(Object(Closure))
#14 E:/laravel_project/passport-api/vendor/laravel/framework/src/Illuminate/Container/BoundMethod.php(35): Illuminate/Container/BoundMethod::callBoundMethod(Object(Illuminate/Foundation/Application), Object(Closure), Object(Closure))
#15 E:/laravel_project/passport-api/vendor/laravel/framework/src/Illuminate/Container/Container.php(799): Illuminate/Container/BoundMethod::call(Object(Illuminate/Foundation/Application), Object(Closure), Array, NULL)
#16 E:/laravel_project/passport-api/vendor/laravel/framework/src/Illuminate/Support/ServiceProvider.php(150): Illuminate/Container/Container->call(Object(Closure))
#17 E:/laravel_project/passport-api/vendor/laravel/framework/src/Illuminate/Foundation/Application.php(1154): Illuminate/Support/ServiceProvider->callBootedCallbacks()
#18 E:/laravel_project/passport-api/vendor/laravel/framework/src/Illuminate/Foundation/Application.php(1132): Illuminate/Foundation/Application->bootProvider(Object(Illuminate/Foundation/Support/Providers/RouteServiceProvider))
#19 [internal function]: Illuminate/Foundation/Application->Illuminate/Foundation/{closure}(Object(Illuminate/Foundation/Support/Providers/RouteServiceProvider), 'Illuminate//Foun...')
#20 E:/laravel_project/passport-api/vendor/laravel/framework/src/Illuminate/Foundation/Application.php(1131): array_walk(Array, Object(Closure))
#21 E:/laravel_project/passport-api/vendor/laravel/framework/src/Illuminate/Foundation/Bootstrap/BootProviders.php(17): Illuminate/Foundation/Application->boot()
#22 E:/laravel_project/passport-api/vendor/laravel/framework/src/Illuminate/Foundation/Application.php(342): Illuminate/Foundation/Bootstrap/BootProviders->bootstrap(Object(Illuminate/Foundation/Application))
#23 E:/laravel_project/passport-api/vendor/laravel/framework/src/Illuminate/Foundation/Console/Kernel.php(494): Illuminate/Foundation/Application->bootstrapWith(Array)
#24 E:/laravel_project/passport-api/vendor/laravel/framework/src/Illuminate/Foundation/Console/Kernel.php(196): Illuminate/Foundation/Console/Kernel->bootstrap()
#25 E:/laravel_project/passport-api/vendor/laravel/framework/src/Illuminate/Foundation/Application.php(1235): Illuminate/Foundation/Console/Kernel->handle(Object(Symfony/Component/Console/Input/ArgvInput), Object(Symfony/Component/Console/Output/ConsoleOutput))
#26 E:/laravel_project/passport-api/artisan(16): Illuminate/Foundation/Application->handleCommand(Object(Symfony/Component/Console/Input/ArgvInput))
#27 {main}
"} 
[2026-03-26 15:13:07] local.ERROR: syntax error, unexpected end of file {"exception":"[object] (ParseError(code: 0): syntax error, unexpected end of file at E:/laravel_project/passport-api/routes/api.php:24)
[stacktrace]
#0 E:/laravel_project/passport-api/vendor/laravel/framework/src/Illuminate/Routing/Router.php(526): Illuminate/Routing/RouteFileRegistrar->register('E://laravel_proj...')
#1 E:/laravel_project/passport-api/vendor/laravel/framework/src/Illuminate/Routing/Router.php(480): Illuminate/Routing/Router->loadRoutes('E://laravel_proj...')
#2 E:/laravel_project/passport-api/vendor/laravel/framework/src/Illuminate/Routing/RouteRegistrar.php(212): Illuminate/Routing/Router->group(Array, 'E://laravel_proj...')
#3 E:/laravel_project/passport-api/vendor/laravel/framework/src/Illuminate/Foundation/Configuration/ApplicationBuilder.php(214): Illuminate/Routing/RouteRegistrar->group('E://laravel_proj...')
#4 E:/laravel_project/passport-api/vendor/laravel/framework/src/Illuminate/Container/BoundMethod.php(36): Illuminate/Foundation/Configuration/ApplicationBuilder->Illuminate/Foundation/Configuration/{closure}()
#5 E:/laravel_project/passport-api/vendor/laravel/framework/src/Illuminate/Container/Util.php(43): Illuminate/Container/BoundMethod::Illuminate/Container/{closure}()
#6 E:/laravel_project/passport-api/vendor/laravel/framework/src/Illuminate/Container/BoundMethod.php(84): Illuminate/Container/Util::unwrapIfClosure(Object(Closure))
#7 E:/laravel_project/passport-api/vendor/laravel/framework/src/Illuminate/Container/BoundMethod.php(35): Illuminate/Container/BoundMethod::callBoundMethod(Object(Illuminate/Foundation/Application), Object(Closure), Object(Closure))
#8 E:/laravel_project/passport-api/vendor/laravel/framework/src/Illuminate/Container/Container.php(799): Illuminate/Container/BoundMethod::call(Object(Illuminate/Foundation/Application), Object(Closure), Array, NULL)
#9 E:/laravel_project/passport-api/vendor/laravel/framework/src/Illuminate/Foundation/Support/Providers/RouteServiceProvider.php(162): Illuminate/Container/Container->call(Object(Closure))
#10 E:/laravel_project/passport-api/vendor/laravel/framework/src/Illuminate/Foundation/Support/Providers/RouteServiceProvider.php(59): Illuminate/Foundation/Support/Providers/RouteServiceProvider->loadRoutes()
#11 E:/laravel_project/passport-api/vendor/laravel/framework/src/Illuminate/Container/BoundMethod.php(36): Illuminate/Foundation/Support/Providers/RouteServiceProvider->Illuminate/Foundation/Support/Providers/{closure}()
#12 E:/laravel_project/passport-api/vendor/laravel/framework/src/Illuminate/Container/Util.php(43): Illuminate/Container/BoundMethod::Illuminate/Container/{closure}()
#13 E:/laravel_project/passport-api/vendor/laravel/framework/src/Illuminate/Container/BoundMethod.php(84): Illuminate/Container/Util::unwrapIfClosure(Object(Closure))
#14 E:/laravel_project/passport-api/vendor/laravel/framework/src/Illuminate/Container/BoundMethod.php(35): Illuminate/Container/BoundMethod::callBoundMethod(Object(Illuminate/Foundation/Application), Object(Closure), Object(Closure))
#15 E:/laravel_project/passport-api/vendor/laravel/framework/src/Illuminate/Container/Container.php(799): Illuminate/Container/BoundMethod::call(Object(Illuminate/Foundation/Application), Object(Closure), Array, NULL)
#16 E:/laravel_project/passport-api/vendor/laravel/framework/src/Illuminate/Support/ServiceProvider.php(150): Illuminate/Container/Container->call(Object(Closure))
#17 E:/laravel_project/passport-api/vendor/laravel/framework/src/Illuminate/Foundation/Application.php(1154): Illuminate/Support/ServiceProvider->callBootedCallbacks()
#18 E:/laravel_project/passport-api/vendor/laravel/framework/src/Illuminate/Foundation/Application.php(1132): Illuminate/Foundation/Application->bootProvider(Object(Illuminate/Foundation/Support/Providers/RouteServiceProvider))
#19 [internal function]: Illuminate/Foundation/Application->Illuminate/Foundation/{closure}(Object(Illuminate/Foundation/Support/Providers/RouteServiceProvider), 'Illuminate//Foun...')
#20 E:/laravel_project/passport-api/vendor/laravel/framework/src/Illuminate/Foundation/Application.php(1131): array_walk(Array, Object(Closure))
#21 E:/laravel_project/passport-api/vendor/laravel/framework/src/Illuminate/Foundation/Bootstrap/BootProviders.php(17): Illuminate/Foundation/Application->boot()
#22 E:/laravel_project/passport-api/vendor/laravel/framework/src/Illuminate/Foundation/Application.php(342): Illuminate/Foundation/Bootstrap/BootProviders->bootstrap(Object(Illuminate/Foundation/Application))
#23 E:/laravel_project/passport-api/vendor/laravel/framework/src/Illuminate/Foundation/Console/Kernel.php(494): Illuminate/Foundation/Application->bootstrapWith(Array)
#24 E:/laravel_project/passport-api/vendor/laravel/framework/src/Illuminate/Foundation/Console/Kernel.php(196): Illuminate/Foundation/Console/Kernel->bootstrap()
#25 Command line code(1): Illuminate/Foundation/Console/Kernel->handle(Object(Symfony/Component/Console/Input/ArgvInput), Object(Symfony/Component/Console/Output/ConsoleOutput))
#26 {main}
"} 
[2026-03-26 15:13:07] local.ERROR: syntax error, unexpected end of file {"exception":"[object] (ParseError(code: 0): syntax error, unexpected end of file at E:/laravel_project/passport-api/routes/api.php:24)
[stacktrace]
#0 E:/laravel_project/passport-api/vendor/laravel/framework/src/Illuminate/Routing/Router.php(526): Illuminate/Routing/RouteFileRegistrar->register('E://laravel_proj...')
#1 E:/laravel_project/passport-api/vendor/laravel/framework/src/Illuminate/Routing/Router.php(480): Illuminate/Routing/Router->loadRoutes('E://laravel_proj...')
#2 E:/laravel_project/passport-api/vendor/laravel/framework/src/Illuminate/Routing/RouteRegistrar.php(212): Illuminate/Routing/Router->group(Array, 'E://laravel_proj...')
#3 E:/laravel_project/passport-api/vendor/laravel/framework/src/Illuminate/Foundation/Configuration/ApplicationBuilder.php(214): Illuminate/Routing/RouteRegistrar->group('E://laravel_proj...')
#4 E:/laravel_project/passport-api/vendor/laravel/framework/src/Illuminate/Container/BoundMethod.php(36): Illuminate/Foundation/Configuration/ApplicationBuilder->Illuminate/Foundation/Configuration/{closure}()
#5 E:/laravel_project/passport-api/vendor/laravel/framework/src/Illuminate/Container/Util.php(43): Illuminate/Container/BoundMethod::Illuminate/Container/{closure}()
#6 E:/laravel_project/passport-api/vendor/laravel/framework/src/Illuminate/Container/BoundMethod.php(84): Illuminate/Container/Util::unwrapIfClosure(Object(Closure))
#7 E:/laravel_project/passport-api/vendor/laravel/framework/src/Illuminate/Container/BoundMethod.php(35): Illuminate/Container/BoundMethod::callBoundMethod(Object(Illuminate/Foundation/Application), Object(Closure), Object(Closure))
#8 E:/laravel_project/passport-api/vendor/laravel/framework/src/Illuminate/Container/Container.php(799): Illuminate/Container/BoundMethod::call(Object(Illuminate/Foundation/Application), Object(Closure), Array, NULL)
#9 E:/laravel_project/passport-api/vendor/laravel/framework/src/Illuminate/Foundation/Support/Providers/RouteServiceProvider.php(162): Illuminate/Container/Container->call(Object(Closure))
#10 E:/laravel_project/passport-api/vendor/laravel/framework/src/Illuminate/Foundation/Support/Providers/RouteServiceProvider.php(59): Illuminate/Foundation/Support/Providers/RouteServiceProvider->loadRoutes()
#11 E:/laravel_project/passport-api/vendor/laravel/framework/src/Illuminate/Container/BoundMethod.php(36): Illuminate/Foundation/Support/Providers/RouteServiceProvider->Illuminate/Foundation/Support/Providers/{closure}()
#12 E:/laravel_project/passport-api/vendor/laravel/framework/src/Illuminate/Container/Util.php(43): Illuminate/Container/BoundMethod::Illuminate/Container/{closure}()
#13 E:/laravel_project/passport-api/vendor/laravel/framework/src/Illuminate/Container/BoundMethod.php(84): Illuminate/Container/Util::unwrapIfClosure(Object(Closure))
#14 E:/laravel_project/passport-api/vendor/laravel/framework/src/Illuminate/Container/BoundMethod.php(35): Illuminate/Container/BoundMethod::callBoundMethod(Object(Illuminate/Foundation/Application), Object(Closure), Object(Closure))
#15 E:/laravel_project/passport-api/vendor/laravel/framework/src/Illuminate/Container/Container.php(799): Illuminate/Container/BoundMethod::call(Object(Illuminate/Foundation/Application), Object(Closure), Array, NULL)
#16 E:/laravel_project/passport-api/vendor/laravel/framework/src/Illuminate/Support/ServiceProvider.php(150): Illuminate/Container/Container->call(Object(Closure))
#17 E:/laravel_project/passport-api/vendor/laravel/framework/src/Illuminate/Foundation/Application.php(1154): Illuminate/Support/ServiceProvider->callBootedCallbacks()
#18 E:/laravel_project/passport-api/vendor/laravel/framework/src/Illuminate/Foundation/Application.php(1132): Illuminate/Foundation/Application->bootProvider(Object(Illuminate/Foundation/Support/Providers/RouteServiceProvider))
#19 [internal function]: Illuminate/Foundation/Application->Illuminate/Foundation/{closure}(Object(Illuminate/Foundation/Support/Providers/RouteServiceProvider), 'Illuminate//Foun...')
#20 E:/laravel_project/passport-api/vendor/laravel/framework/src/Illuminate/Foundation/Application.php(1131): array_walk(Array, Object(Closure))
#21 E:/laravel_project/passport-api/vendor/laravel/framework/src/Illuminate/Foundation/Bootstrap/BootProviders.php(17): Illuminate/Foundation/Application->boot()
#22 E:/laravel_project/passport-api/vendor/laravel/framework/src/Illuminate/Foundation/Application.php(342): Illuminate/Foundation/Bootstrap/BootProviders->bootstrap(Object(Illuminate/Foundation/Application))
#23 E:/laravel_project/passport-api/vendor/laravel/framework/src/Illuminate/Foundation/Console/Kernel.php(494): Illuminate/Foundation/Application->bootstrapWith(Array)
#24 E:/laravel_project/passport-api/vendor/laravel/framework/src/Illuminate/Foundation/Console/Kernel.php(196): Illuminate/Foundation/Console/Kernel->bootstrap()
#25 Command line code(1): Illuminate/Foundation/Console/Kernel->handle(Object(Symfony/Component/Console/Input/ArgvInput), Object(Symfony/Component/Console/Output/ConsoleOutput))
#26 {main}
"} 
[2026-03-26 15:13:07] local.ERROR: syntax error, unexpected end of file {"exception":"[object] (ParseError(code: 0): syntax error, unexpected end of file at E:/laravel_project/passport-api/routes/api.php:24)
[stacktrace]
#0 E:/laravel_project/passport-api/vendor/laravel/framework/src/Illuminate/Routing/Router.php(526): Illuminate/Routing/RouteFileRegistrar->register('E://laravel_proj...')
#1 E:/laravel_project/passport-api/vendor/laravel/framework/src/Illuminate/Routing/Router.php(480): Illuminate/Routing/Router->loadRoutes('E://laravel_proj...')
#2 E:/laravel_project/passport-api/vendor/laravel/framework/src/Illuminate/Routing/RouteRegistrar.php(212): Illuminate/Routing/Router->group(Array, 'E://laravel_proj...')
#3 E:/laravel_project/passport-api/vendor/laravel/framework/src/Illuminate/Foundation/Configuration/ApplicationBuilder.php(214): Illuminate/Routing/RouteRegistrar->group('E://laravel_proj...')
#4 E:/laravel_project/passport-api/vendor/laravel/framework/src/Illuminate/Container/BoundMethod.php(36): Illuminate/Foundation/Configuration/ApplicationBuilder->Illuminate/Foundation/Configuration/{closure}()
#5 E:/laravel_project/passport-api/vendor/laravel/framework/src/Illuminate/Container/Util.php(43): Illuminate/Container/BoundMethod::Illuminate/Container/{closure}()
#6 E:/laravel_project/passport-api/vendor/laravel/framework/src/Illuminate/Container/BoundMethod.php(84): Illuminate/Container/Util::unwrapIfClosure(Object(Closure))
#7 E:/laravel_project/passport-api/vendor/laravel/framework/src/Illuminate/Container/BoundMethod.php(35): Illuminate/Container/BoundMethod::callBoundMethod(Object(Illuminate/Foundation/Application), Object(Closure), Object(Closure))
#8 E:/laravel_project/passport-api/vendor/laravel/framework/src/Illuminate/Container/Container.php(799): Illuminate/Container/BoundMethod::call(Object(Illuminate/Foundation/Application), Object(Closure), Array, NULL)
#9 E:/laravel_project/passport-api/vendor/laravel/framework/src/Illuminate/Foundation/Support/Providers/RouteServiceProvider.php(162): Illuminate/Container/Container->call(Object(Closure))
#10 E:/laravel_project/passport-api/vendor/laravel/framework/src/Illuminate/Foundation/Support/Providers/RouteServiceProvider.php(59): Illuminate/Foundation/Support/Providers/RouteServiceProvider->loadRoutes()
#11 E:/laravel_project/passport-api/vendor/laravel/framework/src/Illuminate/Container/BoundMethod.php(36): Illuminate/Foundation/Support/Providers/RouteServiceProvider->Illuminate/Foundation/Support/Providers/{closure}()
#12 E:/laravel_project/passport-api/vendor/laravel/framework/src/Illuminate/Container/Util.php(43): Illuminate/Container/BoundMethod::Illuminate/Container/{closure}()
#13 E:/laravel_project/passport-api/vendor/laravel/framework/src/Illuminate/Container/BoundMethod.php(84): Illuminate/Container/Util::unwrapIfClosure(Object(Closure))
#14 E:/laravel_project/passport-api/vendor/laravel/framework/src/Illuminate/Container/BoundMethod.php(35): Illuminate/Container/BoundMethod::callBoundMethod(Object(Illuminate/Foundation/Application), Object(Closure), Object(Closure))
#15 E:/laravel_project/passport-api/vendor/laravel/framework/src/Illuminate/Container/Container.php(799): Illuminate/Container/BoundMethod::call(Object(Illuminate/Foundation/Application), Object(Closure), Array, NULL)
#16 E:/laravel_project/passport-api/vendor/laravel/framework/src/Illuminate/Support/ServiceProvider.php(150): Illuminate/Container/Container->call(Object(Closure))
#17 E:/laravel_project/passport-api/vendor/laravel/framework/src/Illuminate/Foundation/Application.php(1154): Illuminate/Support/ServiceProvider->callBootedCallbacks()
#18 E:/laravel_project/passport-api/vendor/laravel/framework/src/Illuminate/Foundation/Application.php(1132): Illuminate/Foundation/Application->bootProvider(Object(Illuminate/Foundation/Support/Providers/RouteServiceProvider))
#19 [internal function]: Illuminate/Foundation/Application->Illuminate/Foundation/{closure}(Object(Illuminate/Foundation/Support/Providers/RouteServiceProvider), 'Illuminate//Foun...')
#20 E:/laravel_project/passport-api/vendor/laravel/framework/src/Illuminate/Foundation/Application.php(1131): array_walk(Array, Object(Closure))
#21 E:/laravel_project/passport-api/vendor/laravel/framework/src/Illuminate/Foundation/Bootstrap/BootProviders.php(17): Illuminate/Foundation/Application->boot()
#22 E:/laravel_project/passport-api/vendor/laravel/framework/src/Illuminate/Foundation/Application.php(342): Illuminate/Foundation/Bootstrap/BootProviders->bootstrap(Object(Illuminate/Foundation/Application))
#23 E:/laravel_project/passport-api/vendor/laravel/framework/src/Illuminate/Foundation/Console/Kernel.php(494): Illuminate/Foundation/Application->bootstrapWith(Array)
#24 E:/laravel_project/passport-api/vendor/laravel/framework/src/Illuminate/Foundation/Console/Kernel.php(196): Illuminate/Foundation/Console/Kernel->bootstrap()
#25 Command line code(1): Illuminate/Foundation/Console/Kernel->handle(Object(Symfony/Component/Console/Input/ArgvInput), Object(Symfony/Component/Console/Output/ConsoleOutput))
#26 {main}
"} 
[2026-03-26 15:18:47] local.ERROR: Target class [ApiController] does not exist. {"exception":"[object] (Illuminate\\Contracts\\Container\\BindingResolutionException(code: 0): Target class [ApiController] does not exist. at E:/laravel_project/passport-api/vendor/laravel/framework/src/Illuminate/Container/Container.php:1124)
[stacktrace]
#0 E:/laravel_project/passport-api/vendor/laravel/framework/src/Illuminate/Container/Container.php(933): Illuminate/Container/Container->build('ApiController')
#1 E:/laravel_project/passport-api/vendor/laravel/framework/src/Illuminate/Foundation/Application.php(1078): Illuminate/Container/Container->resolve('ApiController', Array, true)
#2 E:/laravel_project/passport-api/vendor/laravel/framework/src/Illuminate/Container/Container.php(864): Illuminate/Foundation/Application->resolve('ApiController', Array)
#3 E:/laravel_project/passport-api/vendor/laravel/framework/src/Illuminate/Foundation/Application.php(1058): Illuminate/Container/Container->make('ApiController', Array)
#4 E:/laravel_project/passport-api/vendor/laravel/framework/src/Illuminate/Routing/Route.php(286): Illuminate/Foundation/Application->make('ApiController')
#5 E:/laravel_project/passport-api/vendor/laravel/framework/src/Illuminate/Routing/Route.php(266): Illuminate/Routing/Route->getController()
#6 E:/laravel_project/passport-api/vendor/laravel/framework/src/Illuminate/Routing/Route.php(211): Illuminate/Routing/Route->runController()
#7 E:/laravel_project/passport-api/vendor/laravel/framework/src/Illuminate/Routing/Router.php(822): Illuminate/Routing/Route->run()
#8 E:/laravel_project/passport-api/vendor/laravel/framework/src/Illuminate/Pipeline/Pipeline.php(180): Illuminate/Routing/Router->Illuminate/Routing/{closure}(Object(Illuminate/Http/Request))
#9 E:/laravel_project/passport-api/vendor/laravel/framework/src/Illuminate/Routing/Middleware/SubstituteBindings.php(50): Illuminate/Pipeline/Pipeline->Illuminate/Pipeline/{closure}(Object(Illuminate/Http/Request))
#10 E:/laravel_project/passport-api/vendor/laravel/framework/src/Illuminate/Pipeline/Pipeline.php(219): Illuminate/Routing/Middleware/SubstituteBindings->handle(Object(Illuminate/Http/Request), Object(Closure))
#11 E:/laravel_project/passport-api/vendor/laravel/framework/src/Illuminate/Pipeline/Pipeline.php(137): Illuminate/Pipeline/Pipeline->Illuminate/Pipeline/{closure}(Object(Illuminate/Http/Request))
#12 E:/laravel_project/passport-api/vendor/laravel/framework/src/Illuminate/Routing/Router.php(821): Illuminate/Pipeline/Pipeline->then(Object(Closure))
#13 E:/laravel_project/passport-api/vendor/laravel/framework/src/Illuminate/Routing/Router.php(800): Illuminate/Routing/Router->runRouteWithinStack(Object(Illuminate/Routing/Route), Object(Illuminate/Http/Request))
#14 E:/laravel_project/passport-api/vendor/laravel/framework/src/Illuminate/Routing/Router.php(764): Illuminate/Routing/Router->runRoute(Object(Illuminate/Http/Request), Object(Illuminate/Routing/Route))
#15 E:/laravel_project/passport-api/vendor/laravel/framework/src/Illuminate/Routing/Router.php(753): Illuminate/Routing/Router->dispatchToRoute(Object(Illuminate/Http/Request))
#16 E:/laravel_project/passport-api/vendor/laravel/framework/src/Illuminate/Foundation/Http/Kernel.php(200): Illuminate/Routing/Router->dispatch(Object(Illuminate/Http/Request))
#17 E:/laravel_project/passport-api/vendor/laravel/framework/src/Illuminate/Pipeline/Pipeline.php(180): Illuminate/Foundation/Http/Kernel->Illuminate/Foundation/Http/{closure}(Object(Illuminate/Http/Request))
#18 E:/laravel_project/passport-api/vendor/laravel/framework/src/Illuminate/Foundation/Http/Middleware/TransformsRequest.php(21): Illuminate/Pipeline/Pipeline->Illuminate/Pipeline/{closure}(Object(Illuminate/Http/Request))
#19 E:/laravel_project/passport-api/vendor/laravel/framework/src/Illuminate/Foundation/Http/Middleware/ConvertEmptyStringsToNull.php(31): Illuminate/Foundation/Http/Middleware/TransformsRequest->handle(Object(Illuminate/Http/Request), Object(Closure))
#20 E:/laravel_project/passport-api/vendor/laravel/framework/src/Illuminate/Pipeline/Pipeline.php(219): Illuminate/Foundation/Http/Middleware/ConvertEmptyStringsToNull->handle(Object(Illuminate/Http/Request), Object(Closure))
#21 E:/laravel_project/passport-api/vendor/laravel/framework/src/Illuminate/Foundation/Http/Middleware/TransformsRequest.php(21): Illuminate/Pipeline/Pipeline->Illuminate/Pipeline/{closure}(Object(Illuminate/Http/Request))
#22 E:/laravel_project/passport-api/vendor/laravel/framework/src/Illuminate/Foundation/Http/Middleware/TrimStrings.php(51): Illuminate/Foundation/Http/Middleware/TransformsRequest->handle(Object(Illuminate/Http/Request), Object(Closure))
#23 E:/laravel_project/passport-api/vendor/laravel/framework/src/Illuminate/Pipeline/Pipeline.php(219): Illuminate/Foundation/Http/Middleware/TrimStrings->handle(Object(Illuminate/Http/Request), Object(Closure))
#24 E:/laravel_project/passport-api/vendor/laravel/framework/src/Illuminate/Http/Middleware/ValidatePostSize.php(27): Illuminate/Pipeline/Pipeline->Illuminate/Pipeline/{closure}(Object(Illuminate/Http/Request))
#25 E:/laravel_project/passport-api/vendor/laravel/framework/src/Illuminate/Pipeline/Pipeline.php(219): Illuminate/Http/Middleware/ValidatePostSize->handle(Object(Illuminate/Http/Request), Object(Closure))
#26 E:/laravel_project/passport-api/vendor/laravel/framework/src/Illuminate/Foundation/Http/Middleware/PreventRequestsDuringMaintenance.php(109): Illuminate/Pipeline/Pipeline->Illuminate/Pipeline/{closure}(Object(Illuminate/Http/Request))
#27 E:/laravel_project/passport-api/vendor/laravel/framework/src/Illuminate/Pipeline/Pipeline.php(219): Illuminate/Foundation/Http/Middleware/PreventRequestsDuringMaintenance->handle(Object(Illuminate/Http/Request), Object(Closure))
#28 E:/laravel_project/passport-api/vendor/laravel/framework/src/Illuminate/Http/Middleware/HandleCors.php(74): Illuminate/Pipeline/Pipeline->Illuminate/Pipeline/{closure}(Object(Illuminate/Http/Request))
#29 E:/laravel_project/passport-api/vendor/laravel/framework/src/Illuminate/Pipeline/Pipeline.php(219): Illuminate/Http/Middleware/HandleCors->handle(Object(Illuminate/Http/Request), Object(Closure))
#30 E:/laravel_project/passport-api/vendor/laravel/framework/src/Illuminate/Http/Middleware/TrustProxies.php(58): Illuminate/Pipeline/Pipeline->Illuminate/Pipeline/{closure}(Object(Illuminate/Http/Request))
#31 E:/laravel_project/passport-api/vendor/laravel/framework/src/Illuminate/Pipeline/Pipeline.php(219): Illuminate/Http/Middleware/TrustProxies->handle(Object(Illuminate/Http/Request), Object(Closure))
#32 E:/laravel_project/passport-api/vendor/laravel/framework/src/Illuminate/Foundation/Http/Middleware/InvokeDeferredCallbacks.php(22): Illuminate/Pipeline/Pipeline->Illuminate/Pipeline/{closure}(Object(Illuminate/Http/Request))
#33 E:/laravel_project/passport-api/vendor/laravel/framework/src/Illuminate/Pipeline/Pipeline.php(219): Illuminate/Foundation/Http/Middleware/InvokeDeferredCallbacks->handle(Object(Illuminate/Http/Request), Object(Closure))
#34 E:/laravel_project/passport-api/vendor/laravel/framework/src/Illuminate/Http/Middleware/ValidatePathEncoding.php(26): Illuminate/Pipeline/Pipeline->Illuminate/Pipeline/{closure}(Object(Illuminate/Http/Request))
#35 E:/laravel_project/passport-api/vendor/laravel/framework/src/Illuminate/Pipeline/Pipeline.php(219): Illuminate/Http/Middleware/ValidatePathEncoding->handle(Object(Illuminate/Http/Request), Object(Closure))
#36 E:/laravel_project/passport-api/vendor/laravel/framework/src/Illuminate/Pipeline/Pipeline.php(137): Illuminate/Pipeline/Pipeline->Illuminate/Pipeline/{closure}(Object(Illuminate/Http/Request))
#37 E:/laravel_project/passport-api/vendor/laravel/framework/src/Illuminate/Foundation/Http/Kernel.php(175): Illuminate/Pipeline/Pipeline->then(Object(Closure))
#38 E:/laravel_project/passport-api/vendor/laravel/framework/src/Illuminate/Foundation/Http/Kernel.php(144): Illuminate/Foundation/Http/Kernel->sendRequestThroughRouter(Object(Illuminate/Http/Request))
#39 E:/laravel_project/passport-api/vendor/laravel/framework/src/Illuminate/Foundation/Application.php(1220): Illuminate/Foundation/Http/Kernel->handle(Object(Illuminate/Http/Request))
#40 E:/laravel_project/passport-api/public/index.php(20): Illuminate/Foundation/Application->handleRequest(Object(Illuminate/Http/Request))
#41 E:/laravel_project/passport-api/vendor/laravel/framework/src/Illuminate/Foundation/resources/server.php(23): require_once('E://laravel_proj...')
#42 {main}

[previous exception] [object] (ReflectionException(code: -1): Class \"ApiController\" does not exist at E:/laravel_project/passport-api/vendor/laravel/framework/src/Illuminate/Container/Container.php:1122)
[stacktrace]
#0 E:/laravel_project/passport-api/vendor/laravel/framework/src/Illuminate/Container/Container.php(1122): ReflectionClass->__construct('ApiController')
#1 E:/laravel_project/passport-api/vendor/laravel/framework/src/Illuminate/Container/Container.php(933): Illuminate/Container/Container->build('ApiController')
#2 E:/laravel_project/passport-api/vendor/laravel/framework/src/Illuminate/Foundation/Application.php(1078): Illuminate/Container/Container->resolve('ApiController', Array, true)
#3 E:/laravel_project/passport-api/vendor/laravel/framework/src/Illuminate/Container/Container.php(864): Illuminate/Foundation/Application->resolve('ApiController', Array)
#4 E:/laravel_project/passport-api/vendor/laravel/framework/src/Illuminate/Foundation/Application.php(1058): Illuminate/Container/Container->make('ApiController', Array)
#5 E:/laravel_project/passport-api/vendor/laravel/framework/src/Illuminate/Routing/Route.php(286): Illuminate/Foundation/Application->make('ApiController')
#6 E:/laravel_project/passport-api/vendor/laravel/framework/src/Illuminate/Routing/Route.php(266): Illuminate/Routing/Route->getController()
#7 E:/laravel_project/passport-api/vendor/laravel/framework/src/Illuminate/Routing/Route.php(211): Illuminate/Routing/Route->runController()
#8 E:/laravel_project/passport-api/vendor/laravel/framework/src/Illuminate/Routing/Router.php(822): Illuminate/Routing/Route->run()
#9 E:/laravel_project/passport-api/vendor/laravel/framework/src/Illuminate/Pipeline/Pipeline.php(180): Illuminate/Routing/Router->Illuminate/Routing/{closure}(Object(Illuminate/Http/Request))
#10 E:/laravel_project/passport-api/vendor/laravel/framework/src/Illuminate/Routing/Middleware/SubstituteBindings.php(50): Illuminate/Pipeline/Pipeline->Illuminate/Pipeline/{closure}(Object(Illuminate/Http/Request))
#11 E:/laravel_project/passport-api/vendor/laravel/framework/src/Illuminate/Pipeline/Pipeline.php(219): Illuminate/Routing/Middleware/SubstituteBindings->handle(Object(Illuminate/Http/Request), Object(Closure))
#12 E:/laravel_project/passport-api/vendor/laravel/framework/src/Illuminate/Pipeline/Pipeline.php(137): Illuminate/Pipeline/Pipeline->Illuminate/Pipeline/{closure}(Object(Illuminate/Http/Request))
#13 E:/laravel_project/passport-api/vendor/laravel/framework/src/Illuminate/Routing/Router.php(821): Illuminate/Pipeline/Pipeline->then(Object(Closure))
#14 E:/laravel_project/passport-api/vendor/laravel/framework/src/Illuminate/Routing/Router.php(800): Illuminate/Routing/Router->runRouteWithinStack(Object(Illuminate/Routing/Route), Object(Illuminate/Http/Request))
#15 E:/laravel_project/passport-api/vendor/laravel/framework/src/Illuminate/Routing/Router.php(764): Illuminate/Routing/Router->runRoute(Object(Illuminate/Http/Request), Object(Illuminate/Routing/Route))
#16 E:/laravel_project/passport-api/vendor/laravel/framework/src/Illuminate/Routing/Router.php(753): Illuminate/Routing/Router->dispatchToRoute(Object(Illuminate/Http/Request))
#17 E:/laravel_project/passport-api/vendor/laravel/framework/src/Illuminate/Foundation/Http/Kernel.php(200): Illuminate/Routing/Router->dispatch(Object(Illuminate/Http/Request))
#18 E:/laravel_project/passport-api/vendor/laravel/framework/src/Illuminate/Pipeline/Pipeline.php(180): Illuminate/Foundation/Http/Kernel->Illuminate/Foundation/Http/{closure}(Object(Illuminate/Http/Request))
#19 E:/laravel_project/passport-api/vendor/laravel/framework/src/Illuminate/Foundation/Http/Middleware/TransformsRequest.php(21): Illuminate/Pipeline/Pipeline->Illuminate/Pipeline/{closure}(Object(Illuminate/Http/Request))
#20 E:/laravel_project/passport-api/vendor/laravel/framework/src/Illuminate/Foundation/Http/Middleware/ConvertEmptyStringsToNull.php(31): Illuminate/Foundation/Http/Middleware/TransformsRequest->handle(Object(Illuminate/Http/Request), Object(Closure))
#21 E:/laravel_project/passport-api/vendor/laravel/framework/src/Illuminate/Pipeline/Pipeline.php(219): Illuminate/Foundation/Http/Middleware/ConvertEmptyStringsToNull->handle(Object(Illuminate/Http/Request), Object(Closure))
#22 E:/laravel_project/passport-api/vendor/laravel/framework/src/Illuminate/Foundation/Http/Middleware/TransformsRequest.php(21): Illuminate/Pipeline/Pipeline->Illuminate/Pipeline/{closure}(Object(Illuminate/Http/Request))
#23 E:/laravel_project/passport-api/vendor/laravel/framework/src/Illuminate/Foundation/Http/Middleware/TrimStrings.php(51): Illuminate/Foundation/Http/Middleware/TransformsRequest->handle(Object(Illuminate/Http/Request), Object(Closure))
#24 E:/laravel_project/passport-api/vendor/laravel/framework/src/Illuminate/Pipeline/Pipeline.php(219): Illuminate/Foundation/Http/Middleware/TrimStrings->handle(Object(Illuminate/Http/Request), Object(Closure))
#25 E:/laravel_project/passport-api/vendor/laravel/framework/src/Illuminate/Http/Middleware/ValidatePostSize.php(27): Illuminate/Pipeline/Pipeline->Illuminate/Pipeline/{closure}(Object(Illuminate/Http/Request))
#26 E:/laravel_project/passport-api/vendor/laravel/framework/src/Illuminate/Pipeline/Pipeline.php(219): Illuminate/Http/Middleware/ValidatePostSize->handle(Object(Illuminate/Http/Request), Object(Closure))
#27 E:/laravel_project/passport-api/vendor/laravel/framework/src/Illuminate/Foundation/Http/Middleware/PreventRequestsDuringMaintenance.php(109): Illuminate/Pipeline/Pipeline->Illuminate/Pipeline/{closure}(Object(Illuminate/Http/Request))
#28 E:/laravel_project/passport-api/vendor/laravel/framework/src/Illuminate/Pipeline/Pipeline.php(219): Illuminate/Foundation/Http/Middleware/PreventRequestsDuringMaintenance->handle(Object(Illuminate/Http/Request), Object(Closure))
#29 E:/laravel_project/passport-api/vendor/laravel/framework/src/Illuminate/Http/Middleware/HandleCors.php(74): Illuminate/Pipeline/Pipeline->Illuminate/Pipeline/{closure}(Object(Illuminate/Http/Request))
#30 E:/laravel_project/passport-api/vendor/laravel/framework/src/Illuminate/Pipeline/Pipeline.php(219): Illuminate/Http/Middleware/HandleCors->handle(Object(Illuminate/Http/Request), Object(Closure))
#31 E:/laravel_project/passport-api/vendor/laravel/framework/src/Illuminate/Http/Middleware/TrustProxies.php(58): Illuminate/Pipeline/Pipeline->Illuminate/Pipeline/{closure}(Object(Illuminate/Http/Request))
#32 E:/laravel_project/passport-api/vendor/laravel/framework/src/Illuminate/Pipeline/Pipeline.php(219): Illuminate/Http/Middleware/TrustProxies->handle(Object(Illuminate/Http/Request), Object(Closure))
#33 E:/laravel_project/passport-api/vendor/laravel/framework/src/Illuminate/Foundation/Http/Middleware/InvokeDeferredCallbacks.php(22): Illuminate/Pipeline/Pipeline->Illuminate/Pipeline/{closure}(Object(Illuminate/Http/Request))
#34 E:/laravel_project/passport-api/vendor/laravel/framework/src/Illuminate/Pipeline/Pipeline.php(219): Illuminate/Foundation/Http/Middleware/InvokeDeferredCallbacks->handle(Object(Illuminate/Http/Request), Object(Closure))
#35 E:/laravel_project/passport-api/vendor/laravel/framework/src/Illuminate/Http/Middleware/ValidatePathEncoding.php(26): Illuminate/Pipeline/Pipeline->Illuminate/Pipeline/{closure}(Object(Illuminate/Http/Request))
#36 E:/laravel_project/passport-api/vendor/laravel/framework/src/Illuminate/Pipeline/Pipeline.php(219): Illuminate/Http/Middleware/ValidatePathEncoding->handle(Object(Illuminate/Http/Request), Object(Closure))
#37 E:/laravel_project/passport-api/vendor/laravel/framework/src/Illuminate/Pipeline/Pipeline.php(137): Illuminate/Pipeline/Pipeline->Illuminate/Pipeline/{closure}(Object(Illuminate/Http/Request))
#38 E:/laravel_project/passport-api/vendor/laravel/framework/src/Illuminate/Foundation/Http/Kernel.php(175): Illuminate/Pipeline/Pipeline->then(Object(Closure))
#39 E:/laravel_project/passport-api/vendor/laravel/framework/src/Illuminate/Foundation/Http/Kernel.php(144): Illuminate/Foundation/Http/Kernel->sendRequestThroughRouter(Object(Illuminate/Http/Request))
#40 E:/laravel_project/passport-api/vendor/laravel/framework/src/Illuminate/Foundation/Application.php(1220): Illuminate/Foundation/Http/Kernel->handle(Object(Illuminate/Http/Request))
#41 E:/laravel_project/passport-api/public/index.php(20): Illuminate/Foundation/Application->handleRequest(Object(Illuminate/Http/Request))
#42 E:/laravel_project/passport-api/vendor/laravel/framework/src/Illuminate/Foundation/resources/server.php(23): require_once('E://laravel_proj...')
#43 {main}
"} 
[2026-03-26 15:21:00] local.ERROR: Class "App\Model\User" not found {"exception":"[object] (Error(code: 0): Class \"App\\Model\\User\" not found at E:/laravel_project/passport-api/app/Http/Controllers/Api/ApiController.php:20)
[stacktrace]
#0 E:/laravel_project/passport-api/vendor/laravel/framework/src/Illuminate/Routing/ControllerDispatcher.php(46): App/Http/Controllers/Api/ApiController->register(Object(Illuminate/Http/Request))
#1 E:/laravel_project/passport-api/vendor/laravel/framework/src/Illuminate/Routing/Route.php(265): Illuminate/Routing/ControllerDispatcher->dispatch(Object(Illuminate/Routing/Route), Object(App/Http/Controllers/Api/ApiController), 'register')
#2 E:/laravel_project/passport-api/vendor/laravel/framework/src/Illuminate/Routing/Route.php(211): Illuminate/Routing/Route->runController()
#3 E:/laravel_project/passport-api/vendor/laravel/framework/src/Illuminate/Routing/Router.php(822): Illuminate/Routing/Route->run()
#4 E:/laravel_project/passport-api/vendor/laravel/framework/src/Illuminate/Pipeline/Pipeline.php(180): Illuminate/Routing/Router->Illuminate/Routing/{closure}(Object(Illuminate/Http/Request))
#5 E:/laravel_project/passport-api/vendor/laravel/framework/src/Illuminate/Routing/Middleware/SubstituteBindings.php(50): Illuminate/Pipeline/Pipeline->Illuminate/Pipeline/{closure}(Object(Illuminate/Http/Request))
#6 E:/laravel_project/passport-api/vendor/laravel/framework/src/Illuminate/Pipeline/Pipeline.php(219): Illuminate/Routing/Middleware/SubstituteBindings->handle(Object(Illuminate/Http/Request), Object(Closure))
#7 E:/laravel_project/passport-api/vendor/laravel/framework/src/Illuminate/Pipeline/Pipeline.php(137): Illuminate/Pipeline/Pipeline->Illuminate/Pipeline/{closure}(Object(Illuminate/Http/Request))
#8 E:/laravel_project/passport-api/vendor/laravel/framework/src/Illuminate/Routing/Router.php(821): Illuminate/Pipeline/Pipeline->then(Object(Closure))
#9 E:/laravel_project/passport-api/vendor/laravel/framework/src/Illuminate/Routing/Router.php(800): Illuminate/Routing/Router->runRouteWithinStack(Object(Illuminate/Routing/Route), Object(Illuminate/Http/Request))
#10 E:/laravel_project/passport-api/vendor/laravel/framework/src/Illuminate/Routing/Router.php(764): Illuminate/Routing/Router->runRoute(Object(Illuminate/Http/Request), Object(Illuminate/Routing/Route))
#11 E:/laravel_project/passport-api/vendor/laravel/framework/src/Illuminate/Routing/Router.php(753): Illuminate/Routing/Router->dispatchToRoute(Object(Illuminate/Http/Request))
#12 E:/laravel_project/passport-api/vendor/laravel/framework/src/Illuminate/Foundation/Http/Kernel.php(200): Illuminate/Routing/Router->dispatch(Object(Illuminate/Http/Request))
#13 E:/laravel_project/passport-api/vendor/laravel/framework/src/Illuminate/Pipeline/Pipeline.php(180): Illuminate/Foundation/Http/Kernel->Illuminate/Foundation/Http/{closure}(Object(Illuminate/Http/Request))
#14 E:/laravel_project/passport-api/vendor/laravel/framework/src/Illuminate/Foundation/Http/Middleware/TransformsRequest.php(21): Illuminate/Pipeline/Pipeline->Illuminate/Pipeline/{closure}(Object(Illuminate/Http/Request))
#15 E:/laravel_project/passport-api/vendor/laravel/framework/src/Illuminate/Foundation/Http/Middleware/ConvertEmptyStringsToNull.php(31): Illuminate/Foundation/Http/Middleware/TransformsRequest->handle(Object(Illuminate/Http/Request), Object(Closure))
#16 E:/laravel_project/passport-api/vendor/laravel/framework/src/Illuminate/Pipeline/Pipeline.php(219): Illuminate/Foundation/Http/Middleware/ConvertEmptyStringsToNull->handle(Object(Illuminate/Http/Request), Object(Closure))
#17 E:/laravel_project/passport-api/vendor/laravel/framework/src/Illuminate/Foundation/Http/Middleware/TransformsRequest.php(21): Illuminate/Pipeline/Pipeline->Illuminate/Pipeline/{closure}(Object(Illuminate/Http/Request))
#18 E:/laravel_project/passport-api/vendor/laravel/framework/src/Illuminate/Foundation/Http/Middleware/TrimStrings.php(51): Illuminate/Foundation/Http/Middleware/TransformsRequest->handle(Object(Illuminate/Http/Request), Object(Closure))
#19 E:/laravel_project/passport-api/vendor/laravel/framework/src/Illuminate/Pipeline/Pipeline.php(219): Illuminate/Foundation/Http/Middleware/TrimStrings->handle(Object(Illuminate/Http/Request), Object(Closure))
#20 E:/laravel_project/passport-api/vendor/laravel/framework/src/Illuminate/Http/Middleware/ValidatePostSize.php(27): Illuminate/Pipeline/Pipeline->Illuminate/Pipeline/{closure}(Object(Illuminate/Http/Request))
#21 E:/laravel_project/passport-api/vendor/laravel/framework/src/Illuminate/Pipeline/Pipeline.php(219): Illuminate/Http/Middleware/ValidatePostSize->handle(Object(Illuminate/Http/Request), Object(Closure))
#22 E:/laravel_project/passport-api/vendor/laravel/framework/src/Illuminate/Foundation/Http/Middleware/PreventRequestsDuringMaintenance.php(109): Illuminate/Pipeline/Pipeline->Illuminate/Pipeline/{closure}(Object(Illuminate/Http/Request))
#23 E:/laravel_project/passport-api/vendor/laravel/framework/src/Illuminate/Pipeline/Pipeline.php(219): Illuminate/Foundation/Http/Middleware/PreventRequestsDuringMaintenance->handle(Object(Illuminate/Http/Request), Object(Closure))
#24 E:/laravel_project/passport-api/vendor/laravel/framework/src/Illuminate/Http/Middleware/HandleCors.php(74): Illuminate/Pipeline/Pipeline->Illuminate/Pipeline/{closure}(Object(Illuminate/Http/Request))
#25 E:/laravel_project/passport-api/vendor/laravel/framework/src/Illuminate/Pipeline/Pipeline.php(219): Illuminate/Http/Middleware/HandleCors->handle(Object(Illuminate/Http/Request), Object(Closure))
#26 E:/laravel_project/passport-api/vendor/laravel/framework/src/Illuminate/Http/Middleware/TrustProxies.php(58): Illuminate/Pipeline/Pipeline->Illuminate/Pipeline/{closure}(Object(Illuminate/Http/Request))
#27 E:/laravel_project/passport-api/vendor/laravel/framework/src/Illuminate/Pipeline/Pipeline.php(219): Illuminate/Http/Middleware/TrustProxies->handle(Object(Illuminate/Http/Request), Object(Closure))
#28 E:/laravel_project/passport-api/vendor/laravel/framework/src/Illuminate/Foundation/Http/Middleware/InvokeDeferredCallbacks.php(22): Illuminate/Pipeline/Pipeline->Illuminate/Pipeline/{closure}(Object(Illuminate/Http/Request))
#29 E:/laravel_project/passport-api/vendor/laravel/framework/src/Illuminate/Pipeline/Pipeline.php(219): Illuminate/Foundation/Http/Middleware/InvokeDeferredCallbacks->handle(Object(Illuminate/Http/Request), Object(Closure))
#30 E:/laravel_project/passport-api/vendor/laravel/framework/src/Illuminate/Http/Middleware/ValidatePathEncoding.php(26): Illuminate/Pipeline/Pipeline->Illuminate/Pipeline/{closure}(Object(Illuminate/Http/Request))
#31 E:/laravel_project/passport-api/vendor/laravel/framework/src/Illuminate/Pipeline/Pipeline.php(219): Illuminate/Http/Middleware/ValidatePathEncoding->handle(Object(Illuminate/Http/Request), Object(Closure))
#32 E:/laravel_project/passport-api/vendor/laravel/framework/src/Illuminate/Pipeline/Pipeline.php(137): Illuminate/Pipeline/Pipeline->Illuminate/Pipeline/{closure}(Object(Illuminate/Http/Request))
#33 E:/laravel_project/passport-api/vendor/laravel/framework/src/Illuminate/Foundation/Http/Kernel.php(175): Illuminate/Pipeline/Pipeline->then(Object(Closure))
#34 E:/laravel_project/passport-api/vendor/laravel/framework/src/Illuminate/Foundation/Http/Kernel.php(144): Illuminate/Foundation/Http/Kernel->sendRequestThroughRouter(Object(Illuminate/Http/Request))
#35 E:/laravel_project/passport-api/vendor/laravel/framework/src/Illuminate/Foundation/Application.php(1220): Illuminate/Foundation/Http/Kernel->handle(Object(Illuminate/Http/Request))
#36 E:/laravel_project/passport-api/public/index.php(20): Illuminate/Foundation/Application->handleRequest(Object(Illuminate/Http/Request))
#37 E:/laravel_project/passport-api/vendor/laravel/framework/src/Illuminate/Foundation/resources/server.php(23): require_once('E://laravel_proj...')
#38 {main}
"} 
[2026-03-27 09:41:39] local.ERROR: The resource owner or authorization server denied the request. {"exception":"[object] (League\\OAuth2\\Server\\Exception\\OAuthServerException(code: 9): The resource owner or authorization server denied the request. at E:/laravel_project/passport-api/vendor/league/oauth2-server/src/Exception/OAuthServerException.php:171)
[stacktrace]
#0 E:/laravel_project/passport-api/vendor/league/oauth2-server/src/AuthorizationValidators/BearerTokenValidator.php(107): League/OAuth2/Server/Exception/OAuthServerException::accessDenied('Error while dec...', NULL, Object(Lcobucci/JWT/Encoding/CannotDecodeContent))
#1 E:/laravel_project/passport-api/vendor/league/oauth2-server/src/ResourceServer.php(56): League/OAuth2/Server/AuthorizationValidators/BearerTokenValidator->validateAuthorization(Object(GuzzleHttp/Psr7/ServerRequest))
#2 E:/laravel_project/passport-api/vendor/laravel/passport/src/Guards/TokenGuard.php(172): League/OAuth2/Server/ResourceServer->validateAuthenticatedRequest(Object(GuzzleHttp/Psr7/ServerRequest))
#3 E:/laravel_project/passport-api/vendor/laravel/passport/src/Guards/TokenGuard.php(128): Laravel/Passport/Guards/TokenGuard->getPsrRequestViaBearerToken()
#4 E:/laravel_project/passport-api/vendor/laravel/passport/src/Guards/TokenGuard.php(69): Laravel/Passport/Guards/TokenGuard->authenticateViaBearerToken()
#5 E:/laravel_project/passport-api/vendor/laravel/framework/src/Illuminate/Auth/GuardHelpers.php(56): Laravel/Passport/Guards/TokenGuard->user()
#6 E:/laravel_project/passport-api/vendor/laravel/framework/src/Illuminate/Auth/Middleware/Authenticate.php(82): Laravel/Passport/Guards/TokenGuard->check()
#7 E:/laravel_project/passport-api/vendor/laravel/framework/src/Illuminate/Auth/Middleware/Authenticate.php(61): Illuminate/Auth/Middleware/Authenticate->authenticate(Object(Illuminate/Http/Request), Array)
#8 E:/laravel_project/passport-api/vendor/laravel/framework/src/Illuminate/Pipeline/Pipeline.php(219): Illuminate/Auth/Middleware/Authenticate->handle(Object(Illuminate/Http/Request), Object(Closure), 'api')
#9 E:/laravel_project/passport-api/vendor/laravel/framework/src/Illuminate/Pipeline/Pipeline.php(137): Illuminate/Pipeline/Pipeline->Illuminate/Pipeline/{closure}(Object(Illuminate/Http/Request))
#10 E:/laravel_project/passport-api/vendor/laravel/framework/src/Illuminate/Routing/Router.php(821): Illuminate/Pipeline/Pipeline->then(Object(Closure))
#11 E:/laravel_project/passport-api/vendor/laravel/framework/src/Illuminate/Routing/Router.php(800): Illuminate/Routing/Router->runRouteWithinStack(Object(Illuminate/Routing/Route), Object(Illuminate/Http/Request))
#12 E:/laravel_project/passport-api/vendor/laravel/framework/src/Illuminate/Routing/Router.php(764): Illuminate/Routing/Router->runRoute(Object(Illuminate/Http/Request), Object(Illuminate/Routing/Route))
#13 E:/laravel_project/passport-api/vendor/laravel/framework/src/Illuminate/Routing/Router.php(753): Illuminate/Routing/Router->dispatchToRoute(Object(Illuminate/Http/Request))
#14 E:/laravel_project/passport-api/vendor/laravel/framework/src/Illuminate/Foundation/Http/Kernel.php(200): Illuminate/Routing/Router->dispatch(Object(Illuminate/Http/Request))
#15 E:/laravel_project/passport-api/vendor/laravel/framework/src/Illuminate/Pipeline/Pipeline.php(180): Illuminate/Foundation/Http/Kernel->Illuminate/Foundation/Http/{closure}(Object(Illuminate/Http/Request))
#16 E:/laravel_project/passport-api/vendor/laravel/framework/src/Illuminate/Foundation/Http/Middleware/TransformsRequest.php(21): Illuminate/Pipeline/Pipeline->Illuminate/Pipeline/{closure}(Object(Illuminate/Http/Request))
#17 E:/laravel_project/passport-api/vendor/laravel/framework/src/Illuminate/Foundation/Http/Middleware/ConvertEmptyStringsToNull.php(31): Illuminate/Foundation/Http/Middleware/TransformsRequest->handle(Object(Illuminate/Http/Request), Object(Closure))
#18 E:/laravel_project/passport-api/vendor/laravel/framework/src/Illuminate/Pipeline/Pipeline.php(219): Illuminate/Foundation/Http/Middleware/ConvertEmptyStringsToNull->handle(Object(Illuminate/Http/Request), Object(Closure))
#19 E:/laravel_project/passport-api/vendor/laravel/framework/src/Illuminate/Foundation/Http/Middleware/TransformsRequest.php(21): Illuminate/Pipeline/Pipeline->Illuminate/Pipeline/{closure}(Object(Illuminate/Http/Request))
#20 E:/laravel_project/passport-api/vendor/laravel/framework/src/Illuminate/Foundation/Http/Middleware/TrimStrings.php(51): Illuminate/Foundation/Http/Middleware/TransformsRequest->handle(Object(Illuminate/Http/Request), Object(Closure))
#21 E:/laravel_project/passport-api/vendor/laravel/framework/src/Illuminate/Pipeline/Pipeline.php(219): Illuminate/Foundation/Http/Middleware/TrimStrings->handle(Object(Illuminate/Http/Request), Object(Closure))
#22 E:/laravel_project/passport-api/vendor/laravel/framework/src/Illuminate/Http/Middleware/ValidatePostSize.php(27): Illuminate/Pipeline/Pipeline->Illuminate/Pipeline/{closure}(Object(Illuminate/Http/Request))
#23 E:/laravel_project/passport-api/vendor/laravel/framework/src/Illuminate/Pipeline/Pipeline.php(219): Illuminate/Http/Middleware/ValidatePostSize->handle(Object(Illuminate/Http/Request), Object(Closure))
#24 E:/laravel_project/passport-api/vendor/laravel/framework/src/Illuminate/Foundation/Http/Middleware/PreventRequestsDuringMaintenance.php(109): Illuminate/Pipeline/Pipeline->Illuminate/Pipeline/{closure}(Object(Illuminate/Http/Request))
#25 E:/laravel_project/passport-api/vendor/laravel/framework/src/Illuminate/Pipeline/Pipeline.php(219): Illuminate/Foundation/Http/Middleware/PreventRequestsDuringMaintenance->handle(Object(Illuminate/Http/Request), Object(Closure))
#26 E:/laravel_project/passport-api/vendor/laravel/framework/src/Illuminate/Http/Middleware/HandleCors.php(74): Illuminate/Pipeline/Pipeline->Illuminate/Pipeline/{closure}(Object(Illuminate/Http/Request))
#27 E:/laravel_project/passport-api/vendor/laravel/framework/src/Illuminate/Pipeline/Pipeline.php(219): Illuminate/Http/Middleware/HandleCors->handle(Object(Illuminate/Http/Request), Object(Closure))
#28 E:/laravel_project/passport-api/vendor/laravel/framework/src/Illuminate/Http/Middleware/TrustProxies.php(58): Illuminate/Pipeline/Pipeline->Illuminate/Pipeline/{closure}(Object(Illuminate/Http/Request))
#29 E:/laravel_project/passport-api/vendor/laravel/framework/src/Illuminate/Pipeline/Pipeline.php(219): Illuminate/Http/Middleware/TrustProxies->handle(Object(Illuminate/Http/Request), Object(Closure))
#30 E:/laravel_project/passport-api/vendor/laravel/framework/src/Illuminate/Foundation/Http/Middleware/InvokeDeferredCallbacks.php(22): Illuminate/Pipeline/Pipeline->Illuminate/Pipeline/{closure}(Object(Illuminate/Http/Request))
#31 E:/laravel_project/passport-api/vendor/laravel/framework/src/Illuminate/Pipeline/Pipeline.php(219): Illuminate/Foundation/Http/Middleware/InvokeDeferredCallbacks->handle(Object(Illuminate/Http/Request), Object(Closure))
#32 E:/laravel_project/passport-api/vendor/laravel/framework/src/Illuminate/Http/Middleware/ValidatePathEncoding.php(26): Illuminate/Pipeline/Pipeline->Illuminate/Pipeline/{closure}(Object(Illuminate/Http/Request))
#33 E:/laravel_project/passport-api/vendor/laravel/framework/src/Illuminate/Pipeline/Pipeline.php(219): Illuminate/Http/Middleware/ValidatePathEncoding->handle(Object(Illuminate/Http/Request), Object(Closure))
#34 E:/laravel_project/passport-api/vendor/laravel/framework/src/Illuminate/Pipeline/Pipeline.php(137): Illuminate/Pipeline/Pipeline->Illuminate/Pipeline/{closure}(Object(Illuminate/Http/Request))
#35 E:/laravel_project/passport-api/vendor/laravel/framework/src/Illuminate/Foundation/Http/Kernel.php(175): Illuminate/Pipeline/Pipeline->then(Object(Closure))
#36 E:/laravel_project/passport-api/vendor/laravel/framework/src/Illuminate/Foundation/Http/Kernel.php(144): Illuminate/Foundation/Http/Kernel->sendRequestThroughRouter(Object(Illuminate/Http/Request))
#37 E:/laravel_project/passport-api/vendor/laravel/framework/src/Illuminate/Foundation/Application.php(1220): Illuminate/Foundation/Http/Kernel->handle(Object(Illuminate/Http/Request))
#38 E:/laravel_project/passport-api/public/index.php(20): Illuminate/Foundation/Application->handleRequest(Object(Illuminate/Http/Request))
#39 E:/laravel_project/passport-api/vendor/laravel/framework/src/Illuminate/Foundation/resources/server.php(23): require_once('E://laravel_proj...')
#40 {main}

[previous exception] [object] (Lcobucci\\JWT\\Encoding\\CannotDecodeContent(code: 0): Error while decoding from Base64Url, invalid base64 characters detected at E:/laravel_project/passport-api/vendor/lcobucci/jwt/src/Encoding/CannotDecodeContent.php:19)
[stacktrace]
#0 E:/laravel_project/passport-api/vendor/lcobucci/jwt/src/SodiumBase64Polyfill.php(72): Lcobucci/JWT/Encoding/CannotDecodeContent::invalidBase64String()
#1 E:/laravel_project/passport-api/vendor/lcobucci/jwt/src/Encoding/JoseEncoder.php(51): Lcobucci/JWT/SodiumBase64Polyfill::base642bin('\"eyJ0eXAiOiJKV1...', 7)
#2 E:/laravel_project/passport-api/vendor/lcobucci/jwt/src/Token/Parser.php(83): Lcobucci/JWT/Encoding/JoseEncoder->base64UrlDecode('\"eyJ0eXAiOiJKV1...')
#3 E:/laravel_project/passport-api/vendor/lcobucci/jwt/src/Token/Parser.php(42): Lcobucci/JWT/Token/Parser->parseHeader('\"eyJ0eXAiOiJKV1...')
#4 E:/laravel_project/passport-api/vendor/league/oauth2-server/src/AuthorizationValidators/BearerTokenValidator.php(105): Lcobucci/JWT/Token/Parser->parse('\"eyJ0eXAiOiJKV1...')
#5 E:/laravel_project/passport-api/vendor/league/oauth2-server/src/ResourceServer.php(56): League/OAuth2/Server/AuthorizationValidators/BearerTokenValidator->validateAuthorization(Object(GuzzleHttp/Psr7/ServerRequest))
#6 E:/laravel_project/passport-api/vendor/laravel/passport/src/Guards/TokenGuard.php(172): League/OAuth2/Server/ResourceServer->validateAuthenticatedRequest(Object(GuzzleHttp/Psr7/ServerRequest))
#7 E:/laravel_project/passport-api/vendor/laravel/passport/src/Guards/TokenGuard.php(128): Laravel/Passport/Guards/TokenGuard->getPsrRequestViaBearerToken()
#8 E:/laravel_project/passport-api/vendor/laravel/passport/src/Guards/TokenGuard.php(69): Laravel/Passport/Guards/TokenGuard->authenticateViaBearerToken()
#9 E:/laravel_project/passport-api/vendor/laravel/framework/src/Illuminate/Auth/GuardHelpers.php(56): Laravel/Passport/Guards/TokenGuard->user()
#10 E:/laravel_project/passport-api/vendor/laravel/framework/src/Illuminate/Auth/Middleware/Authenticate.php(82): Laravel/Passport/Guards/TokenGuard->check()
#11 E:/laravel_project/passport-api/vendor/laravel/framework/src/Illuminate/Auth/Middleware/Authenticate.php(61): Illuminate/Auth/Middleware/Authenticate->authenticate(Object(Illuminate/Http/Request), Array)
#12 E:/laravel_project/passport-api/vendor/laravel/framework/src/Illuminate/Pipeline/Pipeline.php(219): Illuminate/Auth/Middleware/Authenticate->handle(Object(Illuminate/Http/Request), Object(Closure), 'api')
#13 E:/laravel_project/passport-api/vendor/laravel/framework/src/Illuminate/Pipeline/Pipeline.php(137): Illuminate/Pipeline/Pipeline->Illuminate/Pipeline/{closure}(Object(Illuminate/Http/Request))
#14 E:/laravel_project/passport-api/vendor/laravel/framework/src/Illuminate/Routing/Router.php(821): Illuminate/Pipeline/Pipeline->then(Object(Closure))
#15 E:/laravel_project/passport-api/vendor/laravel/framework/src/Illuminate/Routing/Router.php(800): Illuminate/Routing/Router->runRouteWithinStack(Object(Illuminate/Routing/Route), Object(Illuminate/Http/Request))
#16 E:/laravel_project/passport-api/vendor/laravel/framework/src/Illuminate/Routing/Router.php(764): Illuminate/Routing/Router->runRoute(Object(Illuminate/Http/Request), Object(Illuminate/Routing/Route))
#17 E:/laravel_project/passport-api/vendor/laravel/framework/src/Illuminate/Routing/Router.php(753): Illuminate/Routing/Router->dispatchToRoute(Object(Illuminate/Http/Request))
#18 E:/laravel_project/passport-api/vendor/laravel/framework/src/Illuminate/Foundation/Http/Kernel.php(200): Illuminate/Routing/Router->dispatch(Object(Illuminate/Http/Request))
#19 E:/laravel_project/passport-api/vendor/laravel/framework/src/Illuminate/Pipeline/Pipeline.php(180): Illuminate/Foundation/Http/Kernel->Illuminate/Foundation/Http/{closure}(Object(Illuminate/Http/Request))
#20 E:/laravel_project/passport-api/vendor/laravel/framework/src/Illuminate/Foundation/Http/Middleware/TransformsRequest.php(21): Illuminate/Pipeline/Pipeline->Illuminate/Pipeline/{closure}(Object(Illuminate/Http/Request))
#21 E:/laravel_project/passport-api/vendor/laravel/framework/src/Illuminate/Foundation/Http/Middleware/ConvertEmptyStringsToNull.php(31): Illuminate/Foundation/Http/Middleware/TransformsRequest->handle(Object(Illuminate/Http/Request), Object(Closure))
#22 E:/laravel_project/passport-api/vendor/laravel/framework/src/Illuminate/Pipeline/Pipeline.php(219): Illuminate/Foundation/Http/Middleware/ConvertEmptyStringsToNull->handle(Object(Illuminate/Http/Request), Object(Closure))
#23 E:/laravel_project/passport-api/vendor/laravel/framework/src/Illuminate/Foundation/Http/Middleware/TransformsRequest.php(21): Illuminate/Pipeline/Pipeline->Illuminate/Pipeline/{closure}(Object(Illuminate/Http/Request))
#24 E:/laravel_project/passport-api/vendor/laravel/framework/src/Illuminate/Foundation/Http/Middleware/TrimStrings.php(51): Illuminate/Foundation/Http/Middleware/TransformsRequest->handle(Object(Illuminate/Http/Request), Object(Closure))
#25 E:/laravel_project/passport-api/vendor/laravel/framework/src/Illuminate/Pipeline/Pipeline.php(219): Illuminate/Foundation/Http/Middleware/TrimStrings->handle(Object(Illuminate/Http/Request), Object(Closure))
#26 E:/laravel_project/passport-api/vendor/laravel/framework/src/Illuminate/Http/Middleware/ValidatePostSize.php(27): Illuminate/Pipeline/Pipeline->Illuminate/Pipeline/{closure}(Object(Illuminate/Http/Request))
#27 E:/laravel_project/passport-api/vendor/laravel/framework/src/Illuminate/Pipeline/Pipeline.php(219): Illuminate/Http/Middleware/ValidatePostSize->handle(Object(Illuminate/Http/Request), Object(Closure))
#28 E:/laravel_project/passport-api/vendor/laravel/framework/src/Illuminate/Foundation/Http/Middleware/PreventRequestsDuringMaintenance.php(109): Illuminate/Pipeline/Pipeline->Illuminate/Pipeline/{closure}(Object(Illuminate/Http/Request))
#29 E:/laravel_project/passport-api/vendor/laravel/framework/src/Illuminate/Pipeline/Pipeline.php(219): Illuminate/Foundation/Http/Middleware/PreventRequestsDuringMaintenance->handle(Object(Illuminate/Http/Request), Object(Closure))
#30 E:/laravel_project/passport-api/vendor/laravel/framework/src/Illuminate/Http/Middleware/HandleCors.php(74): Illuminate/Pipeline/Pipeline->Illuminate/Pipeline/{closure}(Object(Illuminate/Http/Request))
#31 E:/laravel_project/passport-api/vendor/laravel/framework/src/Illuminate/Pipeline/Pipeline.php(219): Illuminate/Http/Middleware/HandleCors->handle(Object(Illuminate/Http/Request), Object(Closure))
#32 E:/laravel_project/passport-api/vendor/laravel/framework/src/Illuminate/Http/Middleware/TrustProxies.php(58): Illuminate/Pipeline/Pipeline->Illuminate/Pipeline/{closure}(Object(Illuminate/Http/Request))
#33 E:/laravel_project/passport-api/vendor/laravel/framework/src/Illuminate/Pipeline/Pipeline.php(219): Illuminate/Http/Middleware/TrustProxies->handle(Object(Illuminate/Http/Request), Object(Closure))
#34 E:/laravel_project/passport-api/vendor/laravel/framework/src/Illuminate/Foundation/Http/Middleware/InvokeDeferredCallbacks.php(22): Illuminate/Pipeline/Pipeline->Illuminate/Pipeline/{closure}(Object(Illuminate/Http/Request))
#35 E:/laravel_project/passport-api/vendor/laravel/framework/src/Illuminate/Pipeline/Pipeline.php(219): Illuminate/Foundation/Http/Middleware/InvokeDeferredCallbacks->handle(Object(Illuminate/Http/Request), Object(Closure))
#36 E:/laravel_project/passport-api/vendor/laravel/framework/src/Illuminate/Http/Middleware/ValidatePathEncoding.php(26): Illuminate/Pipeline/Pipeline->Illuminate/Pipeline/{closure}(Object(Illuminate/Http/Request))
#37 E:/laravel_project/passport-api/vendor/laravel/framework/src/Illuminate/Pipeline/Pipeline.php(219): Illuminate/Http/Middleware/ValidatePathEncoding->handle(Object(Illuminate/Http/Request), Object(Closure))
#38 E:/laravel_project/passport-api/vendor/laravel/framework/src/Illuminate/Pipeline/Pipeline.php(137): Illuminate/Pipeline/Pipeline->Illuminate/Pipeline/{closure}(Object(Illuminate/Http/Request))
#39 E:/laravel_project/passport-api/vendor/laravel/framework/src/Illuminate/Foundation/Http/Kernel.php(175): Illuminate/Pipeline/Pipeline->then(Object(Closure))
#40 E:/laravel_project/passport-api/vendor/laravel/framework/src/Illuminate/Foundation/Http/Kernel.php(144): Illuminate/Foundation/Http/Kernel->sendRequestThroughRouter(Object(Illuminate/Http/Request))
#41 E:/laravel_project/passport-api/vendor/laravel/framework/src/Illuminate/Foundation/Application.php(1220): Illuminate/Foundation/Http/Kernel->handle(Object(Illuminate/Http/Request))
#42 E:/laravel_project/passport-api/public/index.php(20): Illuminate/Foundation/Application->handleRequest(Object(Illuminate/Http/Request))
#43 E:/laravel_project/passport-api/vendor/laravel/framework/src/Illuminate/Foundation/resources/server.php(23): require_once('E://laravel_proj...')
#44 {main}
"} 
[2026-03-27 10:11:22] local.ERROR: Call to undefined method Laravel\Passport\AccessToken::revoked() {"userId":1,"exception":"[object] (BadMethodCallException(code: 0): Call to undefined method Laravel\\Passport\\AccessToken::revoked() at E:/laravel_project/passport-api/vendor/laravel/framework/src/Illuminate/Support/Traits/ForwardsCalls.php:67)
[stacktrace]
#0 E:/laravel_project/passport-api/vendor/laravel/framework/src/Illuminate/Support/Traits/ForwardsCalls.php(36): Laravel/Passport/AccessToken::throwBadMethodCallException('revoked')
#1 E:/laravel_project/passport-api/vendor/laravel/passport/src/AccessToken.php(176): Laravel/Passport/AccessToken->forwardCallTo(Object(Laravel/Passport/Token), 'revoked', Array)
#2 E:/laravel_project/passport-api/app/Http/Controllers/Api/ApiController.php(90): Laravel/Passport/AccessToken->__call('revoked', Array)
#3 E:/laravel_project/passport-api/vendor/laravel/framework/src/Illuminate/Routing/ControllerDispatcher.php(46): App/Http/Controllers/Api/ApiController->logout()
#4 E:/laravel_project/passport-api/vendor/laravel/framework/src/Illuminate/Routing/Route.php(265): Illuminate/Routing/ControllerDispatcher->dispatch(Object(Illuminate/Routing/Route), Object(App/Http/Controllers/Api/ApiController), 'logout')
#5 E:/laravel_project/passport-api/vendor/laravel/framework/src/Illuminate/Routing/Route.php(211): Illuminate/Routing/Route->runController()
#6 E:/laravel_project/passport-api/vendor/laravel/framework/src/Illuminate/Routing/Router.php(822): Illuminate/Routing/Route->run()
#7 E:/laravel_project/passport-api/vendor/laravel/framework/src/Illuminate/Pipeline/Pipeline.php(180): Illuminate/Routing/Router->Illuminate/Routing/{closure}(Object(Illuminate/Http/Request))
#8 E:/laravel_project/passport-api/vendor/laravel/framework/src/Illuminate/Routing/Middleware/SubstituteBindings.php(50): Illuminate/Pipeline/Pipeline->Illuminate/Pipeline/{closure}(Object(Illuminate/Http/Request))
#9 E:/laravel_project/passport-api/vendor/laravel/framework/src/Illuminate/Pipeline/Pipeline.php(219): Illuminate/Routing/Middleware/SubstituteBindings->handle(Object(Illuminate/Http/Request), Object(Closure))
#10 E:/laravel_project/passport-api/vendor/laravel/framework/src/Illuminate/Auth/Middleware/Authenticate.php(63): Illuminate/Pipeline/Pipeline->Illuminate/Pipeline/{closure}(Object(Illuminate/Http/Request))
#11 E:/laravel_project/passport-api/vendor/laravel/framework/src/Illuminate/Pipeline/Pipeline.php(219): Illuminate/Auth/Middleware/Authenticate->handle(Object(Illuminate/Http/Request), Object(Closure), 'api')
#12 E:/laravel_project/passport-api/vendor/laravel/framework/src/Illuminate/Pipeline/Pipeline.php(137): Illuminate/Pipeline/Pipeline->Illuminate/Pipeline/{closure}(Object(Illuminate/Http/Request))
#13 E:/laravel_project/passport-api/vendor/laravel/framework/src/Illuminate/Routing/Router.php(821): Illuminate/Pipeline/Pipeline->then(Object(Closure))
#14 E:/laravel_project/passport-api/vendor/laravel/framework/src/Illuminate/Routing/Router.php(800): Illuminate/Routing/Router->runRouteWithinStack(Object(Illuminate/Routing/Route), Object(Illuminate/Http/Request))
#15 E:/laravel_project/passport-api/vendor/laravel/framework/src/Illuminate/Routing/Router.php(764): Illuminate/Routing/Router->runRoute(Object(Illuminate/Http/Request), Object(Illuminate/Routing/Route))
#16 E:/laravel_project/passport-api/vendor/laravel/framework/src/Illuminate/Routing/Router.php(753): Illuminate/Routing/Router->dispatchToRoute(Object(Illuminate/Http/Request))
#17 E:/laravel_project/passport-api/vendor/laravel/framework/src/Illuminate/Foundation/Http/Kernel.php(200): Illuminate/Routing/Router->dispatch(Object(Illuminate/Http/Request))
#18 E:/laravel_project/passport-api/vendor/laravel/framework/src/Illuminate/Pipeline/Pipeline.php(180): Illuminate/Foundation/Http/Kernel->Illuminate/Foundation/Http/{closure}(Object(Illuminate/Http/Request))
#19 E:/laravel_project/passport-api/vendor/laravel/framework/src/Illuminate/Foundation/Http/Middleware/TransformsRequest.php(21): Illuminate/Pipeline/Pipeline->Illuminate/Pipeline/{closure}(Object(Illuminate/Http/Request))
#20 E:/laravel_project/passport-api/vendor/laravel/framework/src/Illuminate/Foundation/Http/Middleware/ConvertEmptyStringsToNull.php(31): Illuminate/Foundation/Http/Middleware/TransformsRequest->handle(Object(Illuminate/Http/Request), Object(Closure))
#21 E:/laravel_project/passport-api/vendor/laravel/framework/src/Illuminate/Pipeline/Pipeline.php(219): Illuminate/Foundation/Http/Middleware/ConvertEmptyStringsToNull->handle(Object(Illuminate/Http/Request), Object(Closure))
#22 E:/laravel_project/passport-api/vendor/laravel/framework/src/Illuminate/Foundation/Http/Middleware/TransformsRequest.php(21): Illuminate/Pipeline/Pipeline->Illuminate/Pipeline/{closure}(Object(Illuminate/Http/Request))
#23 E:/laravel_project/passport-api/vendor/laravel/framework/src/Illuminate/Foundation/Http/Middleware/TrimStrings.php(51): Illuminate/Foundation/Http/Middleware/TransformsRequest->handle(Object(Illuminate/Http/Request), Object(Closure))
#24 E:/laravel_project/passport-api/vendor/laravel/framework/src/Illuminate/Pipeline/Pipeline.php(219): Illuminate/Foundation/Http/Middleware/TrimStrings->handle(Object(Illuminate/Http/Request), Object(Closure))
#25 E:/laravel_project/passport-api/vendor/laravel/framework/src/Illuminate/Http/Middleware/ValidatePostSize.php(27): Illuminate/Pipeline/Pipeline->Illuminate/Pipeline/{closure}(Object(Illuminate/Http/Request))
#26 E:/laravel_project/passport-api/vendor/laravel/framework/src/Illuminate/Pipeline/Pipeline.php(219): Illuminate/Http/Middleware/ValidatePostSize->handle(Object(Illuminate/Http/Request), Object(Closure))
#27 E:/laravel_project/passport-api/vendor/laravel/framework/src/Illuminate/Foundation/Http/Middleware/PreventRequestsDuringMaintenance.php(109): Illuminate/Pipeline/Pipeline->Illuminate/Pipeline/{closure}(Object(Illuminate/Http/Request))
#28 E:/laravel_project/passport-api/vendor/laravel/framework/src/Illuminate/Pipeline/Pipeline.php(219): Illuminate/Foundation/Http/Middleware/PreventRequestsDuringMaintenance->handle(Object(Illuminate/Http/Request), Object(Closure))
#29 E:/laravel_project/passport-api/vendor/laravel/framework/src/Illuminate/Http/Middleware/HandleCors.php(74): Illuminate/Pipeline/Pipeline->Illuminate/Pipeline/{closure}(Object(Illuminate/Http/Request))
#30 E:/laravel_project/passport-api/vendor/laravel/framework/src/Illuminate/Pipeline/Pipeline.php(219): Illuminate/Http/Middleware/HandleCors->handle(Object(Illuminate/Http/Request), Object(Closure))
#31 E:/laravel_project/passport-api/vendor/laravel/framework/src/Illuminate/Http/Middleware/TrustProxies.php(58): Illuminate/Pipeline/Pipeline->Illuminate/Pipeline/{closure}(Object(Illuminate/Http/Request))
#32 E:/laravel_project/passport-api/vendor/laravel/framework/src/Illuminate/Pipeline/Pipeline.php(219): Illuminate/Http/Middleware/TrustProxies->handle(Object(Illuminate/Http/Request), Object(Closure))
#33 E:/laravel_project/passport-api/vendor/laravel/framework/src/Illuminate/Foundation/Http/Middleware/InvokeDeferredCallbacks.php(22): Illuminate/Pipeline/Pipeline->Illuminate/Pipeline/{closure}(Object(Illuminate/Http/Request))
#34 E:/laravel_project/passport-api/vendor/laravel/framework/src/Illuminate/Pipeline/Pipeline.php(219): Illuminate/Foundation/Http/Middleware/InvokeDeferredCallbacks->handle(Object(Illuminate/Http/Request), Object(Closure))
#35 E:/laravel_project/passport-api/vendor/laravel/framework/src/Illuminate/Http/Middleware/ValidatePathEncoding.php(26): Illuminate/Pipeline/Pipeline->Illuminate/Pipeline/{closure}(Object(Illuminate/Http/Request))
#36 E:/laravel_project/passport-api/vendor/laravel/framework/src/Illuminate/Pipeline/Pipeline.php(219): Illuminate/Http/Middleware/ValidatePathEncoding->handle(Object(Illuminate/Http/Request), Object(Closure))
#37 E:/laravel_project/passport-api/vendor/laravel/framework/src/Illuminate/Pipeline/Pipeline.php(137): Illuminate/Pipeline/Pipeline->Illuminate/Pipeline/{closure}(Object(Illuminate/Http/Request))
#38 E:/laravel_project/passport-api/vendor/laravel/framework/src/Illuminate/Foundation/Http/Kernel.php(175): Illuminate/Pipeline/Pipeline->then(Object(Closure))
#39 E:/laravel_project/passport-api/vendor/laravel/framework/src/Illuminate/Foundation/Http/Kernel.php(144): Illuminate/Foundation/Http/Kernel->sendRequestThroughRouter(Object(Illuminate/Http/Request))
#40 E:/laravel_project/passport-api/vendor/laravel/framework/src/Illuminate/Foundation/Application.php(1220): Illuminate/Foundation/Http/Kernel->handle(Object(Illuminate/Http/Request))
#41 E:/laravel_project/passport-api/public/index.php(20): Illuminate/Foundation/Application->handleRequest(Object(Illuminate/Http/Request))
#42 E:/laravel_project/passport-api/vendor/laravel/framework/src/Illuminate/Foundation/resources/server.php(23): require_once('E://laravel_proj...')
#43 {main}
"} 
[2026-03-27 10:12:24] local.ERROR: Call to undefined method Laravel\Passport\AccessToken::revoked() {"userId":1,"exception":"[object] (BadMethodCallException(code: 0): Call to undefined method Laravel\\Passport\\AccessToken::revoked() at E:/laravel_project/passport-api/vendor/laravel/framework/src/Illuminate/Support/Traits/ForwardsCalls.php:67)
[stacktrace]
#0 E:/laravel_project/passport-api/vendor/laravel/framework/src/Illuminate/Support/Traits/ForwardsCalls.php(36): Laravel/Passport/AccessToken::throwBadMethodCallException('revoked')
#1 E:/laravel_project/passport-api/vendor/laravel/passport/src/AccessToken.php(176): Laravel/Passport/AccessToken->forwardCallTo(Object(Laravel/Passport/Token), 'revoked', Array)
#2 E:/laravel_project/passport-api/app/Http/Controllers/Api/ApiController.php(90): Laravel/Passport/AccessToken->__call('revoked', Array)
#3 E:/laravel_project/passport-api/vendor/laravel/framework/src/Illuminate/Routing/ControllerDispatcher.php(46): App/Http/Controllers/Api/ApiController->logout()
#4 E:/laravel_project/passport-api/vendor/laravel/framework/src/Illuminate/Routing/Route.php(265): Illuminate/Routing/ControllerDispatcher->dispatch(Object(Illuminate/Routing/Route), Object(App/Http/Controllers/Api/ApiController), 'logout')
#5 E:/laravel_project/passport-api/vendor/laravel/framework/src/Illuminate/Routing/Route.php(211): Illuminate/Routing/Route->runController()
#6 E:/laravel_project/passport-api/vendor/laravel/framework/src/Illuminate/Routing/Router.php(822): Illuminate/Routing/Route->run()
#7 E:/laravel_project/passport-api/vendor/laravel/framework/src/Illuminate/Pipeline/Pipeline.php(180): Illuminate/Routing/Router->Illuminate/Routing/{closure}(Object(Illuminate/Http/Request))
#8 E:/laravel_project/passport-api/vendor/laravel/framework/src/Illuminate/Routing/Middleware/SubstituteBindings.php(50): Illuminate/Pipeline/Pipeline->Illuminate/Pipeline/{closure}(Object(Illuminate/Http/Request))
#9 E:/laravel_project/passport-api/vendor/laravel/framework/src/Illuminate/Pipeline/Pipeline.php(219): Illuminate/Routing/Middleware/SubstituteBindings->handle(Object(Illuminate/Http/Request), Object(Closure))
#10 E:/laravel_project/passport-api/vendor/laravel/framework/src/Illuminate/Auth/Middleware/Authenticate.php(63): Illuminate/Pipeline/Pipeline->Illuminate/Pipeline/{closure}(Object(Illuminate/Http/Request))
#11 E:/laravel_project/passport-api/vendor/laravel/framework/src/Illuminate/Pipeline/Pipeline.php(219): Illuminate/Auth/Middleware/Authenticate->handle(Object(Illuminate/Http/Request), Object(Closure), 'api')
#12 E:/laravel_project/passport-api/vendor/laravel/framework/src/Illuminate/Pipeline/Pipeline.php(137): Illuminate/Pipeline/Pipeline->Illuminate/Pipeline/{closure}(Object(Illuminate/Http/Request))
#13 E:/laravel_project/passport-api/vendor/laravel/framework/src/Illuminate/Routing/Router.php(821): Illuminate/Pipeline/Pipeline->then(Object(Closure))
#14 E:/laravel_project/passport-api/vendor/laravel/framework/src/Illuminate/Routing/Router.php(800): Illuminate/Routing/Router->runRouteWithinStack(Object(Illuminate/Routing/Route), Object(Illuminate/Http/Request))
#15 E:/laravel_project/passport-api/vendor/laravel/framework/src/Illuminate/Routing/Router.php(764): Illuminate/Routing/Router->runRoute(Object(Illuminate/Http/Request), Object(Illuminate/Routing/Route))
#16 E:/laravel_project/passport-api/vendor/laravel/framework/src/Illuminate/Routing/Router.php(753): Illuminate/Routing/Router->dispatchToRoute(Object(Illuminate/Http/Request))
#17 E:/laravel_project/passport-api/vendor/laravel/framework/src/Illuminate/Foundation/Http/Kernel.php(200): Illuminate/Routing/Router->dispatch(Object(Illuminate/Http/Request))
#18 E:/laravel_project/passport-api/vendor/laravel/framework/src/Illuminate/Pipeline/Pipeline.php(180): Illuminate/Foundation/Http/Kernel->Illuminate/Foundation/Http/{closure}(Object(Illuminate/Http/Request))
#19 E:/laravel_project/passport-api/vendor/laravel/framework/src/Illuminate/Foundation/Http/Middleware/TransformsRequest.php(21): Illuminate/Pipeline/Pipeline->Illuminate/Pipeline/{closure}(Object(Illuminate/Http/Request))
#20 E:/laravel_project/passport-api/vendor/laravel/framework/src/Illuminate/Foundation/Http/Middleware/ConvertEmptyStringsToNull.php(31): Illuminate/Foundation/Http/Middleware/TransformsRequest->handle(Object(Illuminate/Http/Request), Object(Closure))
#21 E:/laravel_project/passport-api/vendor/laravel/framework/src/Illuminate/Pipeline/Pipeline.php(219): Illuminate/Foundation/Http/Middleware/ConvertEmptyStringsToNull->handle(Object(Illuminate/Http/Request), Object(Closure))
#22 E:/laravel_project/passport-api/vendor/laravel/framework/src/Illuminate/Foundation/Http/Middleware/TransformsRequest.php(21): Illuminate/Pipeline/Pipeline->Illuminate/Pipeline/{closure}(Object(Illuminate/Http/Request))
#23 E:/laravel_project/passport-api/vendor/laravel/framework/src/Illuminate/Foundation/Http/Middleware/TrimStrings.php(51): Illuminate/Foundation/Http/Middleware/TransformsRequest->handle(Object(Illuminate/Http/Request), Object(Closure))
#24 E:/laravel_project/passport-api/vendor/laravel/framework/src/Illuminate/Pipeline/Pipeline.php(219): Illuminate/Foundation/Http/Middleware/TrimStrings->handle(Object(Illuminate/Http/Request), Object(Closure))
#25 E:/laravel_project/passport-api/vendor/laravel/framework/src/Illuminate/Http/Middleware/ValidatePostSize.php(27): Illuminate/Pipeline/Pipeline->Illuminate/Pipeline/{closure}(Object(Illuminate/Http/Request))
#26 E:/laravel_project/passport-api/vendor/laravel/framework/src/Illuminate/Pipeline/Pipeline.php(219): Illuminate/Http/Middleware/ValidatePostSize->handle(Object(Illuminate/Http/Request), Object(Closure))
#27 E:/laravel_project/passport-api/vendor/laravel/framework/src/Illuminate/Foundation/Http/Middleware/PreventRequestsDuringMaintenance.php(109): Illuminate/Pipeline/Pipeline->Illuminate/Pipeline/{closure}(Object(Illuminate/Http/Request))
#28 E:/laravel_project/passport-api/vendor/laravel/framework/src/Illuminate/Pipeline/Pipeline.php(219): Illuminate/Foundation/Http/Middleware/PreventRequestsDuringMaintenance->handle(Object(Illuminate/Http/Request), Object(Closure))
#29 E:/laravel_project/passport-api/vendor/laravel/framework/src/Illuminate/Http/Middleware/HandleCors.php(74): Illuminate/Pipeline/Pipeline->Illuminate/Pipeline/{closure}(Object(Illuminate/Http/Request))
#30 E:/laravel_project/passport-api/vendor/laravel/framework/src/Illuminate/Pipeline/Pipeline.php(219): Illuminate/Http/Middleware/HandleCors->handle(Object(Illuminate/Http/Request), Object(Closure))
#31 E:/laravel_project/passport-api/vendor/laravel/framework/src/Illuminate/Http/Middleware/TrustProxies.php(58): Illuminate/Pipeline/Pipeline->Illuminate/Pipeline/{closure}(Object(Illuminate/Http/Request))
#32 E:/laravel_project/passport-api/vendor/laravel/framework/src/Illuminate/Pipeline/Pipeline.php(219): Illuminate/Http/Middleware/TrustProxies->handle(Object(Illuminate/Http/Request), Object(Closure))
#33 E:/laravel_project/passport-api/vendor/laravel/framework/src/Illuminate/Foundation/Http/Middleware/InvokeDeferredCallbacks.php(22): Illuminate/Pipeline/Pipeline->Illuminate/Pipeline/{closure}(Object(Illuminate/Http/Request))
#34 E:/laravel_project/passport-api/vendor/laravel/framework/src/Illuminate/Pipeline/Pipeline.php(219): Illuminate/Foundation/Http/Middleware/InvokeDeferredCallbacks->handle(Object(Illuminate/Http/Request), Object(Closure))
#35 E:/laravel_project/passport-api/vendor/laravel/framework/src/Illuminate/Http/Middleware/ValidatePathEncoding.php(26): Illuminate/Pipeline/Pipeline->Illuminate/Pipeline/{closure}(Object(Illuminate/Http/Request))
#36 E:/laravel_project/passport-api/vendor/laravel/framework/src/Illuminate/Pipeline/Pipeline.php(219): Illuminate/Http/Middleware/ValidatePathEncoding->handle(Object(Illuminate/Http/Request), Object(Closure))
#37 E:/laravel_project/passport-api/vendor/laravel/framework/src/Illuminate/Pipeline/Pipeline.php(137): Illuminate/Pipeline/Pipeline->Illuminate/Pipeline/{closure}(Object(Illuminate/Http/Request))
#38 E:/laravel_project/passport-api/vendor/laravel/framework/src/Illuminate/Foundation/Http/Kernel.php(175): Illuminate/Pipeline/Pipeline->then(Object(Closure))
#39 E:/laravel_project/passport-api/vendor/laravel/framework/src/Illuminate/Foundation/Http/Kernel.php(144): Illuminate/Foundation/Http/Kernel->sendRequestThroughRouter(Object(Illuminate/Http/Request))
#40 E:/laravel_project/passport-api/vendor/laravel/framework/src/Illuminate/Foundation/Application.php(1220): Illuminate/Foundation/Http/Kernel->handle(Object(Illuminate/Http/Request))
#41 E:/laravel_project/passport-api/public/index.php(20): Illuminate/Foundation/Application->handleRequest(Object(Illuminate/Http/Request))
#42 E:/laravel_project/passport-api/vendor/laravel/framework/src/Illuminate/Foundation/resources/server.php(23): require_once('E://laravel_proj...')
#43 {main}
"} 
[2026-03-27 10:14:06] local.ERROR: Call to undefined method Laravel\Passport\AccessToken::revoked() {"userId":1,"exception":"[object] (BadMethodCallException(code: 0): Call to undefined method Laravel\\Passport\\AccessToken::revoked() at E:/laravel_project/passport-api/vendor/laravel/framework/src/Illuminate/Support/Traits/ForwardsCalls.php:67)
[stacktrace]
#0 E:/laravel_project/passport-api/vendor/laravel/framework/src/Illuminate/Support/Traits/ForwardsCalls.php(36): Laravel/Passport/AccessToken::throwBadMethodCallException('revoked')
#1 E:/laravel_project/passport-api/vendor/laravel/passport/src/AccessToken.php(176): Laravel/Passport/AccessToken->forwardCallTo(Object(Laravel/Passport/Token), 'revoked', Array)
#2 E:/laravel_project/passport-api/app/Http/Controllers/Api/ApiController.php(90): Laravel/Passport/AccessToken->__call('revoked', Array)
#3 E:/laravel_project/passport-api/vendor/laravel/framework/src/Illuminate/Routing/ControllerDispatcher.php(46): App/Http/Controllers/Api/ApiController->logout()
#4 E:/laravel_project/passport-api/vendor/laravel/framework/src/Illuminate/Routing/Route.php(265): Illuminate/Routing/ControllerDispatcher->dispatch(Object(Illuminate/Routing/Route), Object(App/Http/Controllers/Api/ApiController), 'logout')
#5 E:/laravel_project/passport-api/vendor/laravel/framework/src/Illuminate/Routing/Route.php(211): Illuminate/Routing/Route->runController()
#6 E:/laravel_project/passport-api/vendor/laravel/framework/src/Illuminate/Routing/Router.php(822): Illuminate/Routing/Route->run()
#7 E:/laravel_project/passport-api/vendor/laravel/framework/src/Illuminate/Pipeline/Pipeline.php(180): Illuminate/Routing/Router->Illuminate/Routing/{closure}(Object(Illuminate/Http/Request))
#8 E:/laravel_project/passport-api/vendor/laravel/framework/src/Illuminate/Routing/Middleware/SubstituteBindings.php(50): Illuminate/Pipeline/Pipeline->Illuminate/Pipeline/{closure}(Object(Illuminate/Http/Request))
#9 E:/laravel_project/passport-api/vendor/laravel/framework/src/Illuminate/Pipeline/Pipeline.php(219): Illuminate/Routing/Middleware/SubstituteBindings->handle(Object(Illuminate/Http/Request), Object(Closure))
#10 E:/laravel_project/passport-api/vendor/laravel/framework/src/Illuminate/Auth/Middleware/Authenticate.php(63): Illuminate/Pipeline/Pipeline->Illuminate/Pipeline/{closure}(Object(Illuminate/Http/Request))
#11 E:/laravel_project/passport-api/vendor/laravel/framework/src/Illuminate/Pipeline/Pipeline.php(219): Illuminate/Auth/Middleware/Authenticate->handle(Object(Illuminate/Http/Request), Object(Closure), 'api')
#12 E:/laravel_project/passport-api/vendor/laravel/framework/src/Illuminate/Pipeline/Pipeline.php(137): Illuminate/Pipeline/Pipeline->Illuminate/Pipeline/{closure}(Object(Illuminate/Http/Request))
#13 E:/laravel_project/passport-api/vendor/laravel/framework/src/Illuminate/Routing/Router.php(821): Illuminate/Pipeline/Pipeline->then(Object(Closure))
#14 E:/laravel_project/passport-api/vendor/laravel/framework/src/Illuminate/Routing/Router.php(800): Illuminate/Routing/Router->runRouteWithinStack(Object(Illuminate/Routing/Route), Object(Illuminate/Http/Request))
#15 E:/laravel_project/passport-api/vendor/laravel/framework/src/Illuminate/Routing/Router.php(764): Illuminate/Routing/Router->runRoute(Object(Illuminate/Http/Request), Object(Illuminate/Routing/Route))
#16 E:/laravel_project/passport-api/vendor/laravel/framework/src/Illuminate/Routing/Router.php(753): Illuminate/Routing/Router->dispatchToRoute(Object(Illuminate/Http/Request))
#17 E:/laravel_project/passport-api/vendor/laravel/framework/src/Illuminate/Foundation/Http/Kernel.php(200): Illuminate/Routing/Router->dispatch(Object(Illuminate/Http/Request))
#18 E:/laravel_project/passport-api/vendor/laravel/framework/src/Illuminate/Pipeline/Pipeline.php(180): Illuminate/Foundation/Http/Kernel->Illuminate/Foundation/Http/{closure}(Object(Illuminate/Http/Request))
#19 E:/laravel_project/passport-api/vendor/laravel/framework/src/Illuminate/Foundation/Http/Middleware/TransformsRequest.php(21): Illuminate/Pipeline/Pipeline->Illuminate/Pipeline/{closure}(Object(Illuminate/Http/Request))
#20 E:/laravel_project/passport-api/vendor/laravel/framework/src/Illuminate/Foundation/Http/Middleware/ConvertEmptyStringsToNull.php(31): Illuminate/Foundation/Http/Middleware/TransformsRequest->handle(Object(Illuminate/Http/Request), Object(Closure))
#21 E:/laravel_project/passport-api/vendor/laravel/framework/src/Illuminate/Pipeline/Pipeline.php(219): Illuminate/Foundation/Http/Middleware/ConvertEmptyStringsToNull->handle(Object(Illuminate/Http/Request), Object(Closure))
#22 E:/laravel_project/passport-api/vendor/laravel/framework/src/Illuminate/Foundation/Http/Middleware/TransformsRequest.php(21): Illuminate/Pipeline/Pipeline->Illuminate/Pipeline/{closure}(Object(Illuminate/Http/Request))
#23 E:/laravel_project/passport-api/vendor/laravel/framework/src/Illuminate/Foundation/Http/Middleware/TrimStrings.php(51): Illuminate/Foundation/Http/Middleware/TransformsRequest->handle(Object(Illuminate/Http/Request), Object(Closure))
#24 E:/laravel_project/passport-api/vendor/laravel/framework/src/Illuminate/Pipeline/Pipeline.php(219): Illuminate/Foundation/Http/Middleware/TrimStrings->handle(Object(Illuminate/Http/Request), Object(Closure))
#25 E:/laravel_project/passport-api/vendor/laravel/framework/src/Illuminate/Http/Middleware/ValidatePostSize.php(27): Illuminate/Pipeline/Pipeline->Illuminate/Pipeline/{closure}(Object(Illuminate/Http/Request))
#26 E:/laravel_project/passport-api/vendor/laravel/framework/src/Illuminate/Pipeline/Pipeline.php(219): Illuminate/Http/Middleware/ValidatePostSize->handle(Object(Illuminate/Http/Request), Object(Closure))
#27 E:/laravel_project/passport-api/vendor/laravel/framework/src/Illuminate/Foundation/Http/Middleware/PreventRequestsDuringMaintenance.php(109): Illuminate/Pipeline/Pipeline->Illuminate/Pipeline/{closure}(Object(Illuminate/Http/Request))
#28 E:/laravel_project/passport-api/vendor/laravel/framework/src/Illuminate/Pipeline/Pipeline.php(219): Illuminate/Foundation/Http/Middleware/PreventRequestsDuringMaintenance->handle(Object(Illuminate/Http/Request), Object(Closure))
#29 E:/laravel_project/passport-api/vendor/laravel/framework/src/Illuminate/Http/Middleware/HandleCors.php(74): Illuminate/Pipeline/Pipeline->Illuminate/Pipeline/{closure}(Object(Illuminate/Http/Request))
#30 E:/laravel_project/passport-api/vendor/laravel/framework/src/Illuminate/Pipeline/Pipeline.php(219): Illuminate/Http/Middleware/HandleCors->handle(Object(Illuminate/Http/Request), Object(Closure))
#31 E:/laravel_project/passport-api/vendor/laravel/framework/src/Illuminate/Http/Middleware/TrustProxies.php(58): Illuminate/Pipeline/Pipeline->Illuminate/Pipeline/{closure}(Object(Illuminate/Http/Request))
#32 E:/laravel_project/passport-api/vendor/laravel/framework/src/Illuminate/Pipeline/Pipeline.php(219): Illuminate/Http/Middleware/TrustProxies->handle(Object(Illuminate/Http/Request), Object(Closure))
#33 E:/laravel_project/passport-api/vendor/laravel/framework/src/Illuminate/Foundation/Http/Middleware/InvokeDeferredCallbacks.php(22): Illuminate/Pipeline/Pipeline->Illuminate/Pipeline/{closure}(Object(Illuminate/Http/Request))
#34 E:/laravel_project/passport-api/vendor/laravel/framework/src/Illuminate/Pipeline/Pipeline.php(219): Illuminate/Foundation/Http/Middleware/InvokeDeferredCallbacks->handle(Object(Illuminate/Http/Request), Object(Closure))
#35 E:/laravel_project/passport-api/vendor/laravel/framework/src/Illuminate/Http/Middleware/ValidatePathEncoding.php(26): Illuminate/Pipeline/Pipeline->Illuminate/Pipeline/{closure}(Object(Illuminate/Http/Request))
#36 E:/laravel_project/passport-api/vendor/laravel/framework/src/Illuminate/Pipeline/Pipeline.php(219): Illuminate/Http/Middleware/ValidatePathEncoding->handle(Object(Illuminate/Http/Request), Object(Closure))
#37 E:/laravel_project/passport-api/vendor/laravel/framework/src/Illuminate/Pipeline/Pipeline.php(137): Illuminate/Pipeline/Pipeline->Illuminate/Pipeline/{closure}(Object(Illuminate/Http/Request))
#38 E:/laravel_project/passport-api/vendor/laravel/framework/src/Illuminate/Foundation/Http/Kernel.php(175): Illuminate/Pipeline/Pipeline->then(Object(Closure))
#39 E:/laravel_project/passport-api/vendor/laravel/framework/src/Illuminate/Foundation/Http/Kernel.php(144): Illuminate/Foundation/Http/Kernel->sendRequestThroughRouter(Object(Illuminate/Http/Request))
#40 E:/laravel_project/passport-api/vendor/laravel/framework/src/Illuminate/Foundation/Application.php(1220): Illuminate/Foundation/Http/Kernel->handle(Object(Illuminate/Http/Request))
#41 E:/laravel_project/passport-api/public/index.php(20): Illuminate/Foundation/Application->handleRequest(Object(Illuminate/Http/Request))
#42 E:/laravel_project/passport-api/vendor/laravel/framework/src/Illuminate/Foundation/resources/server.php(23): require_once('E://laravel_proj...')
#43 {main}
"} 
[2026-03-27 10:15:20] local.ERROR: The resource owner or authorization server denied the request. {"exception":"[object] (League\\OAuth2\\Server\\Exception\\OAuthServerException(code: 9): The resource owner or authorization server denied the request. at E:/laravel_project/passport-api/vendor/league/oauth2-server/src/Exception/OAuthServerException.php:171)
[stacktrace]
#0 E:/laravel_project/passport-api/vendor/league/oauth2-server/src/AuthorizationValidators/BearerTokenValidator.php(126): League/OAuth2/Server/Exception/OAuthServerException::accessDenied('Access token ha...')
#1 E:/laravel_project/passport-api/vendor/league/oauth2-server/src/ResourceServer.php(56): League/OAuth2/Server/AuthorizationValidators/BearerTokenValidator->validateAuthorization(Object(GuzzleHttp/Psr7/ServerRequest))
#2 E:/laravel_project/passport-api/vendor/laravel/passport/src/Guards/TokenGuard.php(172): League/OAuth2/Server/ResourceServer->validateAuthenticatedRequest(Object(GuzzleHttp/Psr7/ServerRequest))
#3 E:/laravel_project/passport-api/vendor/laravel/passport/src/Guards/TokenGuard.php(128): Laravel/Passport/Guards/TokenGuard->getPsrRequestViaBearerToken()
#4 E:/laravel_project/passport-api/vendor/laravel/passport/src/Guards/TokenGuard.php(69): Laravel/Passport/Guards/TokenGuard->authenticateViaBearerToken()
#5 E:/laravel_project/passport-api/vendor/laravel/framework/src/Illuminate/Auth/GuardHelpers.php(56): Laravel/Passport/Guards/TokenGuard->user()
#6 E:/laravel_project/passport-api/vendor/laravel/framework/src/Illuminate/Auth/Middleware/Authenticate.php(82): Laravel/Passport/Guards/TokenGuard->check()
#7 E:/laravel_project/passport-api/vendor/laravel/framework/src/Illuminate/Auth/Middleware/Authenticate.php(61): Illuminate/Auth/Middleware/Authenticate->authenticate(Object(Illuminate/Http/Request), Array)
#8 E:/laravel_project/passport-api/vendor/laravel/framework/src/Illuminate/Pipeline/Pipeline.php(219): Illuminate/Auth/Middleware/Authenticate->handle(Object(Illuminate/Http/Request), Object(Closure), 'api')
#9 E:/laravel_project/passport-api/vendor/laravel/framework/src/Illuminate/Pipeline/Pipeline.php(137): Illuminate/Pipeline/Pipeline->Illuminate/Pipeline/{closure}(Object(Illuminate/Http/Request))
#10 E:/laravel_project/passport-api/vendor/laravel/framework/src/Illuminate/Routing/Router.php(821): Illuminate/Pipeline/Pipeline->then(Object(Closure))
#11 E:/laravel_project/passport-api/vendor/laravel/framework/src/Illuminate/Routing/Router.php(800): Illuminate/Routing/Router->runRouteWithinStack(Object(Illuminate/Routing/Route), Object(Illuminate/Http/Request))
#12 E:/laravel_project/passport-api/vendor/laravel/framework/src/Illuminate/Routing/Router.php(764): Illuminate/Routing/Router->runRoute(Object(Illuminate/Http/Request), Object(Illuminate/Routing/Route))
#13 E:/laravel_project/passport-api/vendor/laravel/framework/src/Illuminate/Routing/Router.php(753): Illuminate/Routing/Router->dispatchToRoute(Object(Illuminate/Http/Request))
#14 E:/laravel_project/passport-api/vendor/laravel/framework/src/Illuminate/Foundation/Http/Kernel.php(200): Illuminate/Routing/Router->dispatch(Object(Illuminate/Http/Request))
#15 E:/laravel_project/passport-api/vendor/laravel/framework/src/Illuminate/Pipeline/Pipeline.php(180): Illuminate/Foundation/Http/Kernel->Illuminate/Foundation/Http/{closure}(Object(Illuminate/Http/Request))
#16 E:/laravel_project/passport-api/vendor/laravel/framework/src/Illuminate/Foundation/Http/Middleware/TransformsRequest.php(21): Illuminate/Pipeline/Pipeline->Illuminate/Pipeline/{closure}(Object(Illuminate/Http/Request))
#17 E:/laravel_project/passport-api/vendor/laravel/framework/src/Illuminate/Foundation/Http/Middleware/ConvertEmptyStringsToNull.php(31): Illuminate/Foundation/Http/Middleware/TransformsRequest->handle(Object(Illuminate/Http/Request), Object(Closure))
#18 E:/laravel_project/passport-api/vendor/laravel/framework/src/Illuminate/Pipeline/Pipeline.php(219): Illuminate/Foundation/Http/Middleware/ConvertEmptyStringsToNull->handle(Object(Illuminate/Http/Request), Object(Closure))
#19 E:/laravel_project/passport-api/vendor/laravel/framework/src/Illuminate/Foundation/Http/Middleware/TransformsRequest.php(21): Illuminate/Pipeline/Pipeline->Illuminate/Pipeline/{closure}(Object(Illuminate/Http/Request))
#20 E:/laravel_project/passport-api/vendor/laravel/framework/src/Illuminate/Foundation/Http/Middleware/TrimStrings.php(51): Illuminate/Foundation/Http/Middleware/TransformsRequest->handle(Object(Illuminate/Http/Request), Object(Closure))
#21 E:/laravel_project/passport-api/vendor/laravel/framework/src/Illuminate/Pipeline/Pipeline.php(219): Illuminate/Foundation/Http/Middleware/TrimStrings->handle(Object(Illuminate/Http/Request), Object(Closure))
#22 E:/laravel_project/passport-api/vendor/laravel/framework/src/Illuminate/Http/Middleware/ValidatePostSize.php(27): Illuminate/Pipeline/Pipeline->Illuminate/Pipeline/{closure}(Object(Illuminate/Http/Request))
#23 E:/laravel_project/passport-api/vendor/laravel/framework/src/Illuminate/Pipeline/Pipeline.php(219): Illuminate/Http/Middleware/ValidatePostSize->handle(Object(Illuminate/Http/Request), Object(Closure))
#24 E:/laravel_project/passport-api/vendor/laravel/framework/src/Illuminate/Foundation/Http/Middleware/PreventRequestsDuringMaintenance.php(109): Illuminate/Pipeline/Pipeline->Illuminate/Pipeline/{closure}(Object(Illuminate/Http/Request))
#25 E:/laravel_project/passport-api/vendor/laravel/framework/src/Illuminate/Pipeline/Pipeline.php(219): Illuminate/Foundation/Http/Middleware/PreventRequestsDuringMaintenance->handle(Object(Illuminate/Http/Request), Object(Closure))
#26 E:/laravel_project/passport-api/vendor/laravel/framework/src/Illuminate/Http/Middleware/HandleCors.php(74): Illuminate/Pipeline/Pipeline->Illuminate/Pipeline/{closure}(Object(Illuminate/Http/Request))
#27 E:/laravel_project/passport-api/vendor/laravel/framework/src/Illuminate/Pipeline/Pipeline.php(219): Illuminate/Http/Middleware/HandleCors->handle(Object(Illuminate/Http/Request), Object(Closure))
#28 E:/laravel_project/passport-api/vendor/laravel/framework/src/Illuminate/Http/Middleware/TrustProxies.php(58): Illuminate/Pipeline/Pipeline->Illuminate/Pipeline/{closure}(Object(Illuminate/Http/Request))
#29 E:/laravel_project/passport-api/vendor/laravel/framework/src/Illuminate/Pipeline/Pipeline.php(219): Illuminate/Http/Middleware/TrustProxies->handle(Object(Illuminate/Http/Request), Object(Closure))
#30 E:/laravel_project/passport-api/vendor/laravel/framework/src/Illuminate/Foundation/Http/Middleware/InvokeDeferredCallbacks.php(22): Illuminate/Pipeline/Pipeline->Illuminate/Pipeline/{closure}(Object(Illuminate/Http/Request))
#31 E:/laravel_project/passport-api/vendor/laravel/framework/src/Illuminate/Pipeline/Pipeline.php(219): Illuminate/Foundation/Http/Middleware/InvokeDeferredCallbacks->handle(Object(Illuminate/Http/Request), Object(Closure))
#32 E:/laravel_project/passport-api/vendor/laravel/framework/src/Illuminate/Http/Middleware/ValidatePathEncoding.php(26): Illuminate/Pipeline/Pipeline->Illuminate/Pipeline/{closure}(Object(Illuminate/Http/Request))
#33 E:/laravel_project/passport-api/vendor/laravel/framework/src/Illuminate/Pipeline/Pipeline.php(219): Illuminate/Http/Middleware/ValidatePathEncoding->handle(Object(Illuminate/Http/Request), Object(Closure))
#34 E:/laravel_project/passport-api/vendor/laravel/framework/src/Illuminate/Pipeline/Pipeline.php(137): Illuminate/Pipeline/Pipeline->Illuminate/Pipeline/{closure}(Object(Illuminate/Http/Request))
#35 E:/laravel_project/passport-api/vendor/laravel/framework/src/Illuminate/Foundation/Http/Kernel.php(175): Illuminate/Pipeline/Pipeline->then(Object(Closure))
#36 E:/laravel_project/passport-api/vendor/laravel/framework/src/Illuminate/Foundation/Http/Kernel.php(144): Illuminate/Foundation/Http/Kernel->sendRequestThroughRouter(Object(Illuminate/Http/Request))
#37 E:/laravel_project/passport-api/vendor/laravel/framework/src/Illuminate/Foundation/Application.php(1220): Illuminate/Foundation/Http/Kernel->handle(Object(Illuminate/Http/Request))
#38 E:/laravel_project/passport-api/public/index.php(20): Illuminate/Foundation/Application->handleRequest(Object(Illuminate/Http/Request))
#39 E:/laravel_project/passport-api/vendor/laravel/framework/src/Illuminate/Foundation/resources/server.php(23): require_once('E://laravel_proj...')
#40 {main}
"} 
